base_topology,labeling_id,circuit_family,logical_qubits,optimization_level,transpiler_seed,output_two_qubit_depth,baseline_two_qubit_depth,two_qubit_depth_penalty
line_27,identity,qft,4,0,11,27,10,2.7
line_27,identity,qft,4,0,22,22,10,2.2
line_27,identity,qft,4,0,33,21,10,2.1
line_27,identity,qft,4,0,44,22,10,2.2
line_27,identity,qft,4,0,55,21,10,2.1
line_27,identity,qft,4,1,11,19,10,1.9
line_27,identity,qft,4,1,22,19,10,1.9
line_27,identity,qft,4,1,33,19,10,1.9
line_27,identity,qft,4,1,44,19,10,1.9
line_27,identity,qft,4,1,55,19,10,1.9
line_27,identity,qft,4,3,11,15,10,1.5
line_27,identity,qft,4,3,22,17,10,1.7
line_27,identity,qft,4,3,33,15,10,1.5
line_27,identity,qft,4,3,44,17,10,1.7
line_27,identity,qft,4,3,55,17,10,1.7
line_27,identity,qft,8,0,11,84,26,3.230769230769231
line_27,identity,qft,8,0,22,83,26,3.1923076923076925
line_27,identity,qft,8,0,33,77,26,2.9615384615384617
line_27,identity,qft,8,0,44,75,26,2.8846153846153846
line_27,identity,qft,8,0,55,77,26,2.9615384615384617
line_27,identity,qft,8,1,11,63,26,2.423076923076923
line_27,identity,qft,8,1,22,68,26,2.6153846153846154
line_27,identity,qft,8,1,33,70,26,2.6923076923076925
line_27,identity,qft,8,1,44,63,26,2.423076923076923
line_27,identity,qft,8,1,55,63,26,2.423076923076923
line_27,identity,qft,8,3,11,52,26,2.0
line_27,identity,qft,8,3,22,52,26,2.0
line_27,identity,qft,8,3,33,57,26,2.1923076923076925
line_27,identity,qft,8,3,44,49,26,1.8846153846153846
line_27,identity,qft,8,3,55,55,26,2.1153846153846154
line_27,identity,qft,12,0,11,148,42,3.5238095238095237
line_27,identity,qft,12,0,22,134,42,3.1904761904761907
line_27,identity,qft,12,0,33,171,42,4.071428571428571
line_27,identity,qft,12,0,44,160,42,3.8095238095238093
line_27,identity,qft,12,0,55,165,42,3.9285714285714284
line_27,identity,qft,12,1,11,119,42,2.8333333333333335
line_27,identity,qft,12,1,22,113,42,2.6904761904761907
line_27,identity,qft,12,1,33,115,42,2.738095238095238
line_27,identity,qft,12,1,44,109,42,2.5952380952380953
line_27,identity,qft,12,1,55,117,42,2.7857142857142856
line_27,identity,qft,12,3,11,91,42,2.1666666666666665
line_27,identity,qft,12,3,22,93,42,2.2142857142857144
line_27,identity,qft,12,3,33,94,42,2.238095238095238
line_27,identity,qft,12,3,44,91,42,2.1666666666666665
line_27,identity,qft,12,3,55,97,42,2.3095238095238093
line_27,identity,qft,16,0,11,224,58,3.8620689655172415
line_27,identity,qft,16,0,22,254,58,4.379310344827586
line_27,identity,qft,16,0,33,253,58,4.362068965517241
line_27,identity,qft,16,0,44,228,58,3.9310344827586206
line_27,identity,qft,16,0,55,225,58,3.8793103448275863
line_27,identity,qft,16,1,11,171,58,2.9482758620689653
line_27,identity,qft,16,1,22,166,58,2.8620689655172415
line_27,identity,qft,16,1,33,173,58,2.9827586206896552
line_27,identity,qft,16,1,44,164,58,2.8275862068965516
line_27,identity,qft,16,1,55,165,58,2.8448275862068964
line_27,identity,qft,16,3,11,133,58,2.293103448275862
line_27,identity,qft,16,3,22,131,58,2.2586206896551726
line_27,identity,qft,16,3,33,125,58,2.1551724137931036
line_27,identity,qft,16,3,44,125,58,2.1551724137931036
line_27,identity,qft,16,3,55,115,58,1.9827586206896552
line_27,identity,qft,20,0,11,296,74,4.0
line_27,identity,qft,20,0,22,303,74,4.094594594594595
line_27,identity,qft,20,0,33,297,74,4.013513513513513
line_27,identity,qft,20,0,44,333,74,4.5
line_27,identity,qft,20,0,55,270,74,3.6486486486486487
line_27,identity,qft,20,1,11,227,74,3.0675675675675675
line_27,identity,qft,20,1,22,211,74,2.8513513513513513
line_27,identity,qft,20,1,33,211,74,2.8513513513513513
line_27,identity,qft,20,1,44,215,74,2.9054054054054053
line_27,identity,qft,20,1,55,223,74,3.0135135135135136
line_27,identity,qft,20,3,11,151,74,2.0405405405405403
line_27,identity,qft,20,3,22,176,74,2.3783783783783785
line_27,identity,qft,20,3,33,177,74,2.391891891891892
line_27,identity,qft,20,3,44,169,74,2.2837837837837838
line_27,identity,qft,20,3,55,152,74,2.054054054054054
line_27,identity,qft,24,0,11,390,90,4.333333333333333
line_27,identity,qft,24,0,22,390,90,4.333333333333333
line_27,identity,qft,24,0,33,427,90,4.7444444444444445
line_27,identity,qft,24,0,44,378,90,4.2
line_27,identity,qft,24,0,55,375,90,4.166666666666667
line_27,identity,qft,24,1,11,278,90,3.088888888888889
line_27,identity,qft,24,1,22,275,90,3.0555555555555554
line_27,identity,qft,24,1,33,267,90,2.966666666666667
line_27,identity,qft,24,1,44,265,90,2.9444444444444446
line_27,identity,qft,24,1,55,253,90,2.811111111111111
line_27,identity,qft,24,3,11,180,90,2.0
line_27,identity,qft,24,3,22,187,90,2.077777777777778
line_27,identity,qft,24,3,33,232,90,2.577777777777778
line_27,identity,qft,24,3,44,215,90,2.388888888888889
line_27,identity,qft,24,3,55,210,90,2.3333333333333335
line_27,identity,ghz_chain,4,0,11,3,3,1.0
line_27,identity,ghz_chain,4,0,22,3,3,1.0
line_27,identity,ghz_chain,4,0,33,3,3,1.0
line_27,identity,ghz_chain,4,0,44,3,3,1.0
line_27,identity,ghz_chain,4,0,55,3,3,1.0
line_27,identity,ghz_chain,4,1,11,3,3,1.0
line_27,identity,ghz_chain,4,1,22,3,3,1.0
line_27,identity,ghz_chain,4,1,33,3,3,1.0
line_27,identity,ghz_chain,4,1,44,3,3,1.0
line_27,identity,ghz_chain,4,1,55,3,3,1.0
line_27,identity,ghz_chain,4,3,11,3,3,1.0
line_27,identity,ghz_chain,4,3,22,3,3,1.0
line_27,identity,ghz_chain,4,3,33,3,3,1.0
line_27,identity,ghz_chain,4,3,44,3,3,1.0
line_27,identity,ghz_chain,4,3,55,3,3,1.0
line_27,identity,ghz_chain,8,0,11,7,7,1.0
line_27,identity,ghz_chain,8,0,22,7,7,1.0
line_27,identity,ghz_chain,8,0,33,7,7,1.0
line_27,identity,ghz_chain,8,0,44,7,7,1.0
line_27,identity,ghz_chain,8,0,55,7,7,1.0
line_27,identity,ghz_chain,8,1,11,7,7,1.0
line_27,identity,ghz_chain,8,1,22,7,7,1.0
line_27,identity,ghz_chain,8,1,33,7,7,1.0
line_27,identity,ghz_chain,8,1,44,7,7,1.0
line_27,identity,ghz_chain,8,1,55,7,7,1.0
line_27,identity,ghz_chain,8,3,11,7,7,1.0
line_27,identity,ghz_chain,8,3,22,7,7,1.0
line_27,identity,ghz_chain,8,3,33,7,7,1.0
line_27,identity,ghz_chain,8,3,44,7,7,1.0
line_27,identity,ghz_chain,8,3,55,7,7,1.0
line_27,identity,ghz_chain,12,0,11,11,11,1.0
line_27,identity,ghz_chain,12,0,22,11,11,1.0
line_27,identity,ghz_chain,12,0,33,11,11,1.0
line_27,identity,ghz_chain,12,0,44,11,11,1.0
line_27,identity,ghz_chain,12,0,55,11,11,1.0
line_27,identity,ghz_chain,12,1,11,11,11,1.0
line_27,identity,ghz_chain,12,1,22,11,11,1.0
line_27,identity,ghz_chain,12,1,33,11,11,1.0
line_27,identity,ghz_chain,12,1,44,11,11,1.0
line_27,identity,ghz_chain,12,1,55,11,11,1.0
line_27,identity,ghz_chain,12,3,11,11,11,1.0
line_27,identity,ghz_chain,12,3,22,11,11,1.0
line_27,identity,ghz_chain,12,3,33,11,11,1.0
line_27,identity,ghz_chain,12,3,44,11,11,1.0
line_27,identity,ghz_chain,12,3,55,11,11,1.0
line_27,identity,ghz_chain,16,0,11,15,15,1.0
line_27,identity,ghz_chain,16,0,22,15,15,1.0
line_27,identity,ghz_chain,16,0,33,15,15,1.0
line_27,identity,ghz_chain,16,0,44,15,15,1.0
line_27,identity,ghz_chain,16,0,55,15,15,1.0
line_27,identity,ghz_chain,16,1,11,15,15,1.0
line_27,identity,ghz_chain,16,1,22,15,15,1.0
line_27,identity,ghz_chain,16,1,33,15,15,1.0
line_27,identity,ghz_chain,16,1,44,15,15,1.0
line_27,identity,ghz_chain,16,1,55,15,15,1.0
line_27,identity,ghz_chain,16,3,11,15,15,1.0
line_27,identity,ghz_chain,16,3,22,15,15,1.0
line_27,identity,ghz_chain,16,3,33,15,15,1.0
line_27,identity,ghz_chain,16,3,44,15,15,1.0
line_27,identity,ghz_chain,16,3,55,15,15,1.0
line_27,identity,ghz_chain,20,0,11,19,19,1.0
line_27,identity,ghz_chain,20,0,22,19,19,1.0
line_27,identity,ghz_chain,20,0,33,19,19,1.0
line_27,identity,ghz_chain,20,0,44,19,19,1.0
line_27,identity,ghz_chain,20,0,55,19,19,1.0
line_27,identity,ghz_chain,20,1,11,19,19,1.0
line_27,identity,ghz_chain,20,1,22,19,19,1.0
line_27,identity,ghz_chain,20,1,33,19,19,1.0
line_27,identity,ghz_chain,20,1,44,19,19,1.0
line_27,identity,ghz_chain,20,1,55,19,19,1.0
line_27,identity,ghz_chain,20,3,11,19,19,1.0
line_27,identity,ghz_chain,20,3,22,19,19,1.0
line_27,identity,ghz_chain,20,3,33,19,19,1.0
line_27,identity,ghz_chain,20,3,44,19,19,1.0
line_27,identity,ghz_chain,20,3,55,19,19,1.0
line_27,identity,ghz_chain,24,0,11,23,23,1.0
line_27,identity,ghz_chain,24,0,22,23,23,1.0
line_27,identity,ghz_chain,24,0,33,23,23,1.0
line_27,identity,ghz_chain,24,0,44,23,23,1.0
line_27,identity,ghz_chain,24,0,55,23,23,1.0
line_27,identity,ghz_chain,24,1,11,23,23,1.0
line_27,identity,ghz_chain,24,1,22,23,23,1.0
line_27,identity,ghz_chain,24,1,33,23,23,1.0
line_27,identity,ghz_chain,24,1,44,23,23,1.0
line_27,identity,ghz_chain,24,1,55,23,23,1.0
line_27,identity,ghz_chain,24,3,11,23,23,1.0
line_27,identity,ghz_chain,24,3,22,23,23,1.0
line_27,identity,ghz_chain,24,3,33,23,23,1.0
line_27,identity,ghz_chain,24,3,44,23,23,1.0
line_27,identity,ghz_chain,24,3,55,23,23,1.0
line_27,identity,ghz_star,4,0,11,9,3,3.0
line_27,identity,ghz_star,4,0,22,9,3,3.0
line_27,identity,ghz_star,4,0,33,9,3,3.0
line_27,identity,ghz_star,4,0,44,9,3,3.0
line_27,identity,ghz_star,4,0,55,9,3,3.0
line_27,identity,ghz_star,4,1,11,6,3,2.0
line_27,identity,ghz_star,4,1,22,6,3,2.0
line_27,identity,ghz_star,4,1,33,6,3,2.0
line_27,identity,ghz_star,4,1,44,6,3,2.0
line_27,identity,ghz_star,4,1,55,6,3,2.0
line_27,identity,ghz_star,4,3,11,4,3,1.3333333333333333
line_27,identity,ghz_star,4,3,22,6,3,2.0
line_27,identity,ghz_star,4,3,33,4,3,1.3333333333333333
line_27,identity,ghz_star,4,3,44,4,3,1.3333333333333333
line_27,identity,ghz_star,4,3,55,5,3,1.6666666666666667
line_27,identity,ghz_star,8,0,11,28,7,4.0
line_27,identity,ghz_star,8,0,22,25,7,3.5714285714285716
line_27,identity,ghz_star,8,0,33,26,7,3.7142857142857144
line_27,identity,ghz_star,8,0,44,25,7,3.5714285714285716
line_27,identity,ghz_star,8,0,55,28,7,4.0
line_27,identity,ghz_star,8,1,11,22,7,3.142857142857143
line_27,identity,ghz_star,8,1,22,22,7,3.142857142857143
line_27,identity,ghz_star,8,1,33,22,7,3.142857142857143
line_27,identity,ghz_star,8,1,44,22,7,3.142857142857143
line_27,identity,ghz_star,8,1,55,22,7,3.142857142857143
line_27,identity,ghz_star,8,3,11,16,7,2.2857142857142856
line_27,identity,ghz_star,8,3,22,12,7,1.7142857142857142
line_27,identity,ghz_star,8,3,33,12,7,1.7142857142857142
line_27,identity,ghz_star,8,3,44,16,7,2.2857142857142856
line_27,identity,ghz_star,8,3,55,12,7,1.7142857142857142
line_27,identity,ghz_star,12,0,11,46,11,4.181818181818182
line_27,identity,ghz_star,12,0,22,44,11,4.0
line_27,identity,ghz_star,12,0,33,44,11,4.0
line_27,identity,ghz_star,12,0,44,44,11,4.0
line_27,identity,ghz_star,12,0,55,50,11,4.545454545454546
line_27,identity,ghz_star,12,1,11,38,11,3.4545454545454546
line_27,identity,ghz_star,12,1,22,38,11,3.4545454545454546
line_27,identity,ghz_star,12,1,33,38,11,3.4545454545454546
line_27,identity,ghz_star,12,1,44,38,11,3.4545454545454546
line_27,identity,ghz_star,12,1,55,38,11,3.4545454545454546
line_27,identity,ghz_star,12,3,11,20,11,1.8181818181818181
line_27,identity,ghz_star,12,3,22,24,11,2.1818181818181817
line_27,identity,ghz_star,12,3,33,20,11,1.8181818181818181
line_27,identity,ghz_star,12,3,44,20,11,1.8181818181818181
line_27,identity,ghz_star,12,3,55,20,11,1.8181818181818181
line_27,identity,ghz_star,16,0,11,68,15,4.533333333333333
line_27,identity,ghz_star,16,0,22,63,15,4.2
line_27,identity,ghz_star,16,0,33,63,15,4.2
line_27,identity,ghz_star,16,0,44,68,15,4.533333333333333
line_27,identity,ghz_star,16,0,55,68,15,4.533333333333333
line_27,identity,ghz_star,16,1,11,54,15,3.6
line_27,identity,ghz_star,16,1,22,54,15,3.6
line_27,identity,ghz_star,16,1,33,54,15,3.6
line_27,identity,ghz_star,16,1,44,54,15,3.6
line_27,identity,ghz_star,16,1,55,54,15,3.6
line_27,identity,ghz_star,16,3,11,28,15,1.8666666666666667
line_27,identity,ghz_star,16,3,22,28,15,1.8666666666666667
line_27,identity,ghz_star,16,3,33,28,15,1.8666666666666667
line_27,identity,ghz_star,16,3,44,28,15,1.8666666666666667
line_27,identity,ghz_star,16,3,55,28,15,1.8666666666666667
line_27,identity,ghz_star,20,0,11,87,19,4.578947368421052
line_27,identity,ghz_star,20,0,22,79,19,4.157894736842105
line_27,identity,ghz_star,20,0,33,79,19,4.157894736842105
line_27,identity,ghz_star,20,0,44,91,19,4.7894736842105265
line_27,identity,ghz_star,20,0,55,89,19,4.684210526315789
line_27,identity,ghz_star,20,1,11,70,19,3.6842105263157894
line_27,identity,ghz_star,20,1,22,70,19,3.6842105263157894
line_27,identity,ghz_star,20,1,33,70,19,3.6842105263157894
line_27,identity,ghz_star,20,1,44,70,19,3.6842105263157894
line_27,identity,ghz_star,20,1,55,70,19,3.6842105263157894
line_27,identity,ghz_star,20,3,11,40,19,2.1052631578947367
line_27,identity,ghz_star,20,3,22,40,19,2.1052631578947367
line_27,identity,ghz_star,20,3,33,36,19,1.894736842105263
line_27,identity,ghz_star,20,3,44,36,19,1.894736842105263
line_27,identity,ghz_star,20,3,55,36,19,1.894736842105263
line_27,identity,ghz_star,24,0,11,103,23,4.478260869565218
line_27,identity,ghz_star,24,0,22,98,23,4.260869565217392
line_27,identity,ghz_star,24,0,33,95,23,4.130434782608695
line_27,identity,ghz_star,24,0,44,107,23,4.6521739130434785
line_27,identity,ghz_star,24,0,55,112,23,4.869565217391305
line_27,identity,ghz_star,24,1,11,86,23,3.739130434782609
line_27,identity,ghz_star,24,1,22,86,23,3.739130434782609
line_27,identity,ghz_star,24,1,33,86,23,3.739130434782609
line_27,identity,ghz_star,24,1,44,86,23,3.739130434782609
line_27,identity,ghz_star,24,1,55,86,23,3.739130434782609
line_27,identity,ghz_star,24,3,11,48,23,2.0869565217391304
line_27,identity,ghz_star,24,3,22,48,23,2.0869565217391304
line_27,identity,ghz_star,24,3,33,48,23,2.0869565217391304
line_27,identity,ghz_star,24,3,44,48,23,2.0869565217391304
line_27,identity,ghz_star,24,3,55,48,23,2.0869565217391304
line_27,identity,efficient_su2,4,0,11,29,8,3.625
line_27,identity,efficient_su2,4,0,22,28,8,3.5
line_27,identity,efficient_su2,4,0,33,27,8,3.375
line_27,identity,efficient_su2,4,0,44,30,8,3.75
line_27,identity,efficient_su2,4,0,55,26,8,3.25
line_27,identity,efficient_su2,4,1,11,18,8,2.25
line_27,identity,efficient_su2,4,1,22,17,8,2.125
line_27,identity,efficient_su2,4,1,33,17,8,2.125
line_27,identity,efficient_su2,4,1,44,17,8,2.125
line_27,identity,efficient_su2,4,1,55,17,8,2.125
line_27,identity,efficient_su2,4,3,11,14,8,1.75
line_27,identity,efficient_su2,4,3,22,16,8,2.0
line_27,identity,efficient_su2,4,3,33,14,8,1.75
line_27,identity,efficient_su2,4,3,44,14,8,1.75
line_27,identity,efficient_su2,4,3,55,14,8,1.75
line_27,identity,efficient_su2,8,0,11,69,16,4.3125
line_27,identity,efficient_su2,8,0,22,69,16,4.3125
line_27,identity,efficient_su2,8,0,33,53,16,3.3125
line_27,identity,efficient_su2,8,0,44,64,16,4.0
line_27,identity,efficient_su2,8,0,55,70,16,4.375
line_27,identity,efficient_su2,8,1,11,50,16,3.125
line_27,identity,efficient_su2,8,1,22,50,16,3.125
line_27,identity,efficient_su2,8,1,33,50,16,3.125
line_27,identity,efficient_su2,8,1,44,50,16,3.125
line_27,identity,efficient_su2,8,1,55,50,16,3.125
line_27,identity,efficient_su2,8,3,11,46,16,2.875
line_27,identity,efficient_su2,8,3,22,46,16,2.875
line_27,identity,efficient_su2,8,3,33,46,16,2.875
line_27,identity,efficient_su2,8,3,44,46,16,2.875
line_27,identity,efficient_su2,8,3,55,46,16,2.875
line_27,identity,efficient_su2,12,0,11,103,24,4.291666666666667
line_27,identity,efficient_su2,12,0,22,103,24,4.291666666666667
line_27,identity,efficient_su2,12,0,33,105,24,4.375
line_27,identity,efficient_su2,12,0,44,102,24,4.25
line_27,identity,efficient_su2,12,0,55,108,24,4.5
line_27,identity,efficient_su2,12,1,11,82,24,3.4166666666666665
line_27,identity,efficient_su2,12,1,22,82,24,3.4166666666666665
line_27,identity,efficient_su2,12,1,33,82,24,3.4166666666666665
line_27,identity,efficient_su2,12,1,44,82,24,3.4166666666666665
line_27,identity,efficient_su2,12,1,55,82,24,3.4166666666666665
line_27,identity,efficient_su2,12,3,11,78,24,3.25
line_27,identity,efficient_su2,12,3,22,78,24,3.25
line_27,identity,efficient_su2,12,3,33,78,24,3.25
line_27,identity,efficient_su2,12,3,44,78,24,3.25
line_27,identity,efficient_su2,12,3,55,78,24,3.25
line_27,identity,efficient_su2,16,0,11,147,32,4.59375
line_27,identity,efficient_su2,16,0,22,131,32,4.09375
line_27,identity,efficient_su2,16,0,33,137,32,4.28125
line_27,identity,efficient_su2,16,0,44,134,32,4.1875
line_27,identity,efficient_su2,16,0,55,132,32,4.125
line_27,identity,efficient_su2,16,1,11,114,32,3.5625
line_27,identity,efficient_su2,16,1,22,114,32,3.5625
line_27,identity,efficient_su2,16,1,33,114,32,3.5625
line_27,identity,efficient_su2,16,1,44,114,32,3.5625
line_27,identity,efficient_su2,16,1,55,114,32,3.5625
line_27,identity,efficient_su2,16,3,11,110,32,3.4375
line_27,identity,efficient_su2,16,3,22,110,32,3.4375
line_27,identity,efficient_su2,16,3,33,110,32,3.4375
line_27,identity,efficient_su2,16,3,44,110,32,3.4375
line_27,identity,efficient_su2,16,3,55,110,32,3.4375
line_27,identity,efficient_su2,20,0,11,179,40,4.475
line_27,identity,efficient_su2,20,0,22,178,40,4.45
line_27,identity,efficient_su2,20,0,33,188,40,4.7
line_27,identity,efficient_su2,20,0,44,169,40,4.225
line_27,identity,efficient_su2,20,0,55,178,40,4.45
line_27,identity,efficient_su2,20,1,11,146,40,3.65
line_27,identity,efficient_su2,20,1,22,146,40,3.65
line_27,identity,efficient_su2,20,1,33,146,40,3.65
line_27,identity,efficient_su2,20,1,44,146,40,3.65
line_27,identity,efficient_su2,20,1,55,146,40,3.65
line_27,identity,efficient_su2,20,3,11,142,40,3.55
line_27,identity,efficient_su2,20,3,22,142,40,3.55
line_27,identity,efficient_su2,20,3,33,142,40,3.55
line_27,identity,efficient_su2,20,3,44,142,40,3.55
line_27,identity,efficient_su2,20,3,55,142,40,3.55
line_27,identity,efficient_su2,24,0,11,197,48,4.104166666666667
line_27,identity,efficient_su2,24,0,22,222,48,4.625
line_27,identity,efficient_su2,24,0,33,222,48,4.625
line_27,identity,efficient_su2,24,0,44,206,48,4.291666666666667
line_27,identity,efficient_su2,24,0,55,219,48,4.5625
line_27,identity,efficient_su2,24,1,11,187,48,3.8958333333333335
line_27,identity,efficient_su2,24,1,22,187,48,3.8958333333333335
line_27,identity,efficient_su2,24,1,33,187,48,3.8958333333333335
line_27,identity,efficient_su2,24,1,44,187,48,3.8958333333333335
line_27,identity,efficient_su2,24,1,55,187,48,3.8958333333333335
line_27,identity,efficient_su2,24,3,11,179,48,3.7291666666666665
line_27,identity,efficient_su2,24,3,22,178,48,3.7083333333333335
line_27,identity,efficient_su2,24,3,33,175,48,3.6458333333333335
line_27,identity,efficient_su2,24,3,44,175,48,3.6458333333333335
line_27,identity,efficient_su2,24,3,55,179,48,3.7291666666666665
line_27,stored,qft,4,0,11,61,10,6.1
line_27,stored,qft,4,0,22,63,10,6.3
line_27,stored,qft,4,0,33,58,10,5.8
line_27,stored,qft,4,0,44,63,10,6.3
line_27,stored,qft,4,0,55,58,10,5.8
line_27,stored,qft,4,1,11,19,10,1.9
line_27,stored,qft,4,1,22,19,10,1.9
line_27,stored,qft,4,1,33,19,10,1.9
line_27,stored,qft,4,1,44,19,10,1.9
line_27,stored,qft,4,1,55,19,10,1.9
line_27,stored,qft,4,3,11,15,10,1.5
line_27,stored,qft,4,3,22,15,10,1.5
line_27,stored,qft,4,3,33,15,10,1.5
line_27,stored,qft,4,3,44,17,10,1.7
line_27,stored,qft,4,3,55,15,10,1.5
line_27,stored,qft,8,0,11,192,26,7.384615384615385
line_27,stored,qft,8,0,22,178,26,6.846153846153846
line_27,stored,qft,8,0,33,174,26,6.6923076923076925
line_27,stored,qft,8,0,44,179,26,6.884615384615385
line_27,stored,qft,8,0,55,187,26,7.1923076923076925
line_27,stored,qft,8,1,11,63,26,2.423076923076923
line_27,stored,qft,8,1,22,68,26,2.6153846153846154
line_27,stored,qft,8,1,33,70,26,2.6923076923076925
line_27,stored,qft,8,1,44,63,26,2.423076923076923
line_27,stored,qft,8,1,55,67,26,2.576923076923077
line_27,stored,qft,8,3,11,52,26,2.0
line_27,stored,qft,8,3,22,49,26,1.8846153846153846
line_27,stored,qft,8,3,33,57,26,2.1923076923076925
line_27,stored,qft,8,3,44,49,26,1.8846153846153846
line_27,stored,qft,8,3,55,55,26,2.1153846153846154
line_27,stored,qft,12,0,11,355,42,8.452380952380953
line_27,stored,qft,12,0,22,303,42,7.214285714285714
line_27,stored,qft,12,0,33,331,42,7.880952380952381
line_27,stored,qft,12,0,44,271,42,6.4523809523809526
line_27,stored,qft,12,0,55,282,42,6.714285714285714
line_27,stored,qft,12,1,11,118,42,2.8095238095238093
line_27,stored,qft,12,1,22,119,42,2.8333333333333335
line_27,stored,qft,12,1,33,115,42,2.738095238095238
line_27,stored,qft,12,1,44,123,42,2.9285714285714284
line_27,stored,qft,12,1,55,117,42,2.7857142857142856
line_27,stored,qft,12,3,11,91,42,2.1666666666666665
line_27,stored,qft,12,3,22,92,42,2.1904761904761907
line_27,stored,qft,12,3,33,91,42,2.1666666666666665
line_27,stored,qft,12,3,44,94,42,2.238095238095238
line_27,stored,qft,12,3,55,97,42,2.3095238095238093
line_27,stored,qft,16,0,11,436,58,7.517241379310345
line_27,stored,qft,16,0,22,487,58,8.39655172413793
line_27,stored,qft,16,0,33,439,58,7.568965517241379
line_27,stored,qft,16,0,44,532,58,9.172413793103448
line_27,stored,qft,16,0,55,471,58,8.120689655172415
line_27,stored,qft,16,1,11,161,58,2.7758620689655173
line_27,stored,qft,16,1,22,175,58,3.0172413793103448
line_27,stored,qft,16,1,33,173,58,2.9827586206896552
line_27,stored,qft,16,1,44,171,58,2.9482758620689653
line_27,stored,qft,16,1,55,171,58,2.9482758620689653
line_27,stored,qft,16,3,11,123,58,2.1206896551724137
line_27,stored,qft,16,3,22,133,58,2.293103448275862
line_27,stored,qft,16,3,33,117,58,2.0172413793103448
line_27,stored,qft,16,3,44,128,58,2.206896551724138
line_27,stored,qft,16,3,55,135,58,2.3275862068965516
line_27,stored,qft,20,0,11,680,74,9.18918918918919
line_27,stored,qft,20,0,22,597,74,8.067567567567568
line_27,stored,qft,20,0,33,513,74,6.9324324324324325
line_27,stored,qft,20,0,44,629,74,8.5
line_27,stored,qft,20,0,55,606,74,8.18918918918919
line_27,stored,qft,20,1,11,214,74,2.891891891891892
line_27,stored,qft,20,1,22,222,74,3.0
line_27,stored,qft,20,1,33,235,74,3.175675675675676
line_27,stored,qft,20,1,44,213,74,2.8783783783783785
line_27,stored,qft,20,1,55,219,74,2.9594594594594597
line_27,stored,qft,20,3,11,169,74,2.2837837837837838
line_27,stored,qft,20,3,22,161,74,2.175675675675676
line_27,stored,qft,20,3,33,159,74,2.1486486486486487
line_27,stored,qft,20,3,44,177,74,2.391891891891892
line_27,stored,qft,20,3,55,166,74,2.2432432432432434
line_27,stored,qft,24,0,11,859,90,9.544444444444444
line_27,stored,qft,24,0,22,838,90,9.311111111111112
line_27,stored,qft,24,0,33,759,90,8.433333333333334
line_27,stored,qft,24,0,44,804,90,8.933333333333334
line_27,stored,qft,24,0,55,820,90,9.11111111111111
line_27,stored,qft,24,1,11,267,90,2.966666666666667
line_27,stored,qft,24,1,22,263,90,2.922222222222222
line_27,stored,qft,24,1,33,280,90,3.111111111111111
line_27,stored,qft,24,1,44,259,90,2.8777777777777778
line_27,stored,qft,24,1,55,261,90,2.9
line_27,stored,qft,24,3,11,215,90,2.388888888888889
line_27,stored,qft,24,3,22,220,90,2.4444444444444446
line_27,stored,qft,24,3,33,217,90,2.411111111111111
line_27,stored,qft,24,3,44,198,90,2.2
line_27,stored,qft,24,3,55,232,90,2.577777777777778
line_27,stored,ghz_chain,4,0,11,47,3,15.666666666666666
line_27,stored,ghz_chain,4,0,22,47,3,15.666666666666666
line_27,stored,ghz_chain,4,0,33,36,3,12.0
line_27,stored,ghz_chain,4,0,44,35,3,11.666666666666666
line_27,stored,ghz_chain,4,0,55,57,3,19.0
line_27,stored,ghz_chain,4,1,11,3,3,1.0
line_27,stored,ghz_chain,4,1,22,3,3,1.0
line_27,stored,ghz_chain,4,1,33,3,3,1.0
line_27,stored,ghz_chain,4,1,44,3,3,1.0
line_27,stored,ghz_chain,4,1,55,3,3,1.0
line_27,stored,ghz_chain,4,3,11,3,3,1.0
line_27,stored,ghz_chain,4,3,22,3,3,1.0
line_27,stored,ghz_chain,4,3,33,3,3,1.0
line_27,stored,ghz_chain,4,3,44,3,3,1.0
line_27,stored,ghz_chain,4,3,55,3,3,1.0
line_27,stored,ghz_chain,8,0,11,81,7,11.571428571428571
line_27,stored,ghz_chain,8,0,22,97,7,13.857142857142858
line_27,stored,ghz_chain,8,0,33,94,7,13.428571428571429
line_27,stored,ghz_chain,8,0,44,106,7,15.142857142857142
line_27,stored,ghz_chain,8,0,55,114,7,16.285714285714285
line_27,stored,ghz_chain,8,1,11,7,7,1.0
line_27,stored,ghz_chain,8,1,22,7,7,1.0
line_27,stored,ghz_chain,8,1,33,7,7,1.0
line_27,stored,ghz_chain,8,1,44,7,7,1.0
line_27,stored,ghz_chain,8,1,55,7,7,1.0
line_27,stored,ghz_chain,8,3,11,7,7,1.0
line_27,stored,ghz_chain,8,3,22,7,7,1.0
line_27,stored,ghz_chain,8,3,33,7,7,1.0
line_27,stored,ghz_chain,8,3,44,7,7,1.0
line_27,stored,ghz_chain,8,3,55,7,7,1.0
line_27,stored,ghz_chain,12,0,11,142,11,12.909090909090908
line_27,stored,ghz_chain,12,0,22,158,11,14.363636363636363
line_27,stored,ghz_chain,12,0,33,164,11,14.909090909090908
line_27,stored,ghz_chain,12,0,44,157,11,14.272727272727273
line_27,stored,ghz_chain,12,0,55,149,11,13.545454545454545
line_27,stored,ghz_chain,12,1,11,11,11,1.0
line_27,stored,ghz_chain,12,1,22,11,11,1.0
line_27,stored,ghz_chain,12,1,33,11,11,1.0
line_27,stored,ghz_chain,12,1,44,11,11,1.0
line_27,stored,ghz_chain,12,1,55,11,11,1.0
line_27,stored,ghz_chain,12,3,11,11,11,1.0
line_27,stored,ghz_chain,12,3,22,11,11,1.0
line_27,stored,ghz_chain,12,3,33,11,11,1.0
line_27,stored,ghz_chain,12,3,44,11,11,1.0
line_27,stored,ghz_chain,12,3,55,11,11,1.0
line_27,stored,ghz_chain,16,0,11,236,15,15.733333333333333
line_27,stored,ghz_chain,16,0,22,248,15,16.533333333333335
line_27,stored,ghz_chain,16,0,33,234,15,15.6
line_27,stored,ghz_chain,16,0,44,227,15,15.133333333333333
line_27,stored,ghz_chain,16,0,55,225,15,15.0
line_27,stored,ghz_chain,16,1,11,15,15,1.0
line_27,stored,ghz_chain,16,1,22,15,15,1.0
line_27,stored,ghz_chain,16,1,33,15,15,1.0
line_27,stored,ghz_chain,16,1,44,15,15,1.0
line_27,stored,ghz_chain,16,1,55,15,15,1.0
line_27,stored,ghz_chain,16,3,11,15,15,1.0
line_27,stored,ghz_chain,16,3,22,15,15,1.0
line_27,stored,ghz_chain,16,3,33,15,15,1.0
line_27,stored,ghz_chain,16,3,44,15,15,1.0
line_27,stored,ghz_chain,16,3,55,15,15,1.0
line_27,stored,ghz_chain,20,0,11,288,19,15.157894736842104
line_27,stored,ghz_chain,20,0,22,303,19,15.947368421052632
line_27,stored,ghz_chain,20,0,33,274,19,14.421052631578947
line_27,stored,ghz_chain,20,0,44,288,19,15.157894736842104
line_27,stored,ghz_chain,20,0,55,298,19,15.68421052631579
line_27,stored,ghz_chain,20,1,11,19,19,1.0
line_27,stored,ghz_chain,20,1,22,19,19,1.0
line_27,stored,ghz_chain,20,1,33,19,19,1.0
line_27,stored,ghz_chain,20,1,44,19,19,1.0
line_27,stored,ghz_chain,20,1,55,19,19,1.0
line_27,stored,ghz_chain,20,3,11,19,19,1.0
line_27,stored,ghz_chain,20,3,22,19,19,1.0
line_27,stored,ghz_chain,20,3,33,19,19,1.0
line_27,stored,ghz_chain,20,3,44,19,19,1.0
line_27,stored,ghz_chain,20,3,55,19,19,1.0
line_27,stored,ghz_chain,24,0,11,358,23,15.565217391304348
line_27,stored,ghz_chain,24,0,22,361,23,15.695652173913043
line_27,stored,ghz_chain,24,0,33,353,23,15.347826086956522
line_27,stored,ghz_chain,24,0,44,392,23,17.043478260869566
line_27,stored,ghz_chain,24,0,55,385,23,16.73913043478261
line_27,stored,ghz_chain,24,1,11,23,23,1.0
line_27,stored,ghz_chain,24,1,22,23,23,1.0
line_27,stored,ghz_chain,24,1,33,23,23,1.0
line_27,stored,ghz_chain,24,1,44,23,23,1.0
line_27,stored,ghz_chain,24,1,55,23,23,1.0
line_27,stored,ghz_chain,24,3,11,23,23,1.0
line_27,stored,ghz_chain,24,3,22,23,23,1.0
line_27,stored,ghz_chain,24,3,33,23,23,1.0
line_27,stored,ghz_chain,24,3,44,23,23,1.0
line_27,stored,ghz_chain,24,3,55,23,23,1.0
line_27,stored,ghz_star,4,0,11,41,3,13.666666666666666
line_27,stored,ghz_star,4,0,22,44,3,14.666666666666666
line_27,stored,ghz_star,4,0,33,33,3,11.0
line_27,stored,ghz_star,4,0,44,33,3,11.0
line_27,stored,ghz_star,4,0,55,33,3,11.0
line_27,stored,ghz_star,4,1,11,6,3,2.0
line_27,stored,ghz_star,4,1,22,5,3,1.6666666666666667
line_27,stored,ghz_star,4,1,33,6,3,2.0
line_27,stored,ghz_star,4,1,44,6,3,2.0
line_27,stored,ghz_star,4,1,55,5,3,1.6666666666666667
line_27,stored,ghz_star,4,3,11,4,3,1.3333333333333333
line_27,stored,ghz_star,4,3,22,5,3,1.6666666666666667
line_27,stored,ghz_star,4,3,33,4,3,1.3333333333333333
line_27,stored,ghz_star,4,3,44,4,3,1.3333333333333333
line_27,stored,ghz_star,4,3,55,5,3,1.6666666666666667
line_27,stored,ghz_star,8,0,11,92,7,13.142857142857142
line_27,stored,ghz_star,8,0,22,93,7,13.285714285714286
line_27,stored,ghz_star,8,0,33,91,7,13.0
line_27,stored,ghz_star,8,0,44,82,7,11.714285714285714
line_27,stored,ghz_star,8,0,55,76,7,10.857142857142858
line_27,stored,ghz_star,8,1,11,22,7,3.142857142857143
line_27,stored,ghz_star,8,1,22,19,7,2.7142857142857144
line_27,stored,ghz_star,8,1,33,28,7,4.0
line_27,stored,ghz_star,8,1,44,28,7,4.0
line_27,stored,ghz_star,8,1,55,25,7,3.5714285714285716
line_27,stored,ghz_star,8,3,11,19,7,2.7142857142857144
line_27,stored,ghz_star,8,3,22,20,7,2.857142857142857
line_27,stored,ghz_star,8,3,33,20,7,2.857142857142857
line_27,stored,ghz_star,8,3,44,20,7,2.857142857142857
line_27,stored,ghz_star,8,3,55,20,7,2.857142857142857
line_27,stored,ghz_star,12,0,11,135,11,12.272727272727273
line_27,stored,ghz_star,12,0,22,157,11,14.272727272727273
line_27,stored,ghz_star,12,0,33,152,11,13.818181818181818
line_27,stored,ghz_star,12,0,44,164,11,14.909090909090908
line_27,stored,ghz_star,12,0,55,143,11,13.0
line_27,stored,ghz_star,12,1,11,44,11,4.0
line_27,stored,ghz_star,12,1,22,40,11,3.6363636363636362
line_27,stored,ghz_star,12,1,33,43,11,3.909090909090909
line_27,stored,ghz_star,12,1,44,39,11,3.5454545454545454
line_27,stored,ghz_star,12,1,55,40,11,3.6363636363636362
line_27,stored,ghz_star,12,3,11,36,11,3.272727272727273
line_27,stored,ghz_star,12,3,22,35,11,3.1818181818181817
line_27,stored,ghz_star,12,3,33,34,11,3.090909090909091
line_27,stored,ghz_star,12,3,44,34,11,3.090909090909091
line_27,stored,ghz_star,12,3,55,35,11,3.1818181818181817
line_27,stored,ghz_star,16,0,11,225,15,15.0
line_27,stored,ghz_star,16,0,22,246,15,16.4
line_27,stored,ghz_star,16,0,33,224,15,14.933333333333334
line_27,stored,ghz_star,16,0,44,216,15,14.4
line_27,stored,ghz_star,16,0,55,188,15,12.533333333333333
line_27,stored,ghz_star,16,1,11,83,15,5.533333333333333
line_27,stored,ghz_star,16,1,22,74,15,4.933333333333334
line_27,stored,ghz_star,16,1,33,83,15,5.533333333333333
line_27,stored,ghz_star,16,1,44,83,15,5.533333333333333
line_27,stored,ghz_star,16,1,55,82,15,5.466666666666667
line_27,stored,ghz_star,16,3,11,72,15,4.8
line_27,stored,ghz_star,16,3,22,62,15,4.133333333333334
line_27,stored,ghz_star,16,3,33,68,15,4.533333333333333
line_27,stored,ghz_star,16,3,44,60,15,4.0
line_27,stored,ghz_star,16,3,55,79,15,5.266666666666667
line_27,stored,ghz_star,20,0,11,292,19,15.368421052631579
line_27,stored,ghz_star,20,0,22,310,19,16.31578947368421
line_27,stored,ghz_star,20,0,33,270,19,14.210526315789474
line_27,stored,ghz_star,20,0,44,280,19,14.736842105263158
line_27,stored,ghz_star,20,0,55,277,19,14.578947368421053
line_27,stored,ghz_star,20,1,11,117,19,6.157894736842105
line_27,stored,ghz_star,20,1,22,114,19,6.0
line_27,stored,ghz_star,20,1,33,113,19,5.947368421052632
line_27,stored,ghz_star,20,1,44,110,19,5.7894736842105265
line_27,stored,ghz_star,20,1,55,113,19,5.947368421052632
line_27,stored,ghz_star,20,3,11,101,19,5.315789473684211
line_27,stored,ghz_star,20,3,22,103,19,5.421052631578948
line_27,stored,ghz_star,20,3,33,83,19,4.368421052631579
line_27,stored,ghz_star,20,3,44,85,19,4.473684210526316
line_27,stored,ghz_star,20,3,55,98,19,5.157894736842105
line_27,stored,ghz_star,24,0,11,348,23,15.130434782608695
line_27,stored,ghz_star,24,0,22,374,23,16.26086956521739
line_27,stored,ghz_star,24,0,33,301,23,13.08695652173913
line_27,stored,ghz_star,24,0,44,344,23,14.956521739130435
line_27,stored,ghz_star,24,0,55,341,23,14.826086956521738
line_27,stored,ghz_star,24,1,11,141,23,6.130434782608695
line_27,stored,ghz_star,24,1,22,141,23,6.130434782608695
line_27,stored,ghz_star,24,1,33,141,23,6.130434782608695
line_27,stored,ghz_star,24,1,44,142,23,6.173913043478261
line_27,stored,ghz_star,24,1,55,141,23,6.130434782608695
line_27,stored,ghz_star,24,3,11,120,23,5.217391304347826
line_27,stored,ghz_star,24,3,22,125,23,5.434782608695652
line_27,stored,ghz_star,24,3,33,113,23,4.913043478260869
line_27,stored,ghz_star,24,3,44,125,23,5.434782608695652
line_27,stored,ghz_star,24,3,55,125,23,5.434782608695652
line_27,stored,efficient_su2,4,0,11,51,8,6.375
line_27,stored,efficient_su2,4,0,22,62,8,7.75
line_27,stored,efficient_su2,4,0,33,67,8,8.375
line_27,stored,efficient_su2,4,0,44,63,8,7.875
line_27,stored,efficient_su2,4,0,55,68,8,8.5
line_27,stored,efficient_su2,4,1,11,17,8,2.125
line_27,stored,efficient_su2,4,1,22,17,8,2.125
line_27,stored,efficient_su2,4,1,33,16,8,2.0
line_27,stored,efficient_su2,4,1,44,16,8,2.0
line_27,stored,efficient_su2,4,1,55,17,8,2.125
line_27,stored,efficient_su2,4,3,11,17,8,2.125
line_27,stored,efficient_su2,4,3,22,16,8,2.0
line_27,stored,efficient_su2,4,3,33,14,8,1.75
line_27,stored,efficient_su2,4,3,44,14,8,1.75
line_27,stored,efficient_su2,4,3,55,14,8,1.75
line_27,stored,efficient_su2,8,0,11,140,16,8.75
line_27,stored,efficient_su2,8,0,22,196,16,12.25
line_27,stored,efficient_su2,8,0,33,178,16,11.125
line_27,stored,efficient_su2,8,0,44,187,16,11.6875
line_27,stored,efficient_su2,8,0,55,178,16,11.125
line_27,stored,efficient_su2,8,1,11,50,16,3.125
line_27,stored,efficient_su2,8,1,22,50,16,3.125
line_27,stored,efficient_su2,8,1,33,50,16,3.125
line_27,stored,efficient_su2,8,1,44,50,16,3.125
line_27,stored,efficient_su2,8,1,55,50,16,3.125
line_27,stored,efficient_su2,8,3,11,46,16,2.875
line_27,stored,efficient_su2,8,3,22,46,16,2.875
line_27,stored,efficient_su2,8,3,33,46,16,2.875
line_27,stored,efficient_su2,8,3,44,46,16,2.875
line_27,stored,efficient_su2,8,3,55,46,16,2.875
line_27,stored,efficient_su2,12,0,11,241,24,10.041666666666666
line_27,stored,efficient_su2,12,0,22,306,24,12.75
line_27,stored,efficient_su2,12,0,33,288,24,12.0
line_27,stored,efficient_su2,12,0,44,278,24,11.583333333333334
line_27,stored,efficient_su2,12,0,55,296,24,12.333333333333334
line_27,stored,efficient_su2,12,1,11,82,24,3.4166666666666665
line_27,stored,efficient_su2,12,1,22,82,24,3.4166666666666665
line_27,stored,efficient_su2,12,1,33,82,24,3.4166666666666665
line_27,stored,efficient_su2,12,1,44,82,24,3.4166666666666665
line_27,stored,efficient_su2,12,1,55,82,24,3.4166666666666665
line_27,stored,efficient_su2,12,3,11,78,24,3.25
line_27,stored,efficient_su2,12,3,22,78,24,3.25
line_27,stored,efficient_su2,12,3,33,78,24,3.25
line_27,stored,efficient_su2,12,3,44,78,24,3.25
line_27,stored,efficient_su2,12,3,55,78,24,3.25
line_27,stored,efficient_su2,16,0,11,409,32,12.78125
line_27,stored,efficient_su2,16,0,22,436,32,13.625
line_27,stored,efficient_su2,16,0,33,434,32,13.5625
line_27,stored,efficient_su2,16,0,44,407,32,12.71875
line_27,stored,efficient_su2,16,0,55,408,32,12.75
line_27,stored,efficient_su2,16,1,11,114,32,3.5625
line_27,stored,efficient_su2,16,1,22,114,32,3.5625
line_27,stored,efficient_su2,16,1,33,114,32,3.5625
line_27,stored,efficient_su2,16,1,44,114,32,3.5625
line_27,stored,efficient_su2,16,1,55,114,32,3.5625
line_27,stored,efficient_su2,16,3,11,110,32,3.4375
line_27,stored,efficient_su2,16,3,22,110,32,3.4375
line_27,stored,efficient_su2,16,3,33,110,32,3.4375
line_27,stored,efficient_su2,16,3,44,110,32,3.4375
line_27,stored,efficient_su2,16,3,55,110,32,3.4375
line_27,stored,efficient_su2,20,0,11,586,40,14.65
line_27,stored,efficient_su2,20,0,22,538,40,13.45
line_27,stored,efficient_su2,20,0,33,536,40,13.4
line_27,stored,efficient_su2,20,0,44,526,40,13.15
line_27,stored,efficient_su2,20,0,55,456,40,11.4
line_27,stored,efficient_su2,20,1,11,154,40,3.85
line_27,stored,efficient_su2,20,1,22,154,40,3.85
line_27,stored,efficient_su2,20,1,33,154,40,3.85
line_27,stored,efficient_su2,20,1,44,154,40,3.85
line_27,stored,efficient_su2,20,1,55,154,40,3.85
line_27,stored,efficient_su2,20,3,11,146,40,3.65
line_27,stored,efficient_su2,20,3,22,146,40,3.65
line_27,stored,efficient_su2,20,3,33,146,40,3.65
line_27,stored,efficient_su2,20,3,44,146,40,3.65
line_27,stored,efficient_su2,20,3,55,146,40,3.65
line_27,stored,efficient_su2,24,0,11,678,48,14.125
line_27,stored,efficient_su2,24,0,22,681,48,14.1875
line_27,stored,efficient_su2,24,0,33,735,48,15.3125
line_27,stored,efficient_su2,24,0,44,738,48,15.375
line_27,stored,efficient_su2,24,0,55,666,48,13.875
line_27,stored,efficient_su2,24,1,11,186,48,3.875
line_27,stored,efficient_su2,24,1,22,186,48,3.875
line_27,stored,efficient_su2,24,1,33,186,48,3.875
line_27,stored,efficient_su2,24,1,44,186,48,3.875
line_27,stored,efficient_su2,24,1,55,186,48,3.875
line_27,stored,efficient_su2,24,3,11,178,48,3.7083333333333335
line_27,stored,efficient_su2,24,3,22,178,48,3.7083333333333335
line_27,stored,efficient_su2,24,3,33,178,48,3.7083333333333335
line_27,stored,efficient_su2,24,3,44,178,48,3.7083333333333335
line_27,stored,efficient_su2,24,3,55,178,48,3.7083333333333335
line_27,r00,qft,4,0,11,69,10,6.9
line_27,r00,qft,4,0,22,75,10,7.5
line_27,r00,qft,4,0,33,64,10,6.4
line_27,r00,qft,4,0,44,64,10,6.4
line_27,r00,qft,4,0,55,67,10,6.7
line_27,r00,qft,4,1,11,19,10,1.9
line_27,r00,qft,4,1,22,19,10,1.9
line_27,r00,qft,4,1,33,19,10,1.9
line_27,r00,qft,4,1,44,19,10,1.9
line_27,r00,qft,4,1,55,19,10,1.9
line_27,r00,qft,4,3,11,15,10,1.5
line_27,r00,qft,4,3,22,17,10,1.7
line_27,r00,qft,4,3,33,17,10,1.7
line_27,r00,qft,4,3,44,17,10,1.7
line_27,r00,qft,4,3,55,17,10,1.7
line_27,r00,qft,8,0,11,168,26,6.461538461538462
line_27,r00,qft,8,0,22,152,26,5.846153846153846
line_27,r00,qft,8,0,33,160,26,6.153846153846154
line_27,r00,qft,8,0,44,149,26,5.730769230769231
line_27,r00,qft,8,0,55,174,26,6.6923076923076925
line_27,r00,qft,8,1,11,63,26,2.423076923076923
line_27,r00,qft,8,1,22,63,26,2.423076923076923
line_27,r00,qft,8,1,33,63,26,2.423076923076923
line_27,r00,qft,8,1,44,63,26,2.423076923076923
line_27,r00,qft,8,1,55,65,26,2.5
line_27,r00,qft,8,3,11,52,26,2.0
line_27,r00,qft,8,3,22,52,26,2.0
line_27,r00,qft,8,3,33,57,26,2.1923076923076925
line_27,r00,qft,8,3,44,49,26,1.8846153846153846
line_27,r00,qft,8,3,55,49,26,1.8846153846153846
line_27,r00,qft,12,0,11,301,42,7.166666666666667
line_27,r00,qft,12,0,22,295,42,7.023809523809524
line_27,r00,qft,12,0,33,295,42,7.023809523809524
line_27,r00,qft,12,0,44,280,42,6.666666666666667
line_27,r00,qft,12,0,55,265,42,6.309523809523809
line_27,r00,qft,12,1,11,118,42,2.8095238095238093
line_27,r00,qft,12,1,22,115,42,2.738095238095238
line_27,r00,qft,12,1,33,115,42,2.738095238095238
line_27,r00,qft,12,1,44,126,42,3.0
line_27,r00,qft,12,1,55,117,42,2.7857142857142856
line_27,r00,qft,12,3,11,91,42,2.1666666666666665
line_27,r00,qft,12,3,22,91,42,2.1666666666666665
line_27,r00,qft,12,3,33,94,42,2.238095238095238
line_27,r00,qft,12,3,44,94,42,2.238095238095238
line_27,r00,qft,12,3,55,94,42,2.238095238095238
line_27,r00,qft,16,0,11,440,58,7.586206896551724
line_27,r00,qft,16,0,22,463,58,7.982758620689655
line_27,r00,qft,16,0,33,529,58,9.120689655172415
line_27,r00,qft,16,0,44,490,58,8.448275862068966
line_27,r00,qft,16,0,55,537,58,9.258620689655173
line_27,r00,qft,16,1,11,163,58,2.810344827586207
line_27,r00,qft,16,1,22,171,58,2.9482758620689653
line_27,r00,qft,16,1,33,187,58,3.2241379310344827
line_27,r00,qft,16,1,44,171,58,2.9482758620689653
line_27,r00,qft,16,1,55,171,58,2.9482758620689653
line_27,r00,qft,16,3,11,135,58,2.3275862068965516
line_27,r00,qft,16,3,22,131,58,2.2586206896551726
line_27,r00,qft,16,3,33,125,58,2.1551724137931036
line_27,r00,qft,16,3,44,118,58,2.0344827586206895
line_27,r00,qft,16,3,55,115,58,1.9827586206896552
line_27,r00,qft,20,0,11,622,74,8.405405405405405
line_27,r00,qft,20,0,22,578,74,7.8108108108108105
line_27,r00,qft,20,0,33,570,74,7.702702702702703
line_27,r00,qft,20,0,44,720,74,9.72972972972973
line_27,r00,qft,20,0,55,612,74,8.27027027027027
line_27,r00,qft,20,1,11,214,74,2.891891891891892
line_27,r00,qft,20,1,22,230,74,3.108108108108108
line_27,r00,qft,20,1,33,234,74,3.1621621621621623
line_27,r00,qft,20,1,44,211,74,2.8513513513513513
line_27,r00,qft,20,1,55,221,74,2.9864864864864864
line_27,r00,qft,20,3,11,156,74,2.108108108108108
line_27,r00,qft,20,3,22,161,74,2.175675675675676
line_27,r00,qft,20,3,33,177,74,2.391891891891892
line_27,r00,qft,20,3,44,167,74,2.2567567567567566
line_27,r00,qft,20,3,55,166,74,2.2432432432432434
line_27,r00,qft,24,0,11,837,90,9.3
line_27,r00,qft,24,0,22,726,90,8.066666666666666
line_27,r00,qft,24,0,33,829,90,9.21111111111111
line_27,r00,qft,24,0,44,708,90,7.866666666666666
line_27,r00,qft,24,0,55,708,90,7.866666666666666
line_27,r00,qft,24,1,11,269,90,2.988888888888889
line_27,r00,qft,24,1,22,267,90,2.966666666666667
line_27,r00,qft,24,1,33,248,90,2.7555555555555555
line_27,r00,qft,24,1,44,259,90,2.8777777777777778
line_27,r00,qft,24,1,55,278,90,3.088888888888889
line_27,r00,qft,24,3,11,210,90,2.3333333333333335
line_27,r00,qft,24,3,22,193,90,2.1444444444444444
line_27,r00,qft,24,3,33,192,90,2.1333333333333333
line_27,r00,qft,24,3,44,212,90,2.3555555555555556
line_27,r00,qft,24,3,55,198,90,2.2
line_27,r00,ghz_chain,4,0,11,41,3,13.666666666666666
line_27,r00,ghz_chain,4,0,22,47,3,15.666666666666666
line_27,r00,ghz_chain,4,0,33,38,3,12.666666666666666
line_27,r00,ghz_chain,4,0,44,43,3,14.333333333333334
line_27,r00,ghz_chain,4,0,55,41,3,13.666666666666666
line_27,r00,ghz_chain,4,1,11,3,3,1.0
line_27,r00,ghz_chain,4,1,22,3,3,1.0
line_27,r00,ghz_chain,4,1,33,3,3,1.0
line_27,r00,ghz_chain,4,1,44,3,3,1.0
line_27,r00,ghz_chain,4,1,55,3,3,1.0
line_27,r00,ghz_chain,4,3,11,3,3,1.0
line_27,r00,ghz_chain,4,3,22,3,3,1.0
line_27,r00,ghz_chain,4,3,33,3,3,1.0
line_27,r00,ghz_chain,4,3,44,3,3,1.0
line_27,r00,ghz_chain,4,3,55,3,3,1.0
line_27,r00,ghz_chain,8,0,11,70,7,10.0
line_27,r00,ghz_chain,8,0,22,91,7,13.0
line_27,r00,ghz_chain,8,0,33,87,7,12.428571428571429
line_27,r00,ghz_chain,8,0,44,92,7,13.142857142857142
line_27,r00,ghz_chain,8,0,55,75,7,10.714285714285714
line_27,r00,ghz_chain,8,1,11,7,7,1.0
line_27,r00,ghz_chain,8,1,22,7,7,1.0
line_27,r00,ghz_chain,8,1,33,7,7,1.0
line_27,r00,ghz_chain,8,1,44,7,7,1.0
line_27,r00,ghz_chain,8,1,55,7,7,1.0
line_27,r00,ghz_chain,8,3,11,7,7,1.0
line_27,r00,ghz_chain,8,3,22,7,7,1.0
line_27,r00,ghz_chain,8,3,33,7,7,1.0
line_27,r00,ghz_chain,8,3,44,7,7,1.0
line_27,r00,ghz_chain,8,3,55,7,7,1.0
line_27,r00,ghz_chain,12,0,11,93,11,8.454545454545455
line_27,r00,ghz_chain,12,0,22,134,11,12.181818181818182
line_27,r00,ghz_chain,12,0,33,142,11,12.909090909090908
line_27,r00,ghz_chain,12,0,44,120,11,10.909090909090908
line_27,r00,ghz_chain,12,0,55,123,11,11.181818181818182
line_27,r00,ghz_chain,12,1,11,11,11,1.0
line_27,r00,ghz_chain,12,1,22,11,11,1.0
line_27,r00,ghz_chain,12,1,33,11,11,1.0
line_27,r00,ghz_chain,12,1,44,11,11,1.0
line_27,r00,ghz_chain,12,1,55,11,11,1.0
line_27,r00,ghz_chain,12,3,11,11,11,1.0
line_27,r00,ghz_chain,12,3,22,11,11,1.0
line_27,r00,ghz_chain,12,3,33,11,11,1.0
line_27,r00,ghz_chain,12,3,44,11,11,1.0
line_27,r00,ghz_chain,12,3,55,11,11,1.0
line_27,r00,ghz_chain,16,0,11,154,15,10.266666666666667
line_27,r00,ghz_chain,16,0,22,201,15,13.4
line_27,r00,ghz_chain,16,0,33,181,15,12.066666666666666
line_27,r00,ghz_chain,16,0,44,178,15,11.866666666666667
line_27,r00,ghz_chain,16,0,55,198,15,13.2
line_27,r00,ghz_chain,16,1,11,15,15,1.0
line_27,r00,ghz_chain,16,1,22,15,15,1.0
line_27,r00,ghz_chain,16,1,33,15,15,1.0
line_27,r00,ghz_chain,16,1,44,15,15,1.0
line_27,r00,ghz_chain,16,1,55,15,15,1.0
line_27,r00,ghz_chain,16,3,11,15,15,1.0
line_27,r00,ghz_chain,16,3,22,15,15,1.0
line_27,r00,ghz_chain,16,3,33,15,15,1.0
line_27,r00,ghz_chain,16,3,44,15,15,1.0
line_27,r00,ghz_chain,16,3,55,15,15,1.0
line_27,r00,ghz_chain,20,0,11,250,19,13.157894736842104
line_27,r00,ghz_chain,20,0,22,253,19,13.31578947368421
line_27,r00,ghz_chain,20,0,33,242,19,12.736842105263158
line_27,r00,ghz_chain,20,0,44,233,19,12.263157894736842
line_27,r00,ghz_chain,20,0,55,259,19,13.631578947368421
line_27,r00,ghz_chain,20,1,11,19,19,1.0
line_27,r00,ghz_chain,20,1,22,19,19,1.0
line_27,r00,ghz_chain,20,1,33,19,19,1.0
line_27,r00,ghz_chain,20,1,44,19,19,1.0
line_27,r00,ghz_chain,20,1,55,19,19,1.0
line_27,r00,ghz_chain,20,3,11,19,19,1.0
line_27,r00,ghz_chain,20,3,22,19,19,1.0
line_27,r00,ghz_chain,20,3,33,19,19,1.0
line_27,r00,ghz_chain,20,3,44,19,19,1.0
line_27,r00,ghz_chain,20,3,55,19,19,1.0
line_27,r00,ghz_chain,24,0,11,279,23,12.130434782608695
line_27,r00,ghz_chain,24,0,22,317,23,13.782608695652174
line_27,r00,ghz_chain,24,0,33,288,23,12.521739130434783
line_27,r00,ghz_chain,24,0,44,282,23,12.26086956521739
line_27,r00,ghz_chain,24,0,55,335,23,14.565217391304348
line_27,r00,ghz_chain,24,1,11,23,23,1.0
line_27,r00,ghz_chain,24,1,22,23,23,1.0
line_27,r00,ghz_chain,24,1,33,23,23,1.0
line_27,r00,ghz_chain,24,1,44,23,23,1.0
line_27,r00,ghz_chain,24,1,55,23,23,1.0
line_27,r00,ghz_chain,24,3,11,23,23,1.0
line_27,r00,ghz_chain,24,3,22,23,23,1.0
line_27,r00,ghz_chain,24,3,33,23,23,1.0
line_27,r00,ghz_chain,24,3,44,23,23,1.0
line_27,r00,ghz_chain,24,3,55,23,23,1.0
line_27,r00,ghz_star,4,0,11,41,3,13.666666666666666
line_27,r00,ghz_star,4,0,22,44,3,14.666666666666666
line_27,r00,ghz_star,4,0,33,37,3,12.333333333333334
line_27,r00,ghz_star,4,0,44,40,3,13.333333333333334
line_27,r00,ghz_star,4,0,55,38,3,12.666666666666666
line_27,r00,ghz_star,4,1,11,6,3,2.0
line_27,r00,ghz_star,4,1,22,6,3,2.0
line_27,r00,ghz_star,4,1,33,6,3,2.0
line_27,r00,ghz_star,4,1,44,6,3,2.0
line_27,r00,ghz_star,4,1,55,5,3,1.6666666666666667
line_27,r00,ghz_star,4,3,11,4,3,1.3333333333333333
line_27,r00,ghz_star,4,3,22,6,3,2.0
line_27,r00,ghz_star,4,3,33,6,3,2.0
line_27,r00,ghz_star,4,3,44,4,3,1.3333333333333333
line_27,r00,ghz_star,4,3,55,5,3,1.6666666666666667
line_27,r00,ghz_star,8,0,11,63,7,9.0
line_27,r00,ghz_star,8,0,22,82,7,11.714285714285714
line_27,r00,ghz_star,8,0,33,90,7,12.857142857142858
line_27,r00,ghz_star,8,0,44,80,7,11.428571428571429
line_27,r00,ghz_star,8,0,55,66,7,9.428571428571429
line_27,r00,ghz_star,8,1,11,28,7,4.0
line_27,r00,ghz_star,8,1,22,25,7,3.5714285714285716
line_27,r00,ghz_star,8,1,33,31,7,4.428571428571429
line_27,r00,ghz_star,8,1,44,25,7,3.5714285714285716
line_27,r00,ghz_star,8,1,55,25,7,3.5714285714285716
line_27,r00,ghz_star,8,3,11,21,7,3.0
line_27,r00,ghz_star,8,3,22,23,7,3.2857142857142856
line_27,r00,ghz_star,8,3,33,18,7,2.5714285714285716
line_27,r00,ghz_star,8,3,44,20,7,2.857142857142857
line_27,r00,ghz_star,8,3,55,23,7,3.2857142857142856
line_27,r00,ghz_star,12,0,11,87,11,7.909090909090909
line_27,r00,ghz_star,12,0,22,121,11,11.0
line_27,r00,ghz_star,12,0,33,137,11,12.454545454545455
line_27,r00,ghz_star,12,0,44,111,11,10.090909090909092
line_27,r00,ghz_star,12,0,55,94,11,8.545454545454545
line_27,r00,ghz_star,12,1,11,51,11,4.636363636363637
line_27,r00,ghz_star,12,1,22,62,11,5.636363636363637
line_27,r00,ghz_star,12,1,33,49,11,4.454545454545454
line_27,r00,ghz_star,12,1,44,41,11,3.727272727272727
line_27,r00,ghz_star,12,1,55,70,11,6.363636363636363
line_27,r00,ghz_star,12,3,11,41,11,3.727272727272727
line_27,r00,ghz_star,12,3,22,53,11,4.818181818181818
line_27,r00,ghz_star,12,3,33,44,11,4.0
line_27,r00,ghz_star,12,3,44,38,11,3.4545454545454546
line_27,r00,ghz_star,12,3,55,46,11,4.181818181818182
line_27,r00,ghz_star,16,0,11,145,15,9.666666666666666
line_27,r00,ghz_star,16,0,22,197,15,13.133333333333333
line_27,r00,ghz_star,16,0,33,198,15,13.2
line_27,r00,ghz_star,16,0,44,178,15,11.866666666666667
line_27,r00,ghz_star,16,0,55,152,15,10.133333333333333
line_27,r00,ghz_star,16,1,11,71,15,4.733333333333333
line_27,r00,ghz_star,16,1,22,99,15,6.6
line_27,r00,ghz_star,16,1,33,95,15,6.333333333333333
line_27,r00,ghz_star,16,1,44,90,15,6.0
line_27,r00,ghz_star,16,1,55,102,15,6.8
line_27,r00,ghz_star,16,3,11,67,15,4.466666666666667
line_27,r00,ghz_star,16,3,22,96,15,6.4
line_27,r00,ghz_star,16,3,33,82,15,5.466666666666667
line_27,r00,ghz_star,16,3,44,76,15,5.066666666666666
line_27,r00,ghz_star,16,3,55,74,15,4.933333333333334
line_27,r00,ghz_star,20,0,11,242,19,12.736842105263158
line_27,r00,ghz_star,20,0,22,256,19,13.473684210526315
line_27,r00,ghz_star,20,0,33,256,19,13.473684210526315
line_27,r00,ghz_star,20,0,44,226,19,11.894736842105264
line_27,r00,ghz_star,20,0,55,198,19,10.421052631578947
line_27,r00,ghz_star,20,1,11,163,19,8.578947368421053
line_27,r00,ghz_star,20,1,22,148,19,7.7894736842105265
line_27,r00,ghz_star,20,1,33,117,19,6.157894736842105
line_27,r00,ghz_star,20,1,44,112,19,5.894736842105263
line_27,r00,ghz_star,20,1,55,123,19,6.473684210526316
line_27,r00,ghz_star,20,3,11,110,19,5.7894736842105265
line_27,r00,ghz_star,20,3,22,145,19,7.631578947368421
line_27,r00,ghz_star,20,3,33,106,19,5.578947368421052
line_27,r00,ghz_star,20,3,44,101,19,5.315789473684211
line_27,r00,ghz_star,20,3,55,110,19,5.7894736842105265
line_27,r00,ghz_star,24,0,11,303,23,13.173913043478262
line_27,r00,ghz_star,24,0,22,314,23,13.652173913043478
line_27,r00,ghz_star,24,0,33,293,23,12.73913043478261
line_27,r00,ghz_star,24,0,44,285,23,12.391304347826088
line_27,r00,ghz_star,24,0,55,259,23,11.26086956521739
line_27,r00,ghz_star,24,1,11,218,23,9.478260869565217
line_27,r00,ghz_star,24,1,22,202,23,8.782608695652174
line_27,r00,ghz_star,24,1,33,136,23,5.913043478260869
line_27,r00,ghz_star,24,1,44,137,23,5.956521739130435
line_27,r00,ghz_star,24,1,55,178,23,7.739130434782608
line_27,r00,ghz_star,24,3,11,143,23,6.217391304347826
line_27,r00,ghz_star,24,3,22,163,23,7.086956521739131
line_27,r00,ghz_star,24,3,33,124,23,5.391304347826087
line_27,r00,ghz_star,24,3,44,124,23,5.391304347826087
line_27,r00,ghz_star,24,3,55,155,23,6.739130434782608
line_27,r00,efficient_su2,4,0,11,51,8,6.375
line_27,r00,efficient_su2,4,0,22,95,8,11.875
line_27,r00,efficient_su2,4,0,33,89,8,11.125
line_27,r00,efficient_su2,4,0,44,74,8,9.25
line_27,r00,efficient_su2,4,0,55,83,8,10.375
line_27,r00,efficient_su2,4,1,11,17,8,2.125
line_27,r00,efficient_su2,4,1,22,17,8,2.125
line_27,r00,efficient_su2,4,1,33,16,8,2.0
line_27,r00,efficient_su2,4,1,44,17,8,2.125
line_27,r00,efficient_su2,4,1,55,17,8,2.125
line_27,r00,efficient_su2,4,3,11,17,8,2.125
line_27,r00,efficient_su2,4,3,22,16,8,2.0
line_27,r00,efficient_su2,4,3,33,14,8,1.75
line_27,r00,efficient_su2,4,3,44,14,8,1.75
line_27,r00,efficient_su2,4,3,55,14,8,1.75
line_27,r00,efficient_su2,8,0,11,119,16,7.4375
line_27,r00,efficient_su2,8,0,22,187,16,11.6875
line_27,r00,efficient_su2,8,0,33,175,16,10.9375
line_27,r00,efficient_su2,8,0,44,163,16,10.1875
line_27,r00,efficient_su2,8,0,55,158,16,9.875
line_27,r00,efficient_su2,8,1,11,50,16,3.125
line_27,r00,efficient_su2,8,1,22,50,16,3.125
line_27,r00,efficient_su2,8,1,33,50,16,3.125
line_27,r00,efficient_su2,8,1,44,50,16,3.125
line_27,r00,efficient_su2,8,1,55,50,16,3.125
line_27,r00,efficient_su2,8,3,11,46,16,2.875
line_27,r00,efficient_su2,8,3,22,46,16,2.875
line_27,r00,efficient_su2,8,3,33,46,16,2.875
line_27,r00,efficient_su2,8,3,44,46,16,2.875
line_27,r00,efficient_su2,8,3,55,46,16,2.875
line_27,r00,efficient_su2,12,0,11,213,24,8.875
line_27,r00,efficient_su2,12,0,22,221,24,9.208333333333334
line_27,r00,efficient_su2,12,0,33,223,24,9.291666666666666
line_27,r00,efficient_su2,12,0,44,226,24,9.416666666666666
line_27,r00,efficient_su2,12,0,55,246,24,10.25
line_27,r00,efficient_su2,12,1,11,82,24,3.4166666666666665
line_27,r00,efficient_su2,12,1,22,82,24,3.4166666666666665
line_27,r00,efficient_su2,12,1,33,82,24,3.4166666666666665
line_27,r00,efficient_su2,12,1,44,82,24,3.4166666666666665
line_27,r00,efficient_su2,12,1,55,82,24,3.4166666666666665
line_27,r00,efficient_su2,12,3,11,78,24,3.25
line_27,r00,efficient_su2,12,3,22,78,24,3.25
line_27,r00,efficient_su2,12,3,33,78,24,3.25
line_27,r00,efficient_su2,12,3,44,78,24,3.25
line_27,r00,efficient_su2,12,3,55,78,24,3.25
line_27,r00,efficient_su2,16,0,11,313,32,9.78125
line_27,r00,efficient_su2,16,0,22,309,32,9.65625
line_27,r00,efficient_su2,16,0,33,312,32,9.75
line_27,r00,efficient_su2,16,0,44,303,32,9.46875
line_27,r00,efficient_su2,16,0,55,299,32,9.34375
line_27,r00,efficient_su2,16,1,11,114,32,3.5625
line_27,r00,efficient_su2,16,1,22,114,32,3.5625
line_27,r00,efficient_su2,16,1,33,114,32,3.5625
line_27,r00,efficient_su2,16,1,44,114,32,3.5625
line_27,r00,efficient_su2,16,1,55,114,32,3.5625
line_27,r00,efficient_su2,16,3,11,110,32,3.4375
line_27,r00,efficient_su2,16,3,22,110,32,3.4375
line_27,r00,efficient_su2,16,3,33,110,32,3.4375
line_27,r00,efficient_su2,16,3,44,110,32,3.4375
line_27,r00,efficient_su2,16,3,55,110,32,3.4375
line_27,r00,efficient_su2,20,0,11,482,40,12.05
line_27,r00,efficient_su2,20,0,22,512,40,12.8
line_27,r00,efficient_su2,20,0,33,505,40,12.625
line_27,r00,efficient_su2,20,0,44,451,40,11.275
line_27,r00,efficient_su2,20,0,55,490,40,12.25
line_27,r00,efficient_su2,20,1,11,146,40,3.65
line_27,r00,efficient_su2,20,1,22,146,40,3.65
line_27,r00,efficient_su2,20,1,33,146,40,3.65
line_27,r00,efficient_su2,20,1,44,146,40,3.65
line_27,r00,efficient_su2,20,1,55,146,40,3.65
line_27,r00,efficient_su2,20,3,11,142,40,3.55
line_27,r00,efficient_su2,20,3,22,142,40,3.55
line_27,r00,efficient_su2,20,3,33,142,40,3.55
line_27,r00,efficient_su2,20,3,44,142,40,3.55
line_27,r00,efficient_su2,20,3,55,142,40,3.55
line_27,r00,efficient_su2,24,0,11,484,48,10.083333333333334
line_27,r00,efficient_su2,24,0,22,549,48,11.4375
line_27,r00,efficient_su2,24,0,33,470,48,9.791666666666666
line_27,r00,efficient_su2,24,0,44,565,48,11.770833333333334
line_27,r00,efficient_su2,24,0,55,509,48,10.604166666666666
line_27,r00,efficient_su2,24,1,11,186,48,3.875
line_27,r00,efficient_su2,24,1,22,186,48,3.875
line_27,r00,efficient_su2,24,1,33,186,48,3.875
line_27,r00,efficient_su2,24,1,44,186,48,3.875
line_27,r00,efficient_su2,24,1,55,186,48,3.875
line_27,r00,efficient_su2,24,3,11,178,48,3.7083333333333335
line_27,r00,efficient_su2,24,3,22,178,48,3.7083333333333335
line_27,r00,efficient_su2,24,3,33,178,48,3.7083333333333335
line_27,r00,efficient_su2,24,3,44,178,48,3.7083333333333335
line_27,r00,efficient_su2,24,3,55,178,48,3.7083333333333335
line_27,r01,qft,4,0,11,62,10,6.2
line_27,r01,qft,4,0,22,59,10,5.9
line_27,r01,qft,4,0,33,50,10,5.0
line_27,r01,qft,4,0,44,47,10,4.7
line_27,r01,qft,4,0,55,47,10,4.7
line_27,r01,qft,4,1,11,19,10,1.9
line_27,r01,qft,4,1,22,19,10,1.9
line_27,r01,qft,4,1,33,19,10,1.9
line_27,r01,qft,4,1,44,19,10,1.9
line_27,r01,qft,4,1,55,19,10,1.9
line_27,r01,qft,4,3,11,15,10,1.5
line_27,r01,qft,4,3,22,15,10,1.5
line_27,r01,qft,4,3,33,17,10,1.7
line_27,r01,qft,4,3,44,17,10,1.7
line_27,r01,qft,4,3,55,17,10,1.7
line_27,r01,qft,8,0,11,156,26,6.0
line_27,r01,qft,8,0,22,159,26,6.115384615384615
line_27,r01,qft,8,0,33,155,26,5.961538461538462
line_27,r01,qft,8,0,44,141,26,5.423076923076923
line_27,r01,qft,8,0,55,126,26,4.846153846153846
line_27,r01,qft,8,1,11,63,26,2.423076923076923
line_27,r01,qft,8,1,22,68,26,2.6153846153846154
line_27,r01,qft,8,1,33,63,26,2.423076923076923
line_27,r01,qft,8,1,44,63,26,2.423076923076923
line_27,r01,qft,8,1,55,65,26,2.5
line_27,r01,qft,8,3,11,52,26,2.0
line_27,r01,qft,8,3,22,52,26,2.0
line_27,r01,qft,8,3,33,49,26,1.8846153846153846
line_27,r01,qft,8,3,44,49,26,1.8846153846153846
line_27,r01,qft,8,3,55,57,26,2.1923076923076925
line_27,r01,qft,12,0,11,278,42,6.619047619047619
line_27,r01,qft,12,0,22,280,42,6.666666666666667
line_27,r01,qft,12,0,33,255,42,6.071428571428571
line_27,r01,qft,12,0,44,262,42,6.238095238095238
line_27,r01,qft,12,0,55,309,42,7.357142857142857
line_27,r01,qft,12,1,11,118,42,2.8095238095238093
line_27,r01,qft,12,1,22,113,42,2.6904761904761907
line_27,r01,qft,12,1,33,117,42,2.7857142857142856
line_27,r01,qft,12,1,44,128,42,3.0476190476190474
line_27,r01,qft,12,1,55,116,42,2.761904761904762
line_27,r01,qft,12,3,11,91,42,2.1666666666666665
line_27,r01,qft,12,3,22,91,42,2.1666666666666665
line_27,r01,qft,12,3,33,91,42,2.1666666666666665
line_27,r01,qft,12,3,44,91,42,2.1666666666666665
line_27,r01,qft,12,3,55,97,42,2.3095238095238093
line_27,r01,qft,16,0,11,523,58,9.017241379310345
line_27,r01,qft,16,0,22,496,58,8.551724137931034
line_27,r01,qft,16,0,33,503,58,8.672413793103448
line_27,r01,qft,16,0,44,455,58,7.844827586206897
line_27,r01,qft,16,0,55,429,58,7.396551724137931
line_27,r01,qft,16,1,11,171,58,2.9482758620689653
line_27,r01,qft,16,1,22,171,58,2.9482758620689653
line_27,r01,qft,16,1,33,174,58,3.0
line_27,r01,qft,16,1,44,164,58,2.8275862068965516
line_27,r01,qft,16,1,55,171,58,2.9482758620689653
line_27,r01,qft,16,3,11,138,58,2.3793103448275863
line_27,r01,qft,16,3,22,127,58,2.189655172413793
line_27,r01,qft,16,3,33,117,58,2.0172413793103448
line_27,r01,qft,16,3,44,125,58,2.1551724137931036
line_27,r01,qft,16,3,55,115,58,1.9827586206896552
line_27,r01,qft,20,0,11,556,74,7.513513513513513
line_27,r01,qft,20,0,22,646,74,8.72972972972973
line_27,r01,qft,20,0,33,623,74,8.41891891891892
line_27,r01,qft,20,0,44,623,74,8.41891891891892
line_27,r01,qft,20,0,55,614,74,8.297297297297296
line_27,r01,qft,20,1,11,221,74,2.9864864864864864
line_27,r01,qft,20,1,22,222,74,3.0
line_27,r01,qft,20,1,33,221,74,2.9864864864864864
line_27,r01,qft,20,1,44,211,74,2.8513513513513513
line_27,r01,qft,20,1,55,223,74,3.0135135135135136
line_27,r01,qft,20,3,11,164,74,2.2162162162162162
line_27,r01,qft,20,3,22,152,74,2.054054054054054
line_27,r01,qft,20,3,33,177,74,2.391891891891892
line_27,r01,qft,20,3,44,172,74,2.324324324324324
line_27,r01,qft,20,3,55,166,74,2.2432432432432434
line_27,r01,qft,24,0,11,831,90,9.233333333333333
line_27,r01,qft,24,0,22,859,90,9.544444444444444
line_27,r01,qft,24,0,33,824,90,9.155555555555555
line_27,r01,qft,24,0,44,819,90,9.1
line_27,r01,qft,24,0,55,936,90,10.4
line_27,r01,qft,24,1,11,278,90,3.088888888888889
line_27,r01,qft,24,1,22,269,90,2.988888888888889
line_27,r01,qft,24,1,33,267,90,2.966666666666667
line_27,r01,qft,24,1,44,278,90,3.088888888888889
line_27,r01,qft,24,1,55,267,90,2.966666666666667
line_27,r01,qft,24,3,11,223,90,2.477777777777778
line_27,r01,qft,24,3,22,190,90,2.111111111111111
line_27,r01,qft,24,3,33,195,90,2.1666666666666665
line_27,r01,qft,24,3,44,207,90,2.3
line_27,r01,qft,24,3,55,202,90,2.2444444444444445
line_27,r01,ghz_chain,4,0,11,42,3,14.0
line_27,r01,ghz_chain,4,0,22,42,3,14.0
line_27,r01,ghz_chain,4,0,33,44,3,14.666666666666666
line_27,r01,ghz_chain,4,0,44,42,3,14.0
line_27,r01,ghz_chain,4,0,55,39,3,13.0
line_27,r01,ghz_chain,4,1,11,3,3,1.0
line_27,r01,ghz_chain,4,1,22,3,3,1.0
line_27,r01,ghz_chain,4,1,33,3,3,1.0
line_27,r01,ghz_chain,4,1,44,3,3,1.0
line_27,r01,ghz_chain,4,1,55,3,3,1.0
line_27,r01,ghz_chain,4,3,11,3,3,1.0
line_27,r01,ghz_chain,4,3,22,3,3,1.0
line_27,r01,ghz_chain,4,3,33,3,3,1.0
line_27,r01,ghz_chain,4,3,44,3,3,1.0
line_27,r01,ghz_chain,4,3,55,3,3,1.0
line_27,r01,ghz_chain,8,0,11,91,7,13.0
line_27,r01,ghz_chain,8,0,22,82,7,11.714285714285714
line_27,r01,ghz_chain,8,0,33,73,7,10.428571428571429
line_27,r01,ghz_chain,8,0,44,79,7,11.285714285714286
line_27,r01,ghz_chain,8,0,55,91,7,13.0
line_27,r01,ghz_chain,8,1,11,7,7,1.0
line_27,r01,ghz_chain,8,1,22,7,7,1.0
line_27,r01,ghz_chain,8,1,33,7,7,1.0
line_27,r01,ghz_chain,8,1,44,7,7,1.0
line_27,r01,ghz_chain,8,1,55,7,7,1.0
line_27,r01,ghz_chain,8,3,11,7,7,1.0
line_27,r01,ghz_chain,8,3,22,7,7,1.0
line_27,r01,ghz_chain,8,3,33,7,7,1.0
line_27,r01,ghz_chain,8,3,44,7,7,1.0
line_27,r01,ghz_chain,8,3,55,7,7,1.0
line_27,r01,ghz_chain,12,0,11,131,11,11.909090909090908
line_27,r01,ghz_chain,12,0,22,122,11,11.090909090909092
line_27,r01,ghz_chain,12,0,33,116,11,10.545454545454545
line_27,r01,ghz_chain,12,0,44,119,11,10.818181818181818
line_27,r01,ghz_chain,12,0,55,107,11,9.727272727272727
line_27,r01,ghz_chain,12,1,11,11,11,1.0
line_27,r01,ghz_chain,12,1,22,11,11,1.0
line_27,r01,ghz_chain,12,1,33,11,11,1.0
line_27,r01,ghz_chain,12,1,44,11,11,1.0
line_27,r01,ghz_chain,12,1,55,11,11,1.0
line_27,r01,ghz_chain,12,3,11,11,11,1.0
line_27,r01,ghz_chain,12,3,22,11,11,1.0
line_27,r01,ghz_chain,12,3,33,11,11,1.0
line_27,r01,ghz_chain,12,3,44,11,11,1.0
line_27,r01,ghz_chain,12,3,55,11,11,1.0
line_27,r01,ghz_chain,16,0,11,145,15,9.666666666666666
line_27,r01,ghz_chain,16,0,22,183,15,12.2
line_27,r01,ghz_chain,16,0,33,173,15,11.533333333333333
line_27,r01,ghz_chain,16,0,44,173,15,11.533333333333333
line_27,r01,ghz_chain,16,0,55,162,15,10.8
line_27,r01,ghz_chain,16,1,11,15,15,1.0
line_27,r01,ghz_chain,16,1,22,15,15,1.0
line_27,r01,ghz_chain,16,1,33,15,15,1.0
line_27,r01,ghz_chain,16,1,44,15,15,1.0
line_27,r01,ghz_chain,16,1,55,15,15,1.0
line_27,r01,ghz_chain,16,3,11,15,15,1.0
line_27,r01,ghz_chain,16,3,22,15,15,1.0
line_27,r01,ghz_chain,16,3,33,15,15,1.0
line_27,r01,ghz_chain,16,3,44,15,15,1.0
line_27,r01,ghz_chain,16,3,55,15,15,1.0
line_27,r01,ghz_chain,20,0,11,218,19,11.473684210526315
line_27,r01,ghz_chain,20,0,22,229,19,12.052631578947368
line_27,r01,ghz_chain,20,0,33,202,19,10.631578947368421
line_27,r01,ghz_chain,20,0,44,205,19,10.789473684210526
line_27,r01,ghz_chain,20,0,55,184,19,9.68421052631579
line_27,r01,ghz_chain,20,1,11,19,19,1.0
line_27,r01,ghz_chain,20,1,22,19,19,1.0
line_27,r01,ghz_chain,20,1,33,19,19,1.0
line_27,r01,ghz_chain,20,1,44,19,19,1.0
line_27,r01,ghz_chain,20,1,55,19,19,1.0
line_27,r01,ghz_chain,20,3,11,19,19,1.0
line_27,r01,ghz_chain,20,3,22,19,19,1.0
line_27,r01,ghz_chain,20,3,33,19,19,1.0
line_27,r01,ghz_chain,20,3,44,19,19,1.0
line_27,r01,ghz_chain,20,3,55,19,19,1.0
line_27,r01,ghz_chain,24,0,11,311,23,13.521739130434783
line_27,r01,ghz_chain,24,0,22,311,23,13.521739130434783
line_27,r01,ghz_chain,24,0,33,272,23,11.826086956521738
line_27,r01,ghz_chain,24,0,44,307,23,13.347826086956522
line_27,r01,ghz_chain,24,0,55,282,23,12.26086956521739
line_27,r01,ghz_chain,24,1,11,23,23,1.0
line_27,r01,ghz_chain,24,1,22,23,23,1.0
line_27,r01,ghz_chain,24,1,33,23,23,1.0
line_27,r01,ghz_chain,24,1,44,23,23,1.0
line_27,r01,ghz_chain,24,1,55,23,23,1.0
line_27,r01,ghz_chain,24,3,11,23,23,1.0
line_27,r01,ghz_chain,24,3,22,23,23,1.0
line_27,r01,ghz_chain,24,3,33,23,23,1.0
line_27,r01,ghz_chain,24,3,44,23,23,1.0
line_27,r01,ghz_chain,24,3,55,23,23,1.0
line_27,r01,ghz_star,4,0,11,36,3,12.0
line_27,r01,ghz_star,4,0,22,42,3,14.0
line_27,r01,ghz_star,4,0,33,42,3,14.0
line_27,r01,ghz_star,4,0,44,42,3,14.0
line_27,r01,ghz_star,4,0,55,42,3,14.0
line_27,r01,ghz_star,4,1,11,6,3,2.0
line_27,r01,ghz_star,4,1,22,6,3,2.0
line_27,r01,ghz_star,4,1,33,6,3,2.0
line_27,r01,ghz_star,4,1,44,6,3,2.0
line_27,r01,ghz_star,4,1,55,6,3,2.0
line_27,r01,ghz_star,4,3,11,4,3,1.3333333333333333
line_27,r01,ghz_star,4,3,22,5,3,1.6666666666666667
line_27,r01,ghz_star,4,3,33,6,3,2.0
line_27,r01,ghz_star,4,3,44,4,3,1.3333333333333333
line_27,r01,ghz_star,4,3,55,6,3,2.0
line_27,r01,ghz_star,8,0,11,91,7,13.0
line_27,r01,ghz_star,8,0,22,82,7,11.714285714285714
line_27,r01,ghz_star,8,0,33,70,7,10.0
line_27,r01,ghz_star,8,0,44,79,7,11.285714285714286
line_27,r01,ghz_star,8,0,55,64,7,9.142857142857142
line_27,r01,ghz_star,8,1,11,21,7,3.0
line_27,r01,ghz_star,8,1,22,21,7,3.0
line_27,r01,ghz_star,8,1,33,25,7,3.5714285714285716
line_27,r01,ghz_star,8,1,44,22,7,3.142857142857143
line_27,r01,ghz_star,8,1,55,27,7,3.857142857142857
line_27,r01,ghz_star,8,3,11,18,7,2.5714285714285716
line_27,r01,ghz_star,8,3,22,20,7,2.857142857142857
line_27,r01,ghz_star,8,3,33,19,7,2.7142857142857144
line_27,r01,ghz_star,8,3,44,18,7,2.5714285714285716
line_27,r01,ghz_star,8,3,55,24,7,3.4285714285714284
line_27,r01,ghz_star,12,0,11,134,11,12.181818181818182
line_27,r01,ghz_star,12,0,22,131,11,11.909090909090908
line_27,r01,ghz_star,12,0,33,122,11,11.090909090909092
line_27,r01,ghz_star,12,0,44,113,11,10.272727272727273
line_27,r01,ghz_star,12,0,55,110,11,10.0
line_27,r01,ghz_star,12,1,11,57,11,5.181818181818182
line_27,r01,ghz_star,12,1,22,55,11,5.0
line_27,r01,ghz_star,12,1,33,62,11,5.636363636363637
line_27,r01,ghz_star,12,1,44,53,11,4.818181818181818
line_27,r01,ghz_star,12,1,55,53,11,4.818181818181818
line_27,r01,ghz_star,12,3,11,56,11,5.090909090909091
line_27,r01,ghz_star,12,3,22,49,11,4.454545454545454
line_27,r01,ghz_star,12,3,33,49,11,4.454545454545454
line_27,r01,ghz_star,12,3,44,49,11,4.454545454545454
line_27,r01,ghz_star,12,3,55,44,11,4.0
line_27,r01,ghz_star,16,0,11,176,15,11.733333333333333
line_27,r01,ghz_star,16,0,22,192,15,12.8
line_27,r01,ghz_star,16,0,33,192,15,12.8
line_27,r01,ghz_star,16,0,44,165,15,11.0
line_27,r01,ghz_star,16,0,55,195,15,13.0
line_27,r01,ghz_star,16,1,11,104,15,6.933333333333334
line_27,r01,ghz_star,16,1,22,80,15,5.333333333333333
line_27,r01,ghz_star,16,1,33,87,15,5.8
line_27,r01,ghz_star,16,1,44,117,15,7.8
line_27,r01,ghz_star,16,1,55,66,15,4.4
line_27,r01,ghz_star,16,3,11,99,15,6.6
line_27,r01,ghz_star,16,3,22,72,15,4.8
line_27,r01,ghz_star,16,3,33,77,15,5.133333333333334
line_27,r01,ghz_star,16,3,44,69,15,4.6
line_27,r01,ghz_star,16,3,55,56,15,3.7333333333333334
line_27,r01,ghz_star,20,0,11,226,19,11.894736842105264
line_27,r01,ghz_star,20,0,22,225,19,11.842105263157896
line_27,r01,ghz_star,20,0,33,205,19,10.789473684210526
line_27,r01,ghz_star,20,0,44,211,19,11.105263157894736
line_27,r01,ghz_star,20,0,55,253,19,13.31578947368421
line_27,r01,ghz_star,20,1,11,133,19,7.0
line_27,r01,ghz_star,20,1,22,117,19,6.157894736842105
line_27,r01,ghz_star,20,1,33,133,19,7.0
line_27,r01,ghz_star,20,1,44,136,19,7.157894736842105
line_27,r01,ghz_star,20,1,55,118,19,6.2105263157894735
line_27,r01,ghz_star,20,3,11,123,19,6.473684210526316
line_27,r01,ghz_star,20,3,22,100,19,5.2631578947368425
line_27,r01,ghz_star,20,3,33,115,19,6.052631578947368
line_27,r01,ghz_star,20,3,44,96,19,5.052631578947368
line_27,r01,ghz_star,20,3,55,83,19,4.368421052631579
line_27,r01,ghz_star,24,0,11,295,23,12.826086956521738
line_27,r01,ghz_star,24,0,22,289,23,12.565217391304348
line_27,r01,ghz_star,24,0,33,272,23,11.826086956521738
line_27,r01,ghz_star,24,0,44,275,23,11.956521739130435
line_27,r01,ghz_star,24,0,55,302,23,13.130434782608695
line_27,r01,ghz_star,24,1,11,164,23,7.130434782608695
line_27,r01,ghz_star,24,1,22,144,23,6.260869565217392
line_27,r01,ghz_star,24,1,33,179,23,7.782608695652174
line_27,r01,ghz_star,24,1,44,169,23,7.3478260869565215
line_27,r01,ghz_star,24,1,55,213,23,9.26086956521739
line_27,r01,ghz_star,24,3,11,156,23,6.782608695652174
line_27,r01,ghz_star,24,3,22,126,23,5.478260869565218
line_27,r01,ghz_star,24,3,33,156,23,6.782608695652174
line_27,r01,ghz_star,24,3,44,145,23,6.304347826086956
line_27,r01,ghz_star,24,3,55,109,23,4.739130434782608
line_27,r01,efficient_su2,4,0,11,64,8,8.0
line_27,r01,efficient_su2,4,0,22,50,8,6.25
line_27,r01,efficient_su2,4,0,33,48,8,6.0
line_27,r01,efficient_su2,4,0,44,46,8,5.75
line_27,r01,efficient_su2,4,0,55,49,8,6.125
line_27,r01,efficient_su2,4,1,11,17,8,2.125
line_27,r01,efficient_su2,4,1,22,17,8,2.125
line_27,r01,efficient_su2,4,1,33,16,8,2.0
line_27,r01,efficient_su2,4,1,44,17,8,2.125
line_27,r01,efficient_su2,4,1,55,16,8,2.0
line_27,r01,efficient_su2,4,3,11,17,8,2.125
line_27,r01,efficient_su2,4,3,22,16,8,2.0
line_27,r01,efficient_su2,4,3,33,14,8,1.75
line_27,r01,efficient_su2,4,3,44,14,8,1.75
line_27,r01,efficient_su2,4,3,55,14,8,1.75
line_27,r01,efficient_su2,8,0,11,109,16,6.8125
line_27,r01,efficient_su2,8,0,22,127,16,7.9375
line_27,r01,efficient_su2,8,0,33,129,16,8.0625
line_27,r01,efficient_su2,8,0,44,124,16,7.75
line_27,r01,efficient_su2,8,0,55,121,16,7.5625
line_27,r01,efficient_su2,8,1,11,50,16,3.125
line_27,r01,efficient_su2,8,1,22,50,16,3.125
line_27,r01,efficient_su2,8,1,33,50,16,3.125
line_27,r01,efficient_su2,8,1,44,50,16,3.125
line_27,r01,efficient_su2,8,1,55,50,16,3.125
line_27,r01,efficient_su2,8,3,11,46,16,2.875
line_27,r01,efficient_su2,8,3,22,46,16,2.875
line_27,r01,efficient_su2,8,3,33,46,16,2.875
line_27,r01,efficient_su2,8,3,44,46,16,2.875
line_27,r01,efficient_su2,8,3,55,46,16,2.875
line_27,r01,efficient_su2,12,0,11,178,24,7.416666666666667
line_27,r01,efficient_su2,12,0,22,230,24,9.583333333333334
line_27,r01,efficient_su2,12,0,33,225,24,9.375
line_27,r01,efficient_su2,12,0,44,215,24,8.958333333333334
line_27,r01,efficient_su2,12,0,55,231,24,9.625
line_27,r01,efficient_su2,12,1,11,82,24,3.4166666666666665
line_27,r01,efficient_su2,12,1,22,82,24,3.4166666666666665
line_27,r01,efficient_su2,12,1,33,82,24,3.4166666666666665
line_27,r01,efficient_su2,12,1,44,82,24,3.4166666666666665
line_27,r01,efficient_su2,12,1,55,82,24,3.4166666666666665
line_27,r01,efficient_su2,12,3,11,78,24,3.25
line_27,r01,efficient_su2,12,3,22,78,24,3.25
line_27,r01,efficient_su2,12,3,33,78,24,3.25
line_27,r01,efficient_su2,12,3,44,78,24,3.25
line_27,r01,efficient_su2,12,3,55,78,24,3.25
line_27,r01,efficient_su2,16,0,11,316,32,9.875
line_27,r01,efficient_su2,16,0,22,304,32,9.5
line_27,r01,efficient_su2,16,0,33,316,32,9.875
line_27,r01,efficient_su2,16,0,44,323,32,10.09375
line_27,r01,efficient_su2,16,0,55,296,32,9.25
line_27,r01,efficient_su2,16,1,11,114,32,3.5625
line_27,r01,efficient_su2,16,1,22,114,32,3.5625
line_27,r01,efficient_su2,16,1,33,114,32,3.5625
line_27,r01,efficient_su2,16,1,44,114,32,3.5625
line_27,r01,efficient_su2,16,1,55,114,32,3.5625
line_27,r01,efficient_su2,16,3,11,110,32,3.4375
line_27,r01,efficient_su2,16,3,22,110,32,3.4375
line_27,r01,efficient_su2,16,3,33,110,32,3.4375
line_27,r01,efficient_su2,16,3,44,110,32,3.4375
line_27,r01,efficient_su2,16,3,55,110,32,3.4375
line_27,r01,efficient_su2,20,0,11,414,40,10.35
line_27,r01,efficient_su2,20,0,22,435,40,10.875
line_27,r01,efficient_su2,20,0,33,413,40,10.325
line_27,r01,efficient_su2,20,0,44,380,40,9.5
line_27,r01,efficient_su2,20,0,55,386,40,9.65
line_27,r01,efficient_su2,20,1,11,154,40,3.85
line_27,r01,efficient_su2,20,1,22,154,40,3.85
line_27,r01,efficient_su2,20,1,33,154,40,3.85
line_27,r01,efficient_su2,20,1,44,154,40,3.85
line_27,r01,efficient_su2,20,1,55,154,40,3.85
line_27,r01,efficient_su2,20,3,11,146,40,3.65
line_27,r01,efficient_su2,20,3,22,146,40,3.65
line_27,r01,efficient_su2,20,3,33,146,40,3.65
line_27,r01,efficient_su2,20,3,44,146,40,3.65
line_27,r01,efficient_su2,20,3,55,146,40,3.65
line_27,r01,efficient_su2,24,0,11,479,48,9.979166666666666
line_27,r01,efficient_su2,24,0,22,561,48,11.6875
line_27,r01,efficient_su2,24,0,33,548,48,11.416666666666666
line_27,r01,efficient_su2,24,0,44,518,48,10.791666666666666
line_27,r01,efficient_su2,24,0,55,503,48,10.479166666666666
line_27,r01,efficient_su2,24,1,11,186,48,3.875
line_27,r01,efficient_su2,24,1,22,186,48,3.875
line_27,r01,efficient_su2,24,1,33,186,48,3.875
line_27,r01,efficient_su2,24,1,44,186,48,3.875
line_27,r01,efficient_su2,24,1,55,186,48,3.875
line_27,r01,efficient_su2,24,3,11,178,48,3.7083333333333335
line_27,r01,efficient_su2,24,3,22,178,48,3.7083333333333335
line_27,r01,efficient_su2,24,3,33,178,48,3.7083333333333335
line_27,r01,efficient_su2,24,3,44,178,48,3.7083333333333335
line_27,r01,efficient_su2,24,3,55,178,48,3.7083333333333335
line_27,r02,qft,4,0,11,60,10,6.0
line_27,r02,qft,4,0,22,67,10,6.7
line_27,r02,qft,4,0,33,69,10,6.9
line_27,r02,qft,4,0,44,58,10,5.8
line_27,r02,qft,4,0,55,63,10,6.3
line_27,r02,qft,4,1,11,19,10,1.9
line_27,r02,qft,4,1,22,19,10,1.9
line_27,r02,qft,4,1,33,19,10,1.9
line_27,r02,qft,4,1,44,19,10,1.9
line_27,r02,qft,4,1,55,19,10,1.9
line_27,r02,qft,4,3,11,15,10,1.5
line_27,r02,qft,4,3,22,17,10,1.7
line_27,r02,qft,4,3,33,15,10,1.5
line_27,r02,qft,4,3,44,15,10,1.5
line_27,r02,qft,4,3,55,15,10,1.5
line_27,r02,qft,8,0,11,163,26,6.269230769230769
line_27,r02,qft,8,0,22,161,26,6.1923076923076925
line_27,r02,qft,8,0,33,173,26,6.653846153846154
line_27,r02,qft,8,0,44,140,26,5.384615384615385
line_27,r02,qft,8,0,55,159,26,6.115384615384615
line_27,r02,qft,8,1,11,67,26,2.576923076923077
line_27,r02,qft,8,1,22,68,26,2.6153846153846154
line_27,r02,qft,8,1,33,70,26,2.6923076923076925
line_27,r02,qft,8,1,44,59,26,2.269230769230769
line_27,r02,qft,8,1,55,69,26,2.6538461538461537
line_27,r02,qft,8,3,11,49,26,1.8846153846153846
line_27,r02,qft,8,3,22,52,26,2.0
line_27,r02,qft,8,3,33,57,26,2.1923076923076925
line_27,r02,qft,8,3,44,49,26,1.8846153846153846
line_27,r02,qft,8,3,55,52,26,2.0
line_27,r02,qft,12,0,11,247,42,5.880952380952381
line_27,r02,qft,12,0,22,278,42,6.619047619047619
line_27,r02,qft,12,0,33,293,42,6.976190476190476
line_27,r02,qft,12,0,44,311,42,7.404761904761905
line_27,r02,qft,12,0,55,272,42,6.476190476190476
line_27,r02,qft,12,1,11,125,42,2.9761904761904763
line_27,r02,qft,12,1,22,125,42,2.9761904761904763
line_27,r02,qft,12,1,33,127,42,3.0238095238095237
line_27,r02,qft,12,1,44,124,42,2.9523809523809526
line_27,r02,qft,12,1,55,115,42,2.738095238095238
line_27,r02,qft,12,3,11,91,42,2.1666666666666665
line_27,r02,qft,12,3,22,93,42,2.2142857142857144
line_27,r02,qft,12,3,33,91,42,2.1666666666666665
line_27,r02,qft,12,3,44,91,42,2.1666666666666665
line_27,r02,qft,12,3,55,97,42,2.3095238095238093
line_27,r02,qft,16,0,11,439,58,7.568965517241379
line_27,r02,qft,16,0,22,453,58,7.810344827586207
line_27,r02,qft,16,0,33,498,58,8.586206896551724
line_27,r02,qft,16,0,44,426,58,7.344827586206897
line_27,r02,qft,16,0,55,422,58,7.275862068965517
line_27,r02,qft,16,1,11,171,58,2.9482758620689653
line_27,r02,qft,16,1,22,181,58,3.1206896551724137
line_27,r02,qft,16,1,33,175,58,3.0172413793103448
line_27,r02,qft,16,1,44,173,58,2.9827586206896552
line_27,r02,qft,16,1,55,163,58,2.810344827586207
line_27,r02,qft,16,3,11,135,58,2.3275862068965516
line_27,r02,qft,16,3,22,127,58,2.189655172413793
line_27,r02,qft,16,3,33,135,58,2.3275862068965516
line_27,r02,qft,16,3,44,118,58,2.0344827586206895
line_27,r02,qft,16,3,55,125,58,2.1551724137931036
line_27,r02,qft,20,0,11,662,74,8.945945945945946
line_27,r02,qft,20,0,22,658,74,8.891891891891891
line_27,r02,qft,20,0,33,549,74,7.418918918918919
line_27,r02,qft,20,0,44,611,74,8.256756756756756
line_27,r02,qft,20,0,55,622,74,8.405405405405405
line_27,r02,qft,20,1,11,236,74,3.189189189189189
line_27,r02,qft,20,1,22,232,74,3.135135135135135
line_27,r02,qft,20,1,33,219,74,2.9594594594594597
line_27,r02,qft,20,1,44,211,74,2.8513513513513513
line_27,r02,qft,20,1,55,219,74,2.9594594594594597
line_27,r02,qft,20,3,11,169,74,2.2837837837837838
line_27,r02,qft,20,3,22,169,74,2.2837837837837838
line_27,r02,qft,20,3,33,169,74,2.2837837837837838
line_27,r02,qft,20,3,44,177,74,2.391891891891892
line_27,r02,qft,20,3,55,163,74,2.2027027027027026
line_27,r02,qft,24,0,11,808,90,8.977777777777778
line_27,r02,qft,24,0,22,930,90,10.333333333333334
line_27,r02,qft,24,0,33,797,90,8.855555555555556
line_27,r02,qft,24,0,44,857,90,9.522222222222222
line_27,r02,qft,24,0,55,861,90,9.566666666666666
line_27,r02,qft,24,1,11,278,90,3.088888888888889
line_27,r02,qft,24,1,22,263,90,2.922222222222222
line_27,r02,qft,24,1,33,267,90,2.966666666666667
line_27,r02,qft,24,1,44,269,90,2.988888888888889
line_27,r02,qft,24,1,55,264,90,2.933333333333333
line_27,r02,qft,24,3,11,203,90,2.2555555555555555
line_27,r02,qft,24,3,22,207,90,2.3
line_27,r02,qft,24,3,33,213,90,2.3666666666666667
line_27,r02,qft,24,3,44,188,90,2.088888888888889
line_27,r02,qft,24,3,55,210,90,2.3333333333333335
line_27,r02,ghz_chain,4,0,11,47,3,15.666666666666666
line_27,r02,ghz_chain,4,0,22,44,3,14.666666666666666
line_27,r02,ghz_chain,4,0,33,35,3,11.666666666666666
line_27,r02,ghz_chain,4,0,44,35,3,11.666666666666666
line_27,r02,ghz_chain,4,0,55,56,3,18.666666666666668
line_27,r02,ghz_chain,4,1,11,3,3,1.0
line_27,r02,ghz_chain,4,1,22,3,3,1.0
line_27,r02,ghz_chain,4,1,33,3,3,1.0
line_27,r02,ghz_chain,4,1,44,3,3,1.0
line_27,r02,ghz_chain,4,1,55,3,3,1.0
line_27,r02,ghz_chain,4,3,11,3,3,1.0
line_27,r02,ghz_chain,4,3,22,3,3,1.0
line_27,r02,ghz_chain,4,3,33,3,3,1.0
line_27,r02,ghz_chain,4,3,44,3,3,1.0
line_27,r02,ghz_chain,4,3,55,3,3,1.0
line_27,r02,ghz_chain,8,0,11,43,7,6.142857142857143
line_27,r02,ghz_chain,8,0,22,63,7,9.0
line_27,r02,ghz_chain,8,0,33,63,7,9.0
line_27,r02,ghz_chain,8,0,44,67,7,9.571428571428571
line_27,r02,ghz_chain,8,0,55,59,7,8.428571428571429
line_27,r02,ghz_chain,8,1,11,7,7,1.0
line_27,r02,ghz_chain,8,1,22,7,7,1.0
line_27,r02,ghz_chain,8,1,33,7,7,1.0
line_27,r02,ghz_chain,8,1,44,7,7,1.0
line_27,r02,ghz_chain,8,1,55,7,7,1.0
line_27,r02,ghz_chain,8,3,11,7,7,1.0
line_27,r02,ghz_chain,8,3,22,7,7,1.0
line_27,r02,ghz_chain,8,3,33,7,7,1.0
line_27,r02,ghz_chain,8,3,44,7,7,1.0
line_27,r02,ghz_chain,8,3,55,7,7,1.0
line_27,r02,ghz_chain,12,0,11,77,11,7.0
line_27,r02,ghz_chain,12,0,22,119,11,10.818181818181818
line_27,r02,ghz_chain,12,0,33,104,11,9.454545454545455
line_27,r02,ghz_chain,12,0,44,106,11,9.636363636363637
line_27,r02,ghz_chain,12,0,55,105,11,9.545454545454545
line_27,r02,ghz_chain,12,1,11,11,11,1.0
line_27,r02,ghz_chain,12,1,22,11,11,1.0
line_27,r02,ghz_chain,12,1,33,11,11,1.0
line_27,r02,ghz_chain,12,1,44,11,11,1.0
line_27,r02,ghz_chain,12,1,55,11,11,1.0
line_27,r02,ghz_chain,12,3,11,11,11,1.0
line_27,r02,ghz_chain,12,3,22,11,11,1.0
line_27,r02,ghz_chain,12,3,33,11,11,1.0
line_27,r02,ghz_chain,12,3,44,11,11,1.0
line_27,r02,ghz_chain,12,3,55,11,11,1.0
line_27,r02,ghz_chain,16,0,11,123,15,8.2
line_27,r02,ghz_chain,16,0,22,155,15,10.333333333333334
line_27,r02,ghz_chain,16,0,33,156,15,10.4
line_27,r02,ghz_chain,16,0,44,155,15,10.333333333333334
line_27,r02,ghz_chain,16,0,55,179,15,11.933333333333334
line_27,r02,ghz_chain,16,1,11,15,15,1.0
line_27,r02,ghz_chain,16,1,22,15,15,1.0
line_27,r02,ghz_chain,16,1,33,15,15,1.0
line_27,r02,ghz_chain,16,1,44,15,15,1.0
line_27,r02,ghz_chain,16,1,55,15,15,1.0
line_27,r02,ghz_chain,16,3,11,15,15,1.0
line_27,r02,ghz_chain,16,3,22,15,15,1.0
line_27,r02,ghz_chain,16,3,33,15,15,1.0
line_27,r02,ghz_chain,16,3,44,15,15,1.0
line_27,r02,ghz_chain,16,3,55,15,15,1.0
line_27,r02,ghz_chain,20,0,11,180,19,9.473684210526315
line_27,r02,ghz_chain,20,0,22,195,19,10.263157894736842
line_27,r02,ghz_chain,20,0,33,213,19,11.210526315789474
line_27,r02,ghz_chain,20,0,44,214,19,11.263157894736842
line_27,r02,ghz_chain,20,0,55,228,19,12.0
line_27,r02,ghz_chain,20,1,11,19,19,1.0
line_27,r02,ghz_chain,20,1,22,19,19,1.0
line_27,r02,ghz_chain,20,1,33,19,19,1.0
line_27,r02,ghz_chain,20,1,44,19,19,1.0
line_27,r02,ghz_chain,20,1,55,19,19,1.0
line_27,r02,ghz_chain,20,3,11,19,19,1.0
line_27,r02,ghz_chain,20,3,22,19,19,1.0
line_27,r02,ghz_chain,20,3,33,19,19,1.0
line_27,r02,ghz_chain,20,3,44,19,19,1.0
line_27,r02,ghz_chain,20,3,55,19,19,1.0
line_27,r02,ghz_chain,24,0,11,244,23,10.608695652173912
line_27,r02,ghz_chain,24,0,22,274,23,11.91304347826087
line_27,r02,ghz_chain,24,0,33,271,23,11.782608695652174
line_27,r02,ghz_chain,24,0,44,285,23,12.391304347826088
line_27,r02,ghz_chain,24,0,55,304,23,13.217391304347826
line_27,r02,ghz_chain,24,1,11,23,23,1.0
line_27,r02,ghz_chain,24,1,22,23,23,1.0
line_27,r02,ghz_chain,24,1,33,23,23,1.0
line_27,r02,ghz_chain,24,1,44,23,23,1.0
line_27,r02,ghz_chain,24,1,55,23,23,1.0
line_27,r02,ghz_chain,24,3,11,23,23,1.0
line_27,r02,ghz_chain,24,3,22,23,23,1.0
line_27,r02,ghz_chain,24,3,33,23,23,1.0
line_27,r02,ghz_chain,24,3,44,23,23,1.0
line_27,r02,ghz_chain,24,3,55,23,23,1.0
line_27,r02,ghz_star,4,0,11,44,3,14.666666666666666
line_27,r02,ghz_star,4,0,22,47,3,15.666666666666666
line_27,r02,ghz_star,4,0,33,38,3,12.666666666666666
line_27,r02,ghz_star,4,0,44,38,3,12.666666666666666
line_27,r02,ghz_star,4,0,55,50,3,16.666666666666668
line_27,r02,ghz_star,4,1,11,6,3,2.0
line_27,r02,ghz_star,4,1,22,6,3,2.0
line_27,r02,ghz_star,4,1,33,6,3,2.0
line_27,r02,ghz_star,4,1,44,6,3,2.0
line_27,r02,ghz_star,4,1,55,5,3,1.6666666666666667
line_27,r02,ghz_star,4,3,11,4,3,1.3333333333333333
line_27,r02,ghz_star,4,3,22,6,3,2.0
line_27,r02,ghz_star,4,3,33,4,3,1.3333333333333333
line_27,r02,ghz_star,4,3,44,6,3,2.0
line_27,r02,ghz_star,4,3,55,5,3,1.6666666666666667
line_27,r02,ghz_star,8,0,11,82,7,11.714285714285714
line_27,r02,ghz_star,8,0,22,69,7,9.857142857142858
line_27,r02,ghz_star,8,0,33,65,7,9.285714285714286
line_27,r02,ghz_star,8,0,44,56,7,8.0
line_27,r02,ghz_star,8,0,55,78,7,11.142857142857142
line_27,r02,ghz_star,8,1,11,30,7,4.285714285714286
line_27,r02,ghz_star,8,1,22,30,7,4.285714285714286
line_27,r02,ghz_star,8,1,33,30,7,4.285714285714286
line_27,r02,ghz_star,8,1,44,31,7,4.428571428571429
line_27,r02,ghz_star,8,1,55,28,7,4.0
line_27,r02,ghz_star,8,3,11,27,7,3.857142857142857
line_27,r02,ghz_star,8,3,22,21,7,3.0
line_27,r02,ghz_star,8,3,33,23,7,3.2857142857142856
line_27,r02,ghz_star,8,3,44,18,7,2.5714285714285716
line_27,r02,ghz_star,8,3,55,23,7,3.2857142857142856
line_27,r02,ghz_star,12,0,11,111,11,10.090909090909092
line_27,r02,ghz_star,12,0,22,122,11,11.090909090909092
line_27,r02,ghz_star,12,0,33,115,11,10.454545454545455
line_27,r02,ghz_star,12,0,44,105,11,9.545454545454545
line_27,r02,ghz_star,12,0,55,93,11,8.454545454545455
line_27,r02,ghz_star,12,1,11,80,11,7.2727272727272725
line_27,r02,ghz_star,12,1,22,61,11,5.545454545454546
line_27,r02,ghz_star,12,1,33,61,11,5.545454545454546
line_27,r02,ghz_star,12,1,44,79,11,7.181818181818182
line_27,r02,ghz_star,12,1,55,47,11,4.2727272727272725
line_27,r02,ghz_star,12,3,11,46,11,4.181818181818182
line_27,r02,ghz_star,12,3,22,48,11,4.363636363636363
line_27,r02,ghz_star,12,3,33,48,11,4.363636363636363
line_27,r02,ghz_star,12,3,44,44,11,4.0
line_27,r02,ghz_star,12,3,55,38,11,3.4545454545454546
line_27,r02,ghz_star,16,0,11,135,15,9.0
line_27,r02,ghz_star,16,0,22,182,15,12.133333333333333
line_27,r02,ghz_star,16,0,33,159,15,10.6
line_27,r02,ghz_star,16,0,44,160,15,10.666666666666666
line_27,r02,ghz_star,16,0,55,162,15,10.8
line_27,r02,ghz_star,16,1,11,116,15,7.733333333333333
line_27,r02,ghz_star,16,1,22,126,15,8.4
line_27,r02,ghz_star,16,1,33,83,15,5.533333333333333
line_27,r02,ghz_star,16,1,44,97,15,6.466666666666667
line_27,r02,ghz_star,16,1,55,104,15,6.933333333333334
line_27,r02,ghz_star,16,3,11,74,15,4.933333333333334
line_27,r02,ghz_star,16,3,22,79,15,5.266666666666667
line_27,r02,ghz_star,16,3,33,60,15,4.0
line_27,r02,ghz_star,16,3,44,64,15,4.266666666666667
line_27,r02,ghz_star,16,3,55,71,15,4.733333333333333
line_27,r02,ghz_star,20,0,11,209,19,11.0
line_27,r02,ghz_star,20,0,22,229,19,12.052631578947368
line_27,r02,ghz_star,20,0,33,199,19,10.473684210526315
line_27,r02,ghz_star,20,0,44,200,19,10.526315789473685
line_27,r02,ghz_star,20,0,55,198,19,10.421052631578947
line_27,r02,ghz_star,20,1,11,180,19,9.473684210526315
line_27,r02,ghz_star,20,1,22,190,19,10.0
line_27,r02,ghz_star,20,1,33,126,19,6.631578947368421
line_27,r02,ghz_star,20,1,44,164,19,8.631578947368421
line_27,r02,ghz_star,20,1,55,140,19,7.368421052631579
line_27,r02,ghz_star,20,3,11,128,19,6.7368421052631575
line_27,r02,ghz_star,20,3,22,112,19,5.894736842105263
line_27,r02,ghz_star,20,3,33,104,19,5.473684210526316
line_27,r02,ghz_star,20,3,44,115,19,6.052631578947368
line_27,r02,ghz_star,20,3,55,97,19,5.105263157894737
line_27,r02,ghz_star,24,0,11,257,23,11.173913043478262
line_27,r02,ghz_star,24,0,22,317,23,13.782608695652174
line_27,r02,ghz_star,24,0,33,278,23,12.08695652173913
line_27,r02,ghz_star,24,0,44,314,23,13.652173913043478
line_27,r02,ghz_star,24,0,55,287,23,12.478260869565217
line_27,r02,ghz_star,24,1,11,235,23,10.217391304347826
line_27,r02,ghz_star,24,1,22,226,23,9.826086956521738
line_27,r02,ghz_star,24,1,33,185,23,8.043478260869565
line_27,r02,ghz_star,24,1,44,209,23,9.08695652173913
line_27,r02,ghz_star,24,1,55,188,23,8.173913043478262
line_27,r02,ghz_star,24,3,11,148,23,6.434782608695652
line_27,r02,ghz_star,24,3,22,147,23,6.391304347826087
line_27,r02,ghz_star,24,3,33,137,23,5.956521739130435
line_27,r02,ghz_star,24,3,44,138,23,6.0
line_27,r02,ghz_star,24,3,55,167,23,7.260869565217392
line_27,r02,efficient_su2,4,0,11,79,8,9.875
line_27,r02,efficient_su2,4,0,22,63,8,7.875
line_27,r02,efficient_su2,4,0,33,83,8,10.375
line_27,r02,efficient_su2,4,0,44,64,8,8.0
line_27,r02,efficient_su2,4,0,55,83,8,10.375
line_27,r02,efficient_su2,4,1,11,17,8,2.125
line_27,r02,efficient_su2,4,1,22,19,8,2.375
line_27,r02,efficient_su2,4,1,33,16,8,2.0
line_27,r02,efficient_su2,4,1,44,16,8,2.0
line_27,r02,efficient_su2,4,1,55,17,8,2.125
line_27,r02,efficient_su2,4,3,11,17,8,2.125
line_27,r02,efficient_su2,4,3,22,14,8,1.75
line_27,r02,efficient_su2,4,3,33,14,8,1.75
line_27,r02,efficient_su2,4,3,44,14,8,1.75
line_27,r02,efficient_su2,4,3,55,14,8,1.75
line_27,r02,efficient_su2,8,0,11,118,16,7.375
line_27,r02,efficient_su2,8,0,22,130,16,8.125
line_27,r02,efficient_su2,8,0,33,116,16,7.25
line_27,r02,efficient_su2,8,0,44,121,16,7.5625
line_27,r02,efficient_su2,8,0,55,118,16,7.375
line_27,r02,efficient_su2,8,1,11,50,16,3.125
line_27,r02,efficient_su2,8,1,22,50,16,3.125
line_27,r02,efficient_su2,8,1,33,50,16,3.125
line_27,r02,efficient_su2,8,1,44,50,16,3.125
line_27,r02,efficient_su2,8,1,55,50,16,3.125
line_27,r02,efficient_su2,8,3,11,46,16,2.875
line_27,r02,efficient_su2,8,3,22,46,16,2.875
line_27,r02,efficient_su2,8,3,33,46,16,2.875
line_27,r02,efficient_su2,8,3,44,46,16,2.875
line_27,r02,efficient_su2,8,3,55,46,16,2.875
line_27,r02,efficient_su2,12,0,11,164,24,6.833333333333333
line_27,r02,efficient_su2,12,0,22,189,24,7.875
line_27,r02,efficient_su2,12,0,33,208,24,8.666666666666666
line_27,r02,efficient_su2,12,0,44,224,24,9.333333333333334
line_27,r02,efficient_su2,12,0,55,180,24,7.5
line_27,r02,efficient_su2,12,1,11,82,24,3.4166666666666665
line_27,r02,efficient_su2,12,1,22,82,24,3.4166666666666665
line_27,r02,efficient_su2,12,1,33,82,24,3.4166666666666665
line_27,r02,efficient_su2,12,1,44,82,24,3.4166666666666665
line_27,r02,efficient_su2,12,1,55,82,24,3.4166666666666665
line_27,r02,efficient_su2,12,3,11,78,24,3.25
line_27,r02,efficient_su2,12,3,22,78,24,3.25
line_27,r02,efficient_su2,12,3,33,78,24,3.25
line_27,r02,efficient_su2,12,3,44,78,24,3.25
line_27,r02,efficient_su2,12,3,55,78,24,3.25
line_27,r02,efficient_su2,16,0,11,302,32,9.4375
line_27,r02,efficient_su2,16,0,22,292,32,9.125
line_27,r02,efficient_su2,16,0,33,338,32,10.5625
line_27,r02,efficient_su2,16,0,44,316,32,9.875
line_27,r02,efficient_su2,16,0,55,306,32,9.5625
line_27,r02,efficient_su2,16,1,11,114,32,3.5625
line_27,r02,efficient_su2,16,1,22,114,32,3.5625
line_27,r02,efficient_su2,16,1,33,114,32,3.5625
line_27,r02,efficient_su2,16,1,44,114,32,3.5625
line_27,r02,efficient_su2,16,1,55,114,32,3.5625
line_27,r02,efficient_su2,16,3,11,110,32,3.4375
line_27,r02,efficient_su2,16,3,22,110,32,3.4375
line_27,r02,efficient_su2,16,3,33,110,32,3.4375
line_27,r02,efficient_su2,16,3,44,110,32,3.4375
line_27,r02,efficient_su2,16,3,55,110,32,3.4375
line_27,r02,efficient_su2,20,0,11,406,40,10.15
line_27,r02,efficient_su2,20,0,22,392,40,9.8
line_27,r02,efficient_su2,20,0,33,395,40,9.875
line_27,r02,efficient_su2,20,0,44,410,40,10.25
line_27,r02,efficient_su2,20,0,55,422,40,10.55
line_27,r02,efficient_su2,20,1,11,146,40,3.65
line_27,r02,efficient_su2,20,1,22,146,40,3.65
line_27,r02,efficient_su2,20,1,33,146,40,3.65
line_27,r02,efficient_su2,20,1,44,146,40,3.65
line_27,r02,efficient_su2,20,1,55,146,40,3.65
line_27,r02,efficient_su2,20,3,11,142,40,3.55
line_27,r02,efficient_su2,20,3,22,142,40,3.55
line_27,r02,efficient_su2,20,3,33,142,40,3.55
line_27,r02,efficient_su2,20,3,44,142,40,3.55
line_27,r02,efficient_su2,20,3,55,142,40,3.55
line_27,r02,efficient_su2,24,0,11,594,48,12.375
line_27,r02,efficient_su2,24,0,22,543,48,11.3125
line_27,r02,efficient_su2,24,0,33,511,48,10.645833333333334
line_27,r02,efficient_su2,24,0,44,563,48,11.729166666666666
line_27,r02,efficient_su2,24,0,55,495,48,10.3125
line_27,r02,efficient_su2,24,1,11,178,48,3.7083333333333335
line_27,r02,efficient_su2,24,1,22,178,48,3.7083333333333335
line_27,r02,efficient_su2,24,1,33,178,48,3.7083333333333335
line_27,r02,efficient_su2,24,1,44,178,48,3.7083333333333335
line_27,r02,efficient_su2,24,1,55,178,48,3.7083333333333335
line_27,r02,efficient_su2,24,3,11,174,48,3.625
line_27,r02,efficient_su2,24,3,22,174,48,3.625
line_27,r02,efficient_su2,24,3,33,174,48,3.625
line_27,r02,efficient_su2,24,3,44,174,48,3.625
line_27,r02,efficient_su2,24,3,55,174,48,3.625
line_27,r03,qft,4,0,11,53,10,5.3
line_27,r03,qft,4,0,22,67,10,6.7
line_27,r03,qft,4,0,33,62,10,6.2
line_27,r03,qft,4,0,44,61,10,6.1
line_27,r03,qft,4,0,55,58,10,5.8
line_27,r03,qft,4,1,11,19,10,1.9
line_27,r03,qft,4,1,22,19,10,1.9
line_27,r03,qft,4,1,33,19,10,1.9
line_27,r03,qft,4,1,44,19,10,1.9
line_27,r03,qft,4,1,55,19,10,1.9
line_27,r03,qft,4,3,11,15,10,1.5
line_27,r03,qft,4,3,22,15,10,1.5
line_27,r03,qft,4,3,33,15,10,1.5
line_27,r03,qft,4,3,44,15,10,1.5
line_27,r03,qft,4,3,55,17,10,1.7
line_27,r03,qft,8,0,11,173,26,6.653846153846154
line_27,r03,qft,8,0,22,196,26,7.538461538461538
line_27,r03,qft,8,0,33,178,26,6.846153846153846
line_27,r03,qft,8,0,44,192,26,7.384615384615385
line_27,r03,qft,8,0,55,157,26,6.038461538461538
line_27,r03,qft,8,1,11,63,26,2.423076923076923
line_27,r03,qft,8,1,22,68,26,2.6153846153846154
line_27,r03,qft,8,1,33,67,26,2.576923076923077
line_27,r03,qft,8,1,44,63,26,2.423076923076923
line_27,r03,qft,8,1,55,67,26,2.576923076923077
line_27,r03,qft,8,3,11,55,26,2.1153846153846154
line_27,r03,qft,8,3,22,52,26,2.0
line_27,r03,qft,8,3,33,57,26,2.1923076923076925
line_27,r03,qft,8,3,44,57,26,2.1923076923076925
line_27,r03,qft,8,3,55,57,26,2.1923076923076925
line_27,r03,qft,12,0,11,290,42,6.904761904761905
line_27,r03,qft,12,0,22,298,42,7.095238095238095
line_27,r03,qft,12,0,33,314,42,7.476190476190476
line_27,r03,qft,12,0,44,339,42,8.071428571428571
line_27,r03,qft,12,0,55,308,42,7.333333333333333
line_27,r03,qft,12,1,11,118,42,2.8095238095238093
line_27,r03,qft,12,1,22,125,42,2.9761904761904763
line_27,r03,qft,12,1,33,115,42,2.738095238095238
line_27,r03,qft,12,1,44,119,42,2.8333333333333335
line_27,r03,qft,12,1,55,123,42,2.9285714285714284
line_27,r03,qft,12,3,11,91,42,2.1666666666666665
line_27,r03,qft,12,3,22,86,42,2.0476190476190474
line_27,r03,qft,12,3,33,94,42,2.238095238095238
line_27,r03,qft,12,3,44,91,42,2.1666666666666665
line_27,r03,qft,12,3,55,97,42,2.3095238095238093
line_27,r03,qft,16,0,11,446,58,7.689655172413793
line_27,r03,qft,16,0,22,428,58,7.379310344827586
line_27,r03,qft,16,0,33,479,58,8.258620689655173
line_27,r03,qft,16,0,44,422,58,7.275862068965517
line_27,r03,qft,16,0,55,433,58,7.4655172413793105
line_27,r03,qft,16,1,11,179,58,3.086206896551724
line_27,r03,qft,16,1,22,157,58,2.706896551724138
line_27,r03,qft,16,1,33,173,58,2.9827586206896552
line_27,r03,qft,16,1,44,176,58,3.0344827586206895
line_27,r03,qft,16,1,55,165,58,2.8448275862068964
line_27,r03,qft,16,3,11,127,58,2.189655172413793
line_27,r03,qft,16,3,22,131,58,2.2586206896551726
line_27,r03,qft,16,3,33,135,58,2.3275862068965516
line_27,r03,qft,16,3,44,135,58,2.3275862068965516
line_27,r03,qft,16,3,55,115,58,1.9827586206896552
line_27,r03,qft,20,0,11,639,74,8.635135135135135
line_27,r03,qft,20,0,22,732,74,9.891891891891891
line_27,r03,qft,20,0,33,706,74,9.54054054054054
line_27,r03,qft,20,0,44,733,74,9.905405405405405
line_27,r03,qft,20,0,55,613,74,8.283783783783784
line_27,r03,qft,20,1,11,221,74,2.9864864864864864
line_27,r03,qft,20,1,22,223,74,3.0135135135135136
line_27,r03,qft,20,1,33,215,74,2.9054054054054053
line_27,r03,qft,20,1,44,227,74,3.0675675675675675
line_27,r03,qft,20,1,55,219,74,2.9594594594594597
line_27,r03,qft,20,3,11,152,74,2.054054054054054
line_27,r03,qft,20,3,22,161,74,2.175675675675676
line_27,r03,qft,20,3,33,169,74,2.2837837837837838
line_27,r03,qft,20,3,44,159,74,2.1486486486486487
line_27,r03,qft,20,3,55,159,74,2.1486486486486487
line_27,r03,qft,24,0,11,941,90,10.455555555555556
line_27,r03,qft,24,0,22,922,90,10.244444444444444
line_27,r03,qft,24,0,33,844,90,9.377777777777778
line_27,r03,qft,24,0,44,837,90,9.3
line_27,r03,qft,24,0,55,854,90,9.488888888888889
line_27,r03,qft,24,1,11,288,90,3.2
line_27,r03,qft,24,1,22,277,90,3.077777777777778
line_27,r03,qft,24,1,33,251,90,2.7888888888888888
line_27,r03,qft,24,1,44,259,90,2.8777777777777778
line_27,r03,qft,24,1,55,280,90,3.111111111111111
line_27,r03,qft,24,3,11,210,90,2.3333333333333335
line_27,r03,qft,24,3,22,197,90,2.188888888888889
line_27,r03,qft,24,3,33,207,90,2.3
line_27,r03,qft,24,3,44,192,90,2.1333333333333333
line_27,r03,qft,24,3,55,215,90,2.388888888888889
line_27,r03,ghz_chain,4,0,11,63,3,21.0
line_27,r03,ghz_chain,4,0,22,50,3,16.666666666666668
line_27,r03,ghz_chain,4,0,33,53,3,17.666666666666668
line_27,r03,ghz_chain,4,0,44,44,3,14.666666666666666
line_27,r03,ghz_chain,4,0,55,48,3,16.0
line_27,r03,ghz_chain,4,1,11,3,3,1.0
line_27,r03,ghz_chain,4,1,22,3,3,1.0
line_27,r03,ghz_chain,4,1,33,3,3,1.0
line_27,r03,ghz_chain,4,1,44,3,3,1.0
line_27,r03,ghz_chain,4,1,55,3,3,1.0
line_27,r03,ghz_chain,4,3,11,3,3,1.0
line_27,r03,ghz_chain,4,3,22,3,3,1.0
line_27,r03,ghz_chain,4,3,33,3,3,1.0
line_27,r03,ghz_chain,4,3,44,3,3,1.0
line_27,r03,ghz_chain,4,3,55,3,3,1.0
line_27,r03,ghz_chain,8,0,11,115,7,16.428571428571427
line_27,r03,ghz_chain,8,0,22,102,7,14.571428571428571
line_27,r03,ghz_chain,8,0,33,105,7,15.0
line_27,r03,ghz_chain,8,0,44,79,7,11.285714285714286
line_27,r03,ghz_chain,8,0,55,112,7,16.0
line_27,r03,ghz_chain,8,1,11,7,7,1.0
line_27,r03,ghz_chain,8,1,22,7,7,1.0
line_27,r03,ghz_chain,8,1,33,7,7,1.0
line_27,r03,ghz_chain,8,1,44,7,7,1.0
line_27,r03,ghz_chain,8,1,55,7,7,1.0
line_27,r03,ghz_chain,8,3,11,7,7,1.0
line_27,r03,ghz_chain,8,3,22,7,7,1.0
line_27,r03,ghz_chain,8,3,33,7,7,1.0
line_27,r03,ghz_chain,8,3,44,7,7,1.0
line_27,r03,ghz_chain,8,3,55,7,7,1.0
line_27,r03,ghz_chain,12,0,11,152,11,13.818181818181818
line_27,r03,ghz_chain,12,0,22,148,11,13.454545454545455
line_27,r03,ghz_chain,12,0,33,148,11,13.454545454545455
line_27,r03,ghz_chain,12,0,44,122,11,11.090909090909092
line_27,r03,ghz_chain,12,0,55,185,11,16.818181818181817
line_27,r03,ghz_chain,12,1,11,11,11,1.0
line_27,r03,ghz_chain,12,1,22,11,11,1.0
line_27,r03,ghz_chain,12,1,33,11,11,1.0
line_27,r03,ghz_chain,12,1,44,11,11,1.0
line_27,r03,ghz_chain,12,1,55,11,11,1.0
line_27,r03,ghz_chain,12,3,11,11,11,1.0
line_27,r03,ghz_chain,12,3,22,11,11,1.0
line_27,r03,ghz_chain,12,3,33,11,11,1.0
line_27,r03,ghz_chain,12,3,44,11,11,1.0
line_27,r03,ghz_chain,12,3,55,11,11,1.0
line_27,r03,ghz_chain,16,0,11,213,15,14.2
line_27,r03,ghz_chain,16,0,22,215,15,14.333333333333334
line_27,r03,ghz_chain,16,0,33,218,15,14.533333333333333
line_27,r03,ghz_chain,16,0,44,204,15,13.6
line_27,r03,ghz_chain,16,0,55,237,15,15.8
line_27,r03,ghz_chain,16,1,11,15,15,1.0
line_27,r03,ghz_chain,16,1,22,15,15,1.0
line_27,r03,ghz_chain,16,1,33,15,15,1.0
line_27,r03,ghz_chain,16,1,44,15,15,1.0
line_27,r03,ghz_chain,16,1,55,15,15,1.0
line_27,r03,ghz_chain,16,3,11,15,15,1.0
line_27,r03,ghz_chain,16,3,22,15,15,1.0
line_27,r03,ghz_chain,16,3,33,15,15,1.0
line_27,r03,ghz_chain,16,3,44,15,15,1.0
line_27,r03,ghz_chain,16,3,55,15,15,1.0
line_27,r03,ghz_chain,20,0,11,274,19,14.421052631578947
line_27,r03,ghz_chain,20,0,22,273,19,14.368421052631579
line_27,r03,ghz_chain,20,0,33,258,19,13.578947368421053
line_27,r03,ghz_chain,20,0,44,253,19,13.31578947368421
line_27,r03,ghz_chain,20,0,55,305,19,16.05263157894737
line_27,r03,ghz_chain,20,1,11,19,19,1.0
line_27,r03,ghz_chain,20,1,22,19,19,1.0
line_27,r03,ghz_chain,20,1,33,19,19,1.0
line_27,r03,ghz_chain,20,1,44,19,19,1.0
line_27,r03,ghz_chain,20,1,55,19,19,1.0
line_27,r03,ghz_chain,20,3,11,19,19,1.0
line_27,r03,ghz_chain,20,3,22,19,19,1.0
line_27,r03,ghz_chain,20,3,33,19,19,1.0
line_27,r03,ghz_chain,20,3,44,19,19,1.0
line_27,r03,ghz_chain,20,3,55,19,19,1.0
line_27,r03,ghz_chain,24,0,11,326,23,14.173913043478262
line_27,r03,ghz_chain,24,0,22,325,23,14.130434782608695
line_27,r03,ghz_chain,24,0,33,301,23,13.08695652173913
line_27,r03,ghz_chain,24,0,44,314,23,13.652173913043478
line_27,r03,ghz_chain,24,0,55,375,23,16.304347826086957
line_27,r03,ghz_chain,24,1,11,23,23,1.0
line_27,r03,ghz_chain,24,1,22,23,23,1.0
line_27,r03,ghz_chain,24,1,33,23,23,1.0
line_27,r03,ghz_chain,24,1,44,23,23,1.0
line_27,r03,ghz_chain,24,1,55,23,23,1.0
line_27,r03,ghz_chain,24,3,11,23,23,1.0
line_27,r03,ghz_chain,24,3,22,23,23,1.0
line_27,r03,ghz_chain,24,3,33,23,23,1.0
line_27,r03,ghz_chain,24,3,44,23,23,1.0
line_27,r03,ghz_chain,24,3,55,23,23,1.0
line_27,r03,ghz_star,4,0,11,60,3,20.0
line_27,r03,ghz_star,4,0,22,47,3,15.666666666666666
line_27,r03,ghz_star,4,0,33,50,3,16.666666666666668
line_27,r03,ghz_star,4,0,44,47,3,15.666666666666666
line_27,r03,ghz_star,4,0,55,48,3,16.0
line_27,r03,ghz_star,4,1,11,6,3,2.0
line_27,r03,ghz_star,4,1,22,6,3,2.0
line_27,r03,ghz_star,4,1,33,6,3,2.0
line_27,r03,ghz_star,4,1,44,6,3,2.0
line_27,r03,ghz_star,4,1,55,5,3,1.6666666666666667
line_27,r03,ghz_star,4,3,11,4,3,1.3333333333333333
line_27,r03,ghz_star,4,3,22,5,3,1.6666666666666667
line_27,r03,ghz_star,4,3,33,4,3,1.3333333333333333
line_27,r03,ghz_star,4,3,44,6,3,2.0
line_27,r03,ghz_star,4,3,55,5,3,1.6666666666666667
line_27,r03,ghz_star,8,0,11,90,7,12.857142857142858
line_27,r03,ghz_star,8,0,22,102,7,14.571428571428571
line_27,r03,ghz_star,8,0,33,96,7,13.714285714285714
line_27,r03,ghz_star,8,0,44,73,7,10.428571428571429
line_27,r03,ghz_star,8,0,55,106,7,15.142857142857142
line_27,r03,ghz_star,8,1,11,25,7,3.5714285714285716
line_27,r03,ghz_star,8,1,22,22,7,3.142857142857143
line_27,r03,ghz_star,8,1,33,28,7,4.0
line_27,r03,ghz_star,8,1,44,21,7,3.0
line_27,r03,ghz_star,8,1,55,25,7,3.5714285714285716
line_27,r03,ghz_star,8,3,11,20,7,2.857142857142857
line_27,r03,ghz_star,8,3,22,18,7,2.5714285714285716
line_27,r03,ghz_star,8,3,33,20,7,2.857142857142857
line_27,r03,ghz_star,8,3,44,23,7,3.2857142857142856
line_27,r03,ghz_star,8,3,55,22,7,3.142857142857143
line_27,r03,ghz_star,12,0,11,133,11,12.090909090909092
line_27,r03,ghz_star,12,0,22,154,11,14.0
line_27,r03,ghz_star,12,0,33,145,11,13.181818181818182
line_27,r03,ghz_star,12,0,44,119,11,10.818181818181818
line_27,r03,ghz_star,12,0,55,185,11,16.818181818181817
line_27,r03,ghz_star,12,1,11,41,11,3.727272727272727
line_27,r03,ghz_star,12,1,22,41,11,3.727272727272727
line_27,r03,ghz_star,12,1,33,41,11,3.727272727272727
line_27,r03,ghz_star,12,1,44,41,11,3.727272727272727
line_27,r03,ghz_star,12,1,55,41,11,3.727272727272727
line_27,r03,ghz_star,12,3,11,32,11,2.909090909090909
line_27,r03,ghz_star,12,3,22,32,11,2.909090909090909
line_27,r03,ghz_star,12,3,33,32,11,2.909090909090909
line_27,r03,ghz_star,12,3,44,32,11,2.909090909090909
line_27,r03,ghz_star,12,3,55,32,11,2.909090909090909
line_27,r03,ghz_star,16,0,11,222,15,14.8
line_27,r03,ghz_star,16,0,22,218,15,14.533333333333333
line_27,r03,ghz_star,16,0,33,215,15,14.333333333333334
line_27,r03,ghz_star,16,0,44,188,15,12.533333333333333
line_27,r03,ghz_star,16,0,55,186,15,12.4
line_27,r03,ghz_star,16,1,11,57,15,3.8
line_27,r03,ghz_star,16,1,22,57,15,3.8
line_27,r03,ghz_star,16,1,33,57,15,3.8
line_27,r03,ghz_star,16,1,44,57,15,3.8
line_27,r03,ghz_star,16,1,55,57,15,3.8
line_27,r03,ghz_star,16,3,11,42,15,2.8
line_27,r03,ghz_star,16,3,22,42,15,2.8
line_27,r03,ghz_star,16,3,33,40,15,2.6666666666666665
line_27,r03,ghz_star,16,3,44,40,15,2.6666666666666665
line_27,r03,ghz_star,16,3,55,40,15,2.6666666666666665
line_27,r03,ghz_star,20,0,11,292,19,15.368421052631579
line_27,r03,ghz_star,20,0,22,267,19,14.052631578947368
line_27,r03,ghz_star,20,0,33,258,19,13.578947368421053
line_27,r03,ghz_star,20,0,44,243,19,12.789473684210526
line_27,r03,ghz_star,20,0,55,277,19,14.578947368421053
line_27,r03,ghz_star,20,1,11,73,19,3.8421052631578947
line_27,r03,ghz_star,20,1,22,73,19,3.8421052631578947
line_27,r03,ghz_star,20,1,33,70,19,3.6842105263157894
line_27,r03,ghz_star,20,1,44,70,19,3.6842105263157894
line_27,r03,ghz_star,20,1,55,76,19,4.0
line_27,r03,ghz_star,20,3,11,50,19,2.6315789473684212
line_27,r03,ghz_star,20,3,22,50,19,2.6315789473684212
line_27,r03,ghz_star,20,3,33,50,19,2.6315789473684212
line_27,r03,ghz_star,20,3,44,48,19,2.526315789473684
line_27,r03,ghz_star,20,3,55,50,19,2.6315789473684212
line_27,r03,ghz_star,24,0,11,343,23,14.91304347826087
line_27,r03,ghz_star,24,0,22,316,23,13.73913043478261
line_27,r03,ghz_star,24,0,33,304,23,13.217391304347826
line_27,r03,ghz_star,24,0,44,319,23,13.869565217391305
line_27,r03,ghz_star,24,0,55,335,23,14.565217391304348
line_27,r03,ghz_star,24,1,11,89,23,3.869565217391304
line_27,r03,ghz_star,24,1,22,89,23,3.869565217391304
line_27,r03,ghz_star,24,1,33,89,23,3.869565217391304
line_27,r03,ghz_star,24,1,44,89,23,3.869565217391304
line_27,r03,ghz_star,24,1,55,89,23,3.869565217391304
line_27,r03,ghz_star,24,3,11,56,23,2.4347826086956523
line_27,r03,ghz_star,24,3,22,58,23,2.5217391304347827
line_27,r03,ghz_star,24,3,33,58,23,2.5217391304347827
line_27,r03,ghz_star,24,3,44,58,23,2.5217391304347827
line_27,r03,ghz_star,24,3,55,58,23,2.5217391304347827
line_27,r03,efficient_su2,4,0,11,64,8,8.0
line_27,r03,efficient_su2,4,0,22,72,8,9.0
line_27,r03,efficient_su2,4,0,33,80,8,10.0
line_27,r03,efficient_su2,4,0,44,61,8,7.625
line_27,r03,efficient_su2,4,0,55,74,8,9.25
line_27,r03,efficient_su2,4,1,11,17,8,2.125
line_27,r03,efficient_su2,4,1,22,17,8,2.125
line_27,r03,efficient_su2,4,1,33,16,8,2.0
line_27,r03,efficient_su2,4,1,44,16,8,2.0
line_27,r03,efficient_su2,4,1,55,17,8,2.125
line_27,r03,efficient_su2,4,3,11,17,8,2.125
line_27,r03,efficient_su2,4,3,22,16,8,2.0
line_27,r03,efficient_su2,4,3,33,14,8,1.75
line_27,r03,efficient_su2,4,3,44,14,8,1.75
line_27,r03,efficient_su2,4,3,55,14,8,1.75
line_27,r03,efficient_su2,8,0,11,152,16,9.5
line_27,r03,efficient_su2,8,0,22,181,16,11.3125
line_27,r03,efficient_su2,8,0,33,163,16,10.1875
line_27,r03,efficient_su2,8,0,44,154,16,9.625
line_27,r03,efficient_su2,8,0,55,173,16,10.8125
line_27,r03,efficient_su2,8,1,11,50,16,3.125
line_27,r03,efficient_su2,8,1,22,50,16,3.125
line_27,r03,efficient_su2,8,1,33,50,16,3.125
line_27,r03,efficient_su2,8,1,44,50,16,3.125
line_27,r03,efficient_su2,8,1,55,50,16,3.125
line_27,r03,efficient_su2,8,3,11,46,16,2.875
line_27,r03,efficient_su2,8,3,22,46,16,2.875
line_27,r03,efficient_su2,8,3,33,46,16,2.875
line_27,r03,efficient_su2,8,3,44,46,16,2.875
line_27,r03,efficient_su2,8,3,55,46,16,2.875
line_27,r03,efficient_su2,12,0,11,247,24,10.291666666666666
line_27,r03,efficient_su2,12,0,22,241,24,10.041666666666666
line_27,r03,efficient_su2,12,0,33,268,24,11.166666666666666
line_27,r03,efficient_su2,12,0,44,268,24,11.166666666666666
line_27,r03,efficient_su2,12,0,55,259,24,10.791666666666666
line_27,r03,efficient_su2,12,1,11,90,24,3.75
line_27,r03,efficient_su2,12,1,22,90,24,3.75
line_27,r03,efficient_su2,12,1,33,90,24,3.75
line_27,r03,efficient_su2,12,1,44,90,24,3.75
line_27,r03,efficient_su2,12,1,55,90,24,3.75
line_27,r03,efficient_su2,12,3,11,82,24,3.4166666666666665
line_27,r03,efficient_su2,12,3,22,82,24,3.4166666666666665
line_27,r03,efficient_su2,12,3,33,82,24,3.4166666666666665
line_27,r03,efficient_su2,12,3,44,82,24,3.4166666666666665
line_27,r03,efficient_su2,12,3,55,82,24,3.4166666666666665
line_27,r03,efficient_su2,16,0,11,406,32,12.6875
line_27,r03,efficient_su2,16,0,22,373,32,11.65625
line_27,r03,efficient_su2,16,0,33,402,32,12.5625
line_27,r03,efficient_su2,16,0,44,350,32,10.9375
line_27,r03,efficient_su2,16,0,55,348,32,10.875
line_27,r03,efficient_su2,16,1,11,122,32,3.8125
line_27,r03,efficient_su2,16,1,22,122,32,3.8125
line_27,r03,efficient_su2,16,1,33,122,32,3.8125
line_27,r03,efficient_su2,16,1,44,122,32,3.8125
line_27,r03,efficient_su2,16,1,55,122,32,3.8125
line_27,r03,efficient_su2,16,3,11,114,32,3.5625
line_27,r03,efficient_su2,16,3,22,114,32,3.5625
line_27,r03,efficient_su2,16,3,33,114,32,3.5625
line_27,r03,efficient_su2,16,3,44,114,32,3.5625
line_27,r03,efficient_su2,16,3,55,114,32,3.5625
line_27,r03,efficient_su2,20,0,11,457,40,11.425
line_27,r03,efficient_su2,20,0,22,490,40,12.25
line_27,r03,efficient_su2,20,0,33,461,40,11.525
line_27,r03,efficient_su2,20,0,44,407,40,10.175
line_27,r03,efficient_su2,20,0,55,382,40,9.55
line_27,r03,efficient_su2,20,1,11,154,40,3.85
line_27,r03,efficient_su2,20,1,22,154,40,3.85
line_27,r03,efficient_su2,20,1,33,154,40,3.85
line_27,r03,efficient_su2,20,1,44,154,40,3.85
line_27,r03,efficient_su2,20,1,55,154,40,3.85
line_27,r03,efficient_su2,20,3,11,146,40,3.65
line_27,r03,efficient_su2,20,3,22,146,40,3.65
line_27,r03,efficient_su2,20,3,33,146,40,3.65
line_27,r03,efficient_su2,20,3,44,146,40,3.65
line_27,r03,efficient_su2,20,3,55,146,40,3.65
line_27,r03,efficient_su2,24,0,11,727,48,15.145833333333334
line_27,r03,efficient_su2,24,0,22,662,48,13.791666666666666
line_27,r03,efficient_su2,24,0,33,687,48,14.3125
line_27,r03,efficient_su2,24,0,44,647,48,13.479166666666666
line_27,r03,efficient_su2,24,0,55,708,48,14.75
line_27,r03,efficient_su2,24,1,11,186,48,3.875
line_27,r03,efficient_su2,24,1,22,186,48,3.875
line_27,r03,efficient_su2,24,1,33,186,48,3.875
line_27,r03,efficient_su2,24,1,44,186,48,3.875
line_27,r03,efficient_su2,24,1,55,186,48,3.875
line_27,r03,efficient_su2,24,3,11,178,48,3.7083333333333335
line_27,r03,efficient_su2,24,3,22,178,48,3.7083333333333335
line_27,r03,efficient_su2,24,3,33,178,48,3.7083333333333335
line_27,r03,efficient_su2,24,3,44,174,48,3.625
line_27,r03,efficient_su2,24,3,55,178,48,3.7083333333333335
line_27,r04,qft,4,0,11,55,10,5.5
line_27,r04,qft,4,0,22,52,10,5.2
line_27,r04,qft,4,0,33,52,10,5.2
line_27,r04,qft,4,0,44,49,10,4.9
line_27,r04,qft,4,0,55,49,10,4.9
line_27,r04,qft,4,1,11,19,10,1.9
line_27,r04,qft,4,1,22,19,10,1.9
line_27,r04,qft,4,1,33,19,10,1.9
line_27,r04,qft,4,1,44,19,10,1.9
line_27,r04,qft,4,1,55,19,10,1.9
line_27,r04,qft,4,3,11,15,10,1.5
line_27,r04,qft,4,3,22,17,10,1.7
line_27,r04,qft,4,3,33,15,10,1.5
line_27,r04,qft,4,3,44,17,10,1.7
line_27,r04,qft,4,3,55,17,10,1.7
line_27,r04,qft,8,0,11,176,26,6.769230769230769
line_27,r04,qft,8,0,22,173,26,6.653846153846154
line_27,r04,qft,8,0,33,151,26,5.8076923076923075
line_27,r04,qft,8,0,44,179,26,6.884615384615385
line_27,r04,qft,8,0,55,152,26,5.846153846153846
line_27,r04,qft,8,1,11,67,26,2.576923076923077
line_27,r04,qft,8,1,22,63,26,2.423076923076923
line_27,r04,qft,8,1,33,63,26,2.423076923076923
line_27,r04,qft,8,1,44,63,26,2.423076923076923
line_27,r04,qft,8,1,55,69,26,2.6538461538461537
line_27,r04,qft,8,3,11,55,26,2.1153846153846154
line_27,r04,qft,8,3,22,52,26,2.0
line_27,r04,qft,8,3,33,57,26,2.1923076923076925
line_27,r04,qft,8,3,44,49,26,1.8846153846153846
line_27,r04,qft,8,3,55,57,26,2.1923076923076925
line_27,r04,qft,12,0,11,316,42,7.523809523809524
line_27,r04,qft,12,0,22,309,42,7.357142857142857
line_27,r04,qft,12,0,33,365,42,8.69047619047619
line_27,r04,qft,12,0,44,349,42,8.30952380952381
line_27,r04,qft,12,0,55,341,42,8.119047619047619
line_27,r04,qft,12,1,11,125,42,2.9761904761904763
line_27,r04,qft,12,1,22,107,42,2.5476190476190474
line_27,r04,qft,12,1,33,123,42,2.9285714285714284
line_27,r04,qft,12,1,44,110,42,2.619047619047619
line_27,r04,qft,12,1,55,117,42,2.7857142857142856
line_27,r04,qft,12,3,11,91,42,2.1666666666666665
line_27,r04,qft,12,3,22,99,42,2.357142857142857
line_27,r04,qft,12,3,33,91,42,2.1666666666666665
line_27,r04,qft,12,3,44,94,42,2.238095238095238
line_27,r04,qft,12,3,55,94,42,2.238095238095238
line_27,r04,qft,16,0,11,500,58,8.620689655172415
line_27,r04,qft,16,0,22,442,58,7.620689655172414
line_27,r04,qft,16,0,33,451,58,7.775862068965517
line_27,r04,qft,16,0,44,419,58,7.224137931034483
line_27,r04,qft,16,0,55,448,58,7.724137931034483
line_27,r04,qft,16,1,11,171,58,2.9482758620689653
line_27,r04,qft,16,1,22,166,58,2.8620689655172415
line_27,r04,qft,16,1,33,171,58,2.9482758620689653
line_27,r04,qft,16,1,44,171,58,2.9482758620689653
line_27,r04,qft,16,1,55,166,58,2.8620689655172415
line_27,r04,qft,16,3,11,135,58,2.3275862068965516
line_27,r04,qft,16,3,22,128,58,2.206896551724138
line_27,r04,qft,16,3,33,117,58,2.0172413793103448
line_27,r04,qft,16,3,44,135,58,2.3275862068965516
line_27,r04,qft,16,3,55,115,58,1.9827586206896552
line_27,r04,qft,20,0,11,618,74,8.35135135135135
line_27,r04,qft,20,0,22,606,74,8.18918918918919
line_27,r04,qft,20,0,33,698,74,9.432432432432432
line_27,r04,qft,20,0,44,677,74,9.14864864864865
line_27,r04,qft,20,0,55,671,74,9.067567567567568
line_27,r04,qft,20,1,11,214,74,2.891891891891892
line_27,r04,qft,20,1,22,221,74,2.9864864864864864
line_27,r04,qft,20,1,33,211,74,2.8513513513513513
line_27,r04,qft,20,1,44,224,74,3.027027027027027
line_27,r04,qft,20,1,55,221,74,2.9864864864864864
line_27,r04,qft,20,3,11,152,74,2.054054054054054
line_27,r04,qft,20,3,22,166,74,2.2432432432432434
line_27,r04,qft,20,3,33,169,74,2.2837837837837838
line_27,r04,qft,20,3,44,171,74,2.310810810810811
line_27,r04,qft,20,3,55,179,74,2.418918918918919
line_27,r04,qft,24,0,11,729,90,8.1
line_27,r04,qft,24,0,22,740,90,8.222222222222221
line_27,r04,qft,24,0,33,677,90,7.522222222222222
line_27,r04,qft,24,0,44,832,90,9.244444444444444
line_27,r04,qft,24,0,55,744,90,8.266666666666667
line_27,r04,qft,24,1,11,278,90,3.088888888888889
line_27,r04,qft,24,1,22,269,90,2.988888888888889
line_27,r04,qft,24,1,33,273,90,3.033333333333333
line_27,r04,qft,24,1,44,269,90,2.988888888888889
line_27,r04,qft,24,1,55,253,90,2.811111111111111
line_27,r04,qft,24,3,11,199,90,2.2111111111111112
line_27,r04,qft,24,3,22,198,90,2.2
line_27,r04,qft,24,3,33,215,90,2.388888888888889
line_27,r04,qft,24,3,44,195,90,2.1666666666666665
line_27,r04,qft,24,3,55,182,90,2.022222222222222
line_27,r04,ghz_chain,4,0,11,27,3,9.0
line_27,r04,ghz_chain,4,0,22,27,3,9.0
line_27,r04,ghz_chain,4,0,33,30,3,10.0
line_27,r04,ghz_chain,4,0,44,27,3,9.0
line_27,r04,ghz_chain,4,0,55,42,3,14.0
line_27,r04,ghz_chain,4,1,11,3,3,1.0
line_27,r04,ghz_chain,4,1,22,3,3,1.0
line_27,r04,ghz_chain,4,1,33,3,3,1.0
line_27,r04,ghz_chain,4,1,44,3,3,1.0
line_27,r04,ghz_chain,4,1,55,3,3,1.0
line_27,r04,ghz_chain,4,3,11,3,3,1.0
line_27,r04,ghz_chain,4,3,22,3,3,1.0
line_27,r04,ghz_chain,4,3,33,3,3,1.0
line_27,r04,ghz_chain,4,3,44,3,3,1.0
line_27,r04,ghz_chain,4,3,55,3,3,1.0
line_27,r04,ghz_chain,8,0,11,67,7,9.571428571428571
line_27,r04,ghz_chain,8,0,22,79,7,11.285714285714286
line_27,r04,ghz_chain,8,0,33,67,7,9.571428571428571
line_27,r04,ghz_chain,8,0,44,73,7,10.428571428571429
line_27,r04,ghz_chain,8,0,55,64,7,9.142857142857142
line_27,r04,ghz_chain,8,1,11,7,7,1.0
line_27,r04,ghz_chain,8,1,22,7,7,1.0
line_27,r04,ghz_chain,8,1,33,7,7,1.0
line_27,r04,ghz_chain,8,1,44,7,7,1.0
line_27,r04,ghz_chain,8,1,55,7,7,1.0
line_27,r04,ghz_chain,8,3,11,7,7,1.0
line_27,r04,ghz_chain,8,3,22,7,7,1.0
line_27,r04,ghz_chain,8,3,33,7,7,1.0
line_27,r04,ghz_chain,8,3,44,7,7,1.0
line_27,r04,ghz_chain,8,3,55,7,7,1.0
line_27,r04,ghz_chain,12,0,11,134,11,12.181818181818182
line_27,r04,ghz_chain,12,0,22,128,11,11.636363636363637
line_27,r04,ghz_chain,12,0,33,116,11,10.545454545454545
line_27,r04,ghz_chain,12,0,44,116,11,10.545454545454545
line_27,r04,ghz_chain,12,0,55,110,11,10.0
line_27,r04,ghz_chain,12,1,11,11,11,1.0
line_27,r04,ghz_chain,12,1,22,11,11,1.0
line_27,r04,ghz_chain,12,1,33,11,11,1.0
line_27,r04,ghz_chain,12,1,44,11,11,1.0
line_27,r04,ghz_chain,12,1,55,11,11,1.0
line_27,r04,ghz_chain,12,3,11,11,11,1.0
line_27,r04,ghz_chain,12,3,22,11,11,1.0
line_27,r04,ghz_chain,12,3,33,11,11,1.0
line_27,r04,ghz_chain,12,3,44,11,11,1.0
line_27,r04,ghz_chain,12,3,55,11,11,1.0
line_27,r04,ghz_chain,16,0,11,177,15,11.8
line_27,r04,ghz_chain,16,0,22,183,15,12.2
line_27,r04,ghz_chain,16,0,33,165,15,11.0
line_27,r04,ghz_chain,16,0,44,153,15,10.2
line_27,r04,ghz_chain,16,0,55,162,15,10.8
line_27,r04,ghz_chain,16,1,11,15,15,1.0
line_27,r04,ghz_chain,16,1,22,15,15,1.0
line_27,r04,ghz_chain,16,1,33,15,15,1.0
line_27,r04,ghz_chain,16,1,44,15,15,1.0
line_27,r04,ghz_chain,16,1,55,15,15,1.0
line_27,r04,ghz_chain,16,3,11,15,15,1.0
line_27,r04,ghz_chain,16,3,22,15,15,1.0
line_27,r04,ghz_chain,16,3,33,15,15,1.0
line_27,r04,ghz_chain,16,3,44,15,15,1.0
line_27,r04,ghz_chain,16,3,55,15,15,1.0
line_27,r04,ghz_chain,20,0,11,226,19,11.894736842105264
line_27,r04,ghz_chain,20,0,22,245,19,12.894736842105264
line_27,r04,ghz_chain,20,0,33,226,19,11.894736842105264
line_27,r04,ghz_chain,20,0,44,220,19,11.578947368421053
line_27,r04,ghz_chain,20,0,55,232,19,12.210526315789474
line_27,r04,ghz_chain,20,1,11,19,19,1.0
line_27,r04,ghz_chain,20,1,22,19,19,1.0
line_27,r04,ghz_chain,20,1,33,19,19,1.0
line_27,r04,ghz_chain,20,1,44,19,19,1.0
line_27,r04,ghz_chain,20,1,55,19,19,1.0
line_27,r04,ghz_chain,20,3,11,19,19,1.0
line_27,r04,ghz_chain,20,3,22,19,19,1.0
line_27,r04,ghz_chain,20,3,33,19,19,1.0
line_27,r04,ghz_chain,20,3,44,19,19,1.0
line_27,r04,ghz_chain,20,3,55,19,19,1.0
line_27,r04,ghz_chain,24,0,11,287,23,12.478260869565217
line_27,r04,ghz_chain,24,0,22,288,23,12.521739130434783
line_27,r04,ghz_chain,24,0,33,268,23,11.652173913043478
line_27,r04,ghz_chain,24,0,44,269,23,11.695652173913043
line_27,r04,ghz_chain,24,0,55,287,23,12.478260869565217
line_27,r04,ghz_chain,24,1,11,23,23,1.0
line_27,r04,ghz_chain,24,1,22,23,23,1.0
line_27,r04,ghz_chain,24,1,33,23,23,1.0
line_27,r04,ghz_chain,24,1,44,23,23,1.0
line_27,r04,ghz_chain,24,1,55,23,23,1.0
line_27,r04,ghz_chain,24,3,11,23,23,1.0
line_27,r04,ghz_chain,24,3,22,23,23,1.0
line_27,r04,ghz_chain,24,3,33,23,23,1.0
line_27,r04,ghz_chain,24,3,44,23,23,1.0
line_27,r04,ghz_chain,24,3,55,23,23,1.0
line_27,r04,ghz_star,4,0,11,27,3,9.0
line_27,r04,ghz_star,4,0,22,27,3,9.0
line_27,r04,ghz_star,4,0,33,30,3,10.0
line_27,r04,ghz_star,4,0,44,27,3,9.0
line_27,r04,ghz_star,4,0,55,42,3,14.0
line_27,r04,ghz_star,4,1,11,6,3,2.0
line_27,r04,ghz_star,4,1,22,6,3,2.0
line_27,r04,ghz_star,4,1,33,6,3,2.0
line_27,r04,ghz_star,4,1,44,5,3,1.6666666666666667
line_27,r04,ghz_star,4,1,55,6,3,2.0
line_27,r04,ghz_star,4,3,11,4,3,1.3333333333333333
line_27,r04,ghz_star,4,3,22,6,3,2.0
line_27,r04,ghz_star,4,3,33,4,3,1.3333333333333333
line_27,r04,ghz_star,4,3,44,4,3,1.3333333333333333
line_27,r04,ghz_star,4,3,55,6,3,2.0
line_27,r04,ghz_star,8,0,11,57,7,8.142857142857142
line_27,r04,ghz_star,8,0,22,94,7,13.428571428571429
line_27,r04,ghz_star,8,0,33,70,7,10.0
line_27,r04,ghz_star,8,0,44,76,7,10.857142857142858
line_27,r04,ghz_star,8,0,55,61,7,8.714285714285714
line_27,r04,ghz_star,8,1,11,30,7,4.285714285714286
line_27,r04,ghz_star,8,1,22,25,7,3.5714285714285716
line_27,r04,ghz_star,8,1,33,28,7,4.0
line_27,r04,ghz_star,8,1,44,28,7,4.0
line_27,r04,ghz_star,8,1,55,21,7,3.0
line_27,r04,ghz_star,8,3,11,21,7,3.0
line_27,r04,ghz_star,8,3,22,21,7,3.0
line_27,r04,ghz_star,8,3,33,18,7,2.5714285714285716
line_27,r04,ghz_star,8,3,44,23,7,3.2857142857142856
line_27,r04,ghz_star,8,3,55,20,7,2.857142857142857
line_27,r04,ghz_star,12,0,11,103,11,9.363636363636363
line_27,r04,ghz_star,12,0,22,134,11,12.181818181818182
line_27,r04,ghz_star,12,0,33,131,11,11.909090909090908
line_27,r04,ghz_star,12,0,44,119,11,10.818181818181818
line_27,r04,ghz_star,12,0,55,118,11,10.727272727272727
line_27,r04,ghz_star,12,1,11,47,11,4.2727272727272725
line_27,r04,ghz_star,12,1,22,59,11,5.363636363636363
line_27,r04,ghz_star,12,1,33,62,11,5.636363636363637
line_27,r04,ghz_star,12,1,44,62,11,5.636363636363637
line_27,r04,ghz_star,12,1,55,51,11,4.636363636363637
line_27,r04,ghz_star,12,3,11,41,11,3.727272727272727
line_27,r04,ghz_star,12,3,22,45,11,4.090909090909091
line_27,r04,ghz_star,12,3,33,44,11,4.0
line_27,r04,ghz_star,12,3,44,54,11,4.909090909090909
line_27,r04,ghz_star,12,3,55,49,11,4.454545454545454
line_27,r04,ghz_star,16,0,11,183,15,12.2
line_27,r04,ghz_star,16,0,22,183,15,12.2
line_27,r04,ghz_star,16,0,33,170,15,11.333333333333334
line_27,r04,ghz_star,16,0,44,174,15,11.6
line_27,r04,ghz_star,16,0,55,155,15,10.333333333333334
line_27,r04,ghz_star,16,1,11,89,15,5.933333333333334
line_27,r04,ghz_star,16,1,22,99,15,6.6
line_27,r04,ghz_star,16,1,33,99,15,6.6
line_27,r04,ghz_star,16,1,44,84,15,5.6
line_27,r04,ghz_star,16,1,55,76,15,5.066666666666666
line_27,r04,ghz_star,16,3,11,76,15,5.066666666666666
line_27,r04,ghz_star,16,3,22,77,15,5.133333333333334
line_27,r04,ghz_star,16,3,33,85,15,5.666666666666667
line_27,r04,ghz_star,16,3,44,70,15,4.666666666666667
line_27,r04,ghz_star,16,3,55,70,15,4.666666666666667
line_27,r04,ghz_star,20,0,11,213,19,11.210526315789474
line_27,r04,ghz_star,20,0,22,262,19,13.789473684210526
line_27,r04,ghz_star,20,0,33,234,19,12.31578947368421
line_27,r04,ghz_star,20,0,44,248,19,13.052631578947368
line_27,r04,ghz_star,20,0,55,201,19,10.578947368421053
line_27,r04,ghz_star,20,1,11,116,19,6.105263157894737
line_27,r04,ghz_star,20,1,22,126,19,6.631578947368421
line_27,r04,ghz_star,20,1,33,124,19,6.526315789473684
line_27,r04,ghz_star,20,1,44,124,19,6.526315789473684
line_27,r04,ghz_star,20,1,55,137,19,7.2105263157894735
line_27,r04,ghz_star,20,3,11,96,19,5.052631578947368
line_27,r04,ghz_star,20,3,22,113,19,5.947368421052632
line_27,r04,ghz_star,20,3,33,112,19,5.894736842105263
line_27,r04,ghz_star,20,3,44,112,19,5.894736842105263
line_27,r04,ghz_star,20,3,55,110,19,5.7894736842105265
line_27,r04,ghz_star,24,0,11,281,23,12.217391304347826
line_27,r04,ghz_star,24,0,22,296,23,12.869565217391305
line_27,r04,ghz_star,24,0,33,267,23,11.608695652173912
line_27,r04,ghz_star,24,0,44,293,23,12.73913043478261
line_27,r04,ghz_star,24,0,55,286,23,12.434782608695652
line_27,r04,ghz_star,24,1,11,136,23,5.913043478260869
line_27,r04,ghz_star,24,1,22,196,23,8.521739130434783
line_27,r04,ghz_star,24,1,33,160,23,6.956521739130435
line_27,r04,ghz_star,24,1,44,182,23,7.913043478260869
line_27,r04,ghz_star,24,1,55,176,23,7.6521739130434785
line_27,r04,ghz_star,24,3,11,115,23,5.0
line_27,r04,ghz_star,24,3,22,153,23,6.6521739130434785
line_27,r04,ghz_star,24,3,33,142,23,6.173913043478261
line_27,r04,ghz_star,24,3,44,157,23,6.826086956521739
line_27,r04,ghz_star,24,3,55,165,23,7.173913043478261
line_27,r04,efficient_su2,4,0,11,56,8,7.0
line_27,r04,efficient_su2,4,0,22,46,8,5.75
line_27,r04,efficient_su2,4,0,33,49,8,6.125
line_27,r04,efficient_su2,4,0,44,51,8,6.375
line_27,r04,efficient_su2,4,0,55,57,8,7.125
line_27,r04,efficient_su2,4,1,11,18,8,2.25
line_27,r04,efficient_su2,4,1,22,19,8,2.375
line_27,r04,efficient_su2,4,1,33,17,8,2.125
line_27,r04,efficient_su2,4,1,44,16,8,2.0
line_27,r04,efficient_su2,4,1,55,17,8,2.125
line_27,r04,efficient_su2,4,3,11,14,8,1.75
line_27,r04,efficient_su2,4,3,22,14,8,1.75
line_27,r04,efficient_su2,4,3,33,14,8,1.75
line_27,r04,efficient_su2,4,3,44,14,8,1.75
line_27,r04,efficient_su2,4,3,55,14,8,1.75
line_27,r04,efficient_su2,8,0,11,92,16,5.75
line_27,r04,efficient_su2,8,0,22,151,16,9.4375
line_27,r04,efficient_su2,8,0,33,139,16,8.6875
line_27,r04,efficient_su2,8,0,44,112,16,7.0
line_27,r04,efficient_su2,8,0,55,112,16,7.0
line_27,r04,efficient_su2,8,1,11,50,16,3.125
line_27,r04,efficient_su2,8,1,22,50,16,3.125
line_27,r04,efficient_su2,8,1,33,50,16,3.125
line_27,r04,efficient_su2,8,1,44,50,16,3.125
line_27,r04,efficient_su2,8,1,55,50,16,3.125
line_27,r04,efficient_su2,8,3,11,46,16,2.875
line_27,r04,efficient_su2,8,3,22,46,16,2.875
line_27,r04,efficient_su2,8,3,33,46,16,2.875
line_27,r04,efficient_su2,8,3,44,46,16,2.875
line_27,r04,efficient_su2,8,3,55,46,16,2.875
line_27,r04,efficient_su2,12,0,11,201,24,8.375
line_27,r04,efficient_su2,12,0,22,276,24,11.5
line_27,r04,efficient_su2,12,0,33,254,24,10.583333333333334
line_27,r04,efficient_su2,12,0,44,237,24,9.875
line_27,r04,efficient_su2,12,0,55,208,24,8.666666666666666
line_27,r04,efficient_su2,12,1,11,82,24,3.4166666666666665
line_27,r04,efficient_su2,12,1,22,82,24,3.4166666666666665
line_27,r04,efficient_su2,12,1,33,82,24,3.4166666666666665
line_27,r04,efficient_su2,12,1,44,82,24,3.4166666666666665
line_27,r04,efficient_su2,12,1,55,82,24,3.4166666666666665
line_27,r04,efficient_su2,12,3,11,78,24,3.25
line_27,r04,efficient_su2,12,3,22,78,24,3.25
line_27,r04,efficient_su2,12,3,33,78,24,3.25
line_27,r04,efficient_su2,12,3,44,78,24,3.25
line_27,r04,efficient_su2,12,3,55,78,24,3.25
line_27,r04,efficient_su2,16,0,11,357,32,11.15625
line_27,r04,efficient_su2,16,0,22,332,32,10.375
line_27,r04,efficient_su2,16,0,33,326,32,10.1875
line_27,r04,efficient_su2,16,0,44,307,32,9.59375
line_27,r04,efficient_su2,16,0,55,335,32,10.46875
line_27,r04,efficient_su2,16,1,11,114,32,3.5625
line_27,r04,efficient_su2,16,1,22,114,32,3.5625
line_27,r04,efficient_su2,16,1,33,114,32,3.5625
line_27,r04,efficient_su2,16,1,44,114,32,3.5625
line_27,r04,efficient_su2,16,1,55,114,32,3.5625
line_27,r04,efficient_su2,16,3,11,110,32,3.4375
line_27,r04,efficient_su2,16,3,22,110,32,3.4375
line_27,r04,efficient_su2,16,3,33,110,32,3.4375
line_27,r04,efficient_su2,16,3,44,110,32,3.4375
line_27,r04,efficient_su2,16,3,55,110,32,3.4375
line_27,r04,efficient_su2,20,0,11,434,40,10.85
line_27,r04,efficient_su2,20,0,22,511,40,12.775
line_27,r04,efficient_su2,20,0,33,536,40,13.4
line_27,r04,efficient_su2,20,0,44,464,40,11.6
line_27,r04,efficient_su2,20,0,55,410,40,10.25
line_27,r04,efficient_su2,20,1,11,154,40,3.85
line_27,r04,efficient_su2,20,1,22,154,40,3.85
line_27,r04,efficient_su2,20,1,33,154,40,3.85
line_27,r04,efficient_su2,20,1,44,154,40,3.85
line_27,r04,efficient_su2,20,1,55,154,40,3.85
line_27,r04,efficient_su2,20,3,11,146,40,3.65
line_27,r04,efficient_su2,20,3,22,146,40,3.65
line_27,r04,efficient_su2,20,3,33,146,40,3.65
line_27,r04,efficient_su2,20,3,44,146,40,3.65
line_27,r04,efficient_su2,20,3,55,146,40,3.65
line_27,r04,efficient_su2,24,0,11,555,48,11.5625
line_27,r04,efficient_su2,24,0,22,612,48,12.75
line_27,r04,efficient_su2,24,0,33,520,48,10.833333333333334
line_27,r04,efficient_su2,24,0,44,571,48,11.895833333333334
line_27,r04,efficient_su2,24,0,55,586,48,12.208333333333334
line_27,r04,efficient_su2,24,1,11,186,48,3.875
line_27,r04,efficient_su2,24,1,22,186,48,3.875
line_27,r04,efficient_su2,24,1,33,186,48,3.875
line_27,r04,efficient_su2,24,1,44,186,48,3.875
line_27,r04,efficient_su2,24,1,55,186,48,3.875
line_27,r04,efficient_su2,24,3,11,178,48,3.7083333333333335
line_27,r04,efficient_su2,24,3,22,178,48,3.7083333333333335
line_27,r04,efficient_su2,24,3,33,178,48,3.7083333333333335
line_27,r04,efficient_su2,24,3,44,178,48,3.7083333333333335
line_27,r04,efficient_su2,24,3,55,178,48,3.7083333333333335
line_27,r05,qft,4,0,11,61,10,6.1
line_27,r05,qft,4,0,22,70,10,7.0
line_27,r05,qft,4,0,33,46,10,4.6
line_27,r05,qft,4,0,44,58,10,5.8
line_27,r05,qft,4,0,55,58,10,5.8
line_27,r05,qft,4,1,11,19,10,1.9
line_27,r05,qft,4,1,22,19,10,1.9
line_27,r05,qft,4,1,33,19,10,1.9
line_27,r05,qft,4,1,44,19,10,1.9
line_27,r05,qft,4,1,55,19,10,1.9
line_27,r05,qft,4,3,11,15,10,1.5
line_27,r05,qft,4,3,22,17,10,1.7
line_27,r05,qft,4,3,33,15,10,1.5
line_27,r05,qft,4,3,44,17,10,1.7
line_27,r05,qft,4,3,55,17,10,1.7
line_27,r05,qft,8,0,11,218,26,8.384615384615385
line_27,r05,qft,8,0,22,194,26,7.461538461538462
line_27,r05,qft,8,0,33,194,26,7.461538461538462
line_27,r05,qft,8,0,44,184,26,7.076923076923077
line_27,r05,qft,8,0,55,185,26,7.115384615384615
line_27,r05,qft,8,1,11,63,26,2.423076923076923
line_27,r05,qft,8,1,22,68,26,2.6153846153846154
line_27,r05,qft,8,1,33,63,26,2.423076923076923
line_27,r05,qft,8,1,44,63,26,2.423076923076923
line_27,r05,qft,8,1,55,63,26,2.423076923076923
line_27,r05,qft,8,3,11,52,26,2.0
line_27,r05,qft,8,3,22,52,26,2.0
line_27,r05,qft,8,3,33,57,26,2.1923076923076925
line_27,r05,qft,8,3,44,49,26,1.8846153846153846
line_27,r05,qft,8,3,55,57,26,2.1923076923076925
line_27,r05,qft,12,0,11,324,42,7.714285714285714
line_27,r05,qft,12,0,22,327,42,7.785714285714286
line_27,r05,qft,12,0,33,300,42,7.142857142857143
line_27,r05,qft,12,0,44,336,42,8.0
line_27,r05,qft,12,0,55,326,42,7.761904761904762
line_27,r05,qft,12,1,11,109,42,2.5952380952380953
line_27,r05,qft,12,1,22,115,42,2.738095238095238
line_27,r05,qft,12,1,33,127,42,3.0238095238095237
line_27,r05,qft,12,1,44,116,42,2.761904761904762
line_27,r05,qft,12,1,55,116,42,2.761904761904762
line_27,r05,qft,12,3,11,91,42,2.1666666666666665
line_27,r05,qft,12,3,22,91,42,2.1666666666666665
line_27,r05,qft,12,3,33,93,42,2.2142857142857144
line_27,r05,qft,12,3,44,91,42,2.1666666666666665
line_27,r05,qft,12,3,55,97,42,2.3095238095238093
line_27,r05,qft,16,0,11,463,58,7.982758620689655
line_27,r05,qft,16,0,22,458,58,7.896551724137931
line_27,r05,qft,16,0,33,519,58,8.948275862068966
line_27,r05,qft,16,0,44,508,58,8.758620689655173
line_27,r05,qft,16,0,55,527,58,9.086206896551724
line_27,r05,qft,16,1,11,165,58,2.8448275862068964
line_27,r05,qft,16,1,22,174,58,3.0
line_27,r05,qft,16,1,33,174,58,3.0
line_27,r05,qft,16,1,44,171,58,2.9482758620689653
line_27,r05,qft,16,1,55,165,58,2.8448275862068964
line_27,r05,qft,16,3,11,127,58,2.189655172413793
line_27,r05,qft,16,3,22,129,58,2.2241379310344827
line_27,r05,qft,16,3,33,127,58,2.189655172413793
line_27,r05,qft,16,3,44,125,58,2.1551724137931036
line_27,r05,qft,16,3,55,135,58,2.3275862068965516
line_27,r05,qft,20,0,11,727,74,9.824324324324325
line_27,r05,qft,20,0,22,781,74,10.554054054054054
line_27,r05,qft,20,0,33,754,74,10.18918918918919
line_27,r05,qft,20,0,44,723,74,9.77027027027027
line_27,r05,qft,20,0,55,683,74,9.22972972972973
line_27,r05,qft,20,1,11,214,74,2.891891891891892
line_27,r05,qft,20,1,22,211,74,2.8513513513513513
line_27,r05,qft,20,1,33,219,74,2.9594594594594597
line_27,r05,qft,20,1,44,219,74,2.9594594594594597
line_27,r05,qft,20,1,55,203,74,2.7432432432432434
line_27,r05,qft,20,3,11,177,74,2.391891891891892
line_27,r05,qft,20,3,22,167,74,2.2567567567567566
line_27,r05,qft,20,3,33,177,74,2.391891891891892
line_27,r05,qft,20,3,44,159,74,2.1486486486486487
line_27,r05,qft,20,3,55,179,74,2.418918918918919
line_27,r05,qft,24,0,11,949,90,10.544444444444444
line_27,r05,qft,24,0,22,862,90,9.577777777777778
line_27,r05,qft,24,0,33,902,90,10.022222222222222
line_27,r05,qft,24,0,44,912,90,10.133333333333333
line_27,r05,qft,24,0,55,813,90,9.033333333333333
line_27,r05,qft,24,1,11,278,90,3.088888888888889
line_27,r05,qft,24,1,22,268,90,2.977777777777778
line_27,r05,qft,24,1,33,251,90,2.7888888888888888
line_27,r05,qft,24,1,44,259,90,2.8777777777777778
line_27,r05,qft,24,1,55,277,90,3.077777777777778
line_27,r05,qft,24,3,11,217,90,2.411111111111111
line_27,r05,qft,24,3,22,187,90,2.077777777777778
line_27,r05,qft,24,3,33,198,90,2.2
line_27,r05,qft,24,3,44,210,90,2.3333333333333335
line_27,r05,qft,24,3,55,210,90,2.3333333333333335
line_27,r05,ghz_chain,4,0,11,45,3,15.0
line_27,r05,ghz_chain,4,0,22,39,3,13.0
line_27,r05,ghz_chain,4,0,33,39,3,13.0
line_27,r05,ghz_chain,4,0,44,33,3,11.0
line_27,r05,ghz_chain,4,0,55,39,3,13.0
line_27,r05,ghz_chain,4,1,11,3,3,1.0
line_27,r05,ghz_chain,4,1,22,3,3,1.0
line_27,r05,ghz_chain,4,1,33,3,3,1.0
line_27,r05,ghz_chain,4,1,44,3,3,1.0
line_27,r05,ghz_chain,4,1,55,3,3,1.0
line_27,r05,ghz_chain,4,3,11,3,3,1.0
line_27,r05,ghz_chain,4,3,22,3,3,1.0
line_27,r05,ghz_chain,4,3,33,3,3,1.0
line_27,r05,ghz_chain,4,3,44,3,3,1.0
line_27,r05,ghz_chain,4,3,55,3,3,1.0
line_27,r05,ghz_chain,8,0,11,89,7,12.714285714285714
line_27,r05,ghz_chain,8,0,22,121,7,17.285714285714285
line_27,r05,ghz_chain,8,0,33,136,7,19.428571428571427
line_27,r05,ghz_chain,8,0,44,97,7,13.857142857142858
line_27,r05,ghz_chain,8,0,55,125,7,17.857142857142858
line_27,r05,ghz_chain,8,1,11,7,7,1.0
line_27,r05,ghz_chain,8,1,22,7,7,1.0
line_27,r05,ghz_chain,8,1,33,7,7,1.0
line_27,r05,ghz_chain,8,1,44,7,7,1.0
line_27,r05,ghz_chain,8,1,55,7,7,1.0
line_27,r05,ghz_chain,8,3,11,7,7,1.0
line_27,r05,ghz_chain,8,3,22,7,7,1.0
line_27,r05,ghz_chain,8,3,33,7,7,1.0
line_27,r05,ghz_chain,8,3,44,7,7,1.0
line_27,r05,ghz_chain,8,3,55,7,7,1.0
line_27,r05,ghz_chain,12,0,11,188,11,17.09090909090909
line_27,r05,ghz_chain,12,0,22,167,11,15.181818181818182
line_27,r05,ghz_chain,12,0,33,173,11,15.727272727272727
line_27,r05,ghz_chain,12,0,44,187,11,17.0
line_27,r05,ghz_chain,12,0,55,156,11,14.181818181818182
line_27,r05,ghz_chain,12,1,11,11,11,1.0
line_27,r05,ghz_chain,12,1,22,11,11,1.0
line_27,r05,ghz_chain,12,1,33,11,11,1.0
line_27,r05,ghz_chain,12,1,44,11,11,1.0
line_27,r05,ghz_chain,12,1,55,11,11,1.0
line_27,r05,ghz_chain,12,3,11,11,11,1.0
line_27,r05,ghz_chain,12,3,22,11,11,1.0
line_27,r05,ghz_chain,12,3,33,11,11,1.0
line_27,r05,ghz_chain,12,3,44,11,11,1.0
line_27,r05,ghz_chain,12,3,55,11,11,1.0
line_27,r05,ghz_chain,16,0,11,264,15,17.6
line_27,r05,ghz_chain,16,0,22,222,15,14.8
line_27,r05,ghz_chain,16,0,33,243,15,16.2
line_27,r05,ghz_chain,16,0,44,248,15,16.533333333333335
line_27,r05,ghz_chain,16,0,55,212,15,14.133333333333333
line_27,r05,ghz_chain,16,1,11,15,15,1.0
line_27,r05,ghz_chain,16,1,22,15,15,1.0
line_27,r05,ghz_chain,16,1,33,15,15,1.0
line_27,r05,ghz_chain,16,1,44,15,15,1.0
line_27,r05,ghz_chain,16,1,55,15,15,1.0
line_27,r05,ghz_chain,16,3,11,15,15,1.0
line_27,r05,ghz_chain,16,3,22,15,15,1.0
line_27,r05,ghz_chain,16,3,33,15,15,1.0
line_27,r05,ghz_chain,16,3,44,15,15,1.0
line_27,r05,ghz_chain,16,3,55,15,15,1.0
line_27,r05,ghz_chain,20,0,11,340,19,17.894736842105264
line_27,r05,ghz_chain,20,0,22,315,19,16.57894736842105
line_27,r05,ghz_chain,20,0,33,310,19,16.31578947368421
line_27,r05,ghz_chain,20,0,44,321,19,16.894736842105264
line_27,r05,ghz_chain,20,0,55,282,19,14.842105263157896
line_27,r05,ghz_chain,20,1,11,19,19,1.0
line_27,r05,ghz_chain,20,1,22,19,19,1.0
line_27,r05,ghz_chain,20,1,33,19,19,1.0
line_27,r05,ghz_chain,20,1,44,19,19,1.0
line_27,r05,ghz_chain,20,1,55,19,19,1.0
line_27,r05,ghz_chain,20,3,11,19,19,1.0
line_27,r05,ghz_chain,20,3,22,19,19,1.0
line_27,r05,ghz_chain,20,3,33,19,19,1.0
line_27,r05,ghz_chain,20,3,44,19,19,1.0
line_27,r05,ghz_chain,20,3,55,19,19,1.0
line_27,r05,ghz_chain,24,0,11,366,23,15.91304347826087
line_27,r05,ghz_chain,24,0,22,367,23,15.956521739130435
line_27,r05,ghz_chain,24,0,33,410,23,17.82608695652174
line_27,r05,ghz_chain,24,0,44,364,23,15.826086956521738
line_27,r05,ghz_chain,24,0,55,343,23,14.91304347826087
line_27,r05,ghz_chain,24,1,11,23,23,1.0
line_27,r05,ghz_chain,24,1,22,23,23,1.0
line_27,r05,ghz_chain,24,1,33,23,23,1.0
line_27,r05,ghz_chain,24,1,44,23,23,1.0
line_27,r05,ghz_chain,24,1,55,23,23,1.0
line_27,r05,ghz_chain,24,3,11,23,23,1.0
line_27,r05,ghz_chain,24,3,22,23,23,1.0
line_27,r05,ghz_chain,24,3,33,23,23,1.0
line_27,r05,ghz_chain,24,3,44,23,23,1.0
line_27,r05,ghz_chain,24,3,55,23,23,1.0
line_27,r05,ghz_star,4,0,11,45,3,15.0
line_27,r05,ghz_star,4,0,22,39,3,13.0
line_27,r05,ghz_star,4,0,33,39,3,13.0
line_27,r05,ghz_star,4,0,44,39,3,13.0
line_27,r05,ghz_star,4,0,55,39,3,13.0
line_27,r05,ghz_star,4,1,11,6,3,2.0
line_27,r05,ghz_star,4,1,22,6,3,2.0
line_27,r05,ghz_star,4,1,33,6,3,2.0
line_27,r05,ghz_star,4,1,44,6,3,2.0
line_27,r05,ghz_star,4,1,55,5,3,1.6666666666666667
line_27,r05,ghz_star,4,3,11,4,3,1.3333333333333333
line_27,r05,ghz_star,4,3,22,6,3,2.0
line_27,r05,ghz_star,4,3,33,4,3,1.3333333333333333
line_27,r05,ghz_star,4,3,44,4,3,1.3333333333333333
line_27,r05,ghz_star,4,3,55,6,3,2.0
line_27,r05,ghz_star,8,0,11,85,7,12.142857142857142
line_27,r05,ghz_star,8,0,22,124,7,17.714285714285715
line_27,r05,ghz_star,8,0,33,136,7,19.428571428571427
line_27,r05,ghz_star,8,0,44,97,7,13.857142857142858
line_27,r05,ghz_star,8,0,55,127,7,18.142857142857142
line_27,r05,ghz_star,8,1,11,22,7,3.142857142857143
line_27,r05,ghz_star,8,1,22,22,7,3.142857142857143
line_27,r05,ghz_star,8,1,33,22,7,3.142857142857143
line_27,r05,ghz_star,8,1,44,22,7,3.142857142857143
line_27,r05,ghz_star,8,1,55,22,7,3.142857142857143
line_27,r05,ghz_star,8,3,11,16,7,2.2857142857142856
line_27,r05,ghz_star,8,3,22,12,7,1.7142857142857142
line_27,r05,ghz_star,8,3,33,12,7,1.7142857142857142
line_27,r05,ghz_star,8,3,44,16,7,2.2857142857142856
line_27,r05,ghz_star,8,3,55,12,7,1.7142857142857142
line_27,r05,ghz_star,12,0,11,179,11,16.272727272727273
line_27,r05,ghz_star,12,0,22,194,11,17.636363636363637
line_27,r05,ghz_star,12,0,33,179,11,16.272727272727273
line_27,r05,ghz_star,12,0,44,179,11,16.272727272727273
line_27,r05,ghz_star,12,0,55,161,11,14.636363636363637
line_27,r05,ghz_star,12,1,11,38,11,3.4545454545454546
line_27,r05,ghz_star,12,1,22,38,11,3.4545454545454546
line_27,r05,ghz_star,12,1,33,38,11,3.4545454545454546
line_27,r05,ghz_star,12,1,44,38,11,3.4545454545454546
line_27,r05,ghz_star,12,1,55,38,11,3.4545454545454546
line_27,r05,ghz_star,12,3,11,20,11,1.8181818181818181
line_27,r05,ghz_star,12,3,22,24,11,2.1818181818181817
line_27,r05,ghz_star,12,3,33,20,11,1.8181818181818181
line_27,r05,ghz_star,12,3,44,20,11,1.8181818181818181
line_27,r05,ghz_star,12,3,55,20,11,1.8181818181818181
line_27,r05,ghz_star,16,0,11,246,15,16.4
line_27,r05,ghz_star,16,0,22,252,15,16.8
line_27,r05,ghz_star,16,0,33,246,15,16.4
line_27,r05,ghz_star,16,0,44,219,15,14.6
line_27,r05,ghz_star,16,0,55,204,15,13.6
line_27,r05,ghz_star,16,1,11,54,15,3.6
line_27,r05,ghz_star,16,1,22,54,15,3.6
line_27,r05,ghz_star,16,1,33,54,15,3.6
line_27,r05,ghz_star,16,1,44,54,15,3.6
line_27,r05,ghz_star,16,1,55,54,15,3.6
line_27,r05,ghz_star,16,3,11,28,15,1.8666666666666667
line_27,r05,ghz_star,16,3,22,28,15,1.8666666666666667
line_27,r05,ghz_star,16,3,33,28,15,1.8666666666666667
line_27,r05,ghz_star,16,3,44,28,15,1.8666666666666667
line_27,r05,ghz_star,16,3,55,28,15,1.8666666666666667
line_27,r05,ghz_star,20,0,11,322,19,16.94736842105263
line_27,r05,ghz_star,20,0,22,310,19,16.31578947368421
line_27,r05,ghz_star,20,0,33,310,19,16.31578947368421
line_27,r05,ghz_star,20,0,44,298,19,15.68421052631579
line_27,r05,ghz_star,20,0,55,331,19,17.42105263157895
line_27,r05,ghz_star,20,1,11,70,19,3.6842105263157894
line_27,r05,ghz_star,20,1,22,70,19,3.6842105263157894
line_27,r05,ghz_star,20,1,33,70,19,3.6842105263157894
line_27,r05,ghz_star,20,1,44,70,19,3.6842105263157894
line_27,r05,ghz_star,20,1,55,70,19,3.6842105263157894
line_27,r05,ghz_star,20,3,11,40,19,2.1052631578947367
line_27,r05,ghz_star,20,3,22,40,19,2.1052631578947367
line_27,r05,ghz_star,20,3,33,36,19,1.894736842105263
line_27,r05,ghz_star,20,3,44,36,19,1.894736842105263
line_27,r05,ghz_star,20,3,55,36,19,1.894736842105263
line_27,r05,ghz_star,24,0,11,389,23,16.91304347826087
line_27,r05,ghz_star,24,0,22,360,23,15.652173913043478
line_27,r05,ghz_star,24,0,33,407,23,17.695652173913043
line_27,r05,ghz_star,24,0,44,368,23,16.0
line_27,r05,ghz_star,24,0,55,391,23,17.0
line_27,r05,ghz_star,24,1,11,86,23,3.739130434782609
line_27,r05,ghz_star,24,1,22,86,23,3.739130434782609
line_27,r05,ghz_star,24,1,33,86,23,3.739130434782609
line_27,r05,ghz_star,24,1,44,86,23,3.739130434782609
line_27,r05,ghz_star,24,1,55,86,23,3.739130434782609
line_27,r05,ghz_star,24,3,11,48,23,2.0869565217391304
line_27,r05,ghz_star,24,3,22,48,23,2.0869565217391304
line_27,r05,ghz_star,24,3,33,48,23,2.0869565217391304
line_27,r05,ghz_star,24,3,44,48,23,2.0869565217391304
line_27,r05,ghz_star,24,3,55,48,23,2.0869565217391304
line_27,r05,efficient_su2,4,0,11,48,8,6.0
line_27,r05,efficient_su2,4,0,22,71,8,8.875
line_27,r05,efficient_su2,4,0,33,74,8,9.25
line_27,r05,efficient_su2,4,0,44,60,8,7.5
line_27,r05,efficient_su2,4,0,55,60,8,7.5
line_27,r05,efficient_su2,4,1,11,18,8,2.25
line_27,r05,efficient_su2,4,1,22,19,8,2.375
line_27,r05,efficient_su2,4,1,33,17,8,2.125
line_27,r05,efficient_su2,4,1,44,17,8,2.125
line_27,r05,efficient_su2,4,1,55,16,8,2.0
line_27,r05,efficient_su2,4,3,11,14,8,1.75
line_27,r05,efficient_su2,4,3,22,14,8,1.75
line_27,r05,efficient_su2,4,3,33,14,8,1.75
line_27,r05,efficient_su2,4,3,44,14,8,1.75
line_27,r05,efficient_su2,4,3,55,14,8,1.75
line_27,r05,efficient_su2,8,0,11,154,16,9.625
line_27,r05,efficient_su2,8,0,22,214,16,13.375
line_27,r05,efficient_su2,8,0,33,193,16,12.0625
line_27,r05,efficient_su2,8,0,44,182,16,11.375
line_27,r05,efficient_su2,8,0,55,171,16,10.6875
line_27,r05,efficient_su2,8,1,11,50,16,3.125
line_27,r05,efficient_su2,8,1,22,50,16,3.125
line_27,r05,efficient_su2,8,1,33,50,16,3.125
line_27,r05,efficient_su2,8,1,44,50,16,3.125
line_27,r05,efficient_su2,8,1,55,50,16,3.125
line_27,r05,efficient_su2,8,3,11,46,16,2.875
line_27,r05,efficient_su2,8,3,22,46,16,2.875
line_27,r05,efficient_su2,8,3,33,46,16,2.875
line_27,r05,efficient_su2,8,3,44,46,16,2.875
line_27,r05,efficient_su2,8,3,55,46,16,2.875
line_27,r05,efficient_su2,12,0,11,253,24,10.541666666666666
line_27,r05,efficient_su2,12,0,22,308,24,12.833333333333334
line_27,r05,efficient_su2,12,0,33,318,24,13.25
line_27,r05,efficient_su2,12,0,44,300,24,12.5
line_27,r05,efficient_su2,12,0,55,276,24,11.5
line_27,r05,efficient_su2,12,1,11,82,24,3.4166666666666665
line_27,r05,efficient_su2,12,1,22,82,24,3.4166666666666665
line_27,r05,efficient_su2,12,1,33,82,24,3.4166666666666665
line_27,r05,efficient_su2,12,1,44,82,24,3.4166666666666665
line_27,r05,efficient_su2,12,1,55,82,24,3.4166666666666665
line_27,r05,efficient_su2,12,3,11,78,24,3.25
line_27,r05,efficient_su2,12,3,22,78,24,3.25
line_27,r05,efficient_su2,12,3,33,78,24,3.25
line_27,r05,efficient_su2,12,3,44,78,24,3.25
line_27,r05,efficient_su2,12,3,55,78,24,3.25
line_27,r05,efficient_su2,16,0,11,380,32,11.875
line_27,r05,efficient_su2,16,0,22,370,32,11.5625
line_27,r05,efficient_su2,16,0,33,402,32,12.5625
line_27,r05,efficient_su2,16,0,44,406,32,12.6875
line_27,r05,efficient_su2,16,0,55,330,32,10.3125
line_27,r05,efficient_su2,16,1,11,114,32,3.5625
line_27,r05,efficient_su2,16,1,22,114,32,3.5625
line_27,r05,efficient_su2,16,1,33,114,32,3.5625
line_27,r05,efficient_su2,16,1,44,114,32,3.5625
line_27,r05,efficient_su2,16,1,55,114,32,3.5625
line_27,r05,efficient_su2,16,3,11,110,32,3.4375
line_27,r05,efficient_su2,16,3,22,110,32,3.4375
line_27,r05,efficient_su2,16,3,33,110,32,3.4375
line_27,r05,efficient_su2,16,3,44,110,32,3.4375
line_27,r05,efficient_su2,16,3,55,110,32,3.4375
line_27,r05,efficient_su2,20,0,11,429,40,10.725
line_27,r05,efficient_su2,20,0,22,556,40,13.9
line_27,r05,efficient_su2,20,0,33,544,40,13.6
line_27,r05,efficient_su2,20,0,44,520,40,13.0
line_27,r05,efficient_su2,20,0,55,501,40,12.525
line_27,r05,efficient_su2,20,1,11,146,40,3.65
line_27,r05,efficient_su2,20,1,22,146,40,3.65
line_27,r05,efficient_su2,20,1,33,146,40,3.65
line_27,r05,efficient_su2,20,1,44,146,40,3.65
line_27,r05,efficient_su2,20,1,55,146,40,3.65
line_27,r05,efficient_su2,20,3,11,142,40,3.55
line_27,r05,efficient_su2,20,3,22,142,40,3.55
line_27,r05,efficient_su2,20,3,33,142,40,3.55
line_27,r05,efficient_su2,20,3,44,142,40,3.55
line_27,r05,efficient_su2,20,3,55,142,40,3.55
line_27,r05,efficient_su2,24,0,11,717,48,14.9375
line_27,r05,efficient_su2,24,0,22,670,48,13.958333333333334
line_27,r05,efficient_su2,24,0,33,704,48,14.666666666666666
line_27,r05,efficient_su2,24,0,44,676,48,14.083333333333334
line_27,r05,efficient_su2,24,0,55,648,48,13.5
line_27,r05,efficient_su2,24,1,11,187,48,3.8958333333333335
line_27,r05,efficient_su2,24,1,22,186,48,3.875
line_27,r05,efficient_su2,24,1,33,186,48,3.875
line_27,r05,efficient_su2,24,1,44,187,48,3.8958333333333335
line_27,r05,efficient_su2,24,1,55,186,48,3.875
line_27,r05,efficient_su2,24,3,11,178,48,3.7083333333333335
line_27,r05,efficient_su2,24,3,22,179,48,3.7291666666666665
line_27,r05,efficient_su2,24,3,33,178,48,3.7083333333333335
line_27,r05,efficient_su2,24,3,44,178,48,3.7083333333333335
line_27,r05,efficient_su2,24,3,55,179,48,3.7291666666666665
line_27,r06,qft,4,0,11,80,10,8.0
line_27,r06,qft,4,0,22,97,10,9.7
line_27,r06,qft,4,0,33,91,10,9.1
line_27,r06,qft,4,0,44,79,10,7.9
line_27,r06,qft,4,0,55,94,10,9.4
line_27,r06,qft,4,1,11,19,10,1.9
line_27,r06,qft,4,1,22,19,10,1.9
line_27,r06,qft,4,1,33,19,10,1.9
line_27,r06,qft,4,1,44,19,10,1.9
line_27,r06,qft,4,1,55,19,10,1.9
line_27,r06,qft,4,3,11,15,10,1.5
line_27,r06,qft,4,3,22,17,10,1.7
line_27,r06,qft,4,3,33,15,10,1.5
line_27,r06,qft,4,3,44,15,10,1.5
line_27,r06,qft,4,3,55,17,10,1.7
line_27,r06,qft,8,0,11,200,26,7.6923076923076925
line_27,r06,qft,8,0,22,209,26,8.038461538461538
line_27,r06,qft,8,0,33,210,26,8.076923076923077
line_27,r06,qft,8,0,44,197,26,7.576923076923077
line_27,r06,qft,8,0,55,222,26,8.538461538461538
line_27,r06,qft,8,1,11,63,26,2.423076923076923
line_27,r06,qft,8,1,22,68,26,2.6153846153846154
line_27,r06,qft,8,1,33,71,26,2.730769230769231
line_27,r06,qft,8,1,44,63,26,2.423076923076923
line_27,r06,qft,8,1,55,65,26,2.5
line_27,r06,qft,8,3,11,49,26,1.8846153846153846
line_27,r06,qft,8,3,22,52,26,2.0
line_27,r06,qft,8,3,33,57,26,2.1923076923076925
line_27,r06,qft,8,3,44,49,26,1.8846153846153846
line_27,r06,qft,8,3,55,57,26,2.1923076923076925
line_27,r06,qft,12,0,11,343,42,8.166666666666666
line_27,r06,qft,12,0,22,345,42,8.214285714285714
line_27,r06,qft,12,0,33,354,42,8.428571428571429
line_27,r06,qft,12,0,44,337,42,8.023809523809524
line_27,r06,qft,12,0,55,334,42,7.9523809523809526
line_27,r06,qft,12,1,11,119,42,2.8333333333333335
line_27,r06,qft,12,1,22,115,42,2.738095238095238
line_27,r06,qft,12,1,33,127,42,3.0238095238095237
line_27,r06,qft,12,1,44,126,42,3.0
line_27,r06,qft,12,1,55,117,42,2.7857142857142856
line_27,r06,qft,12,3,11,91,42,2.1666666666666665
line_27,r06,qft,12,3,22,91,42,2.1666666666666665
line_27,r06,qft,12,3,33,91,42,2.1666666666666665
line_27,r06,qft,12,3,44,94,42,2.238095238095238
line_27,r06,qft,12,3,55,97,42,2.3095238095238093
line_27,r06,qft,16,0,11,545,58,9.39655172413793
line_27,r06,qft,16,0,22,568,58,9.793103448275861
line_27,r06,qft,16,0,33,587,58,10.120689655172415
line_27,r06,qft,16,0,44,580,58,10.0
line_27,r06,qft,16,0,55,546,58,9.413793103448276
line_27,r06,qft,16,1,11,175,58,3.0172413793103448
line_27,r06,qft,16,1,22,169,58,2.913793103448276
line_27,r06,qft,16,1,33,171,58,2.9482758620689653
line_27,r06,qft,16,1,44,159,58,2.7413793103448274
line_27,r06,qft,16,1,55,163,58,2.810344827586207
line_27,r06,qft,16,3,11,135,58,2.3275862068965516
line_27,r06,qft,16,3,22,133,58,2.293103448275862
line_27,r06,qft,16,3,33,123,58,2.1206896551724137
line_27,r06,qft,16,3,44,128,58,2.206896551724138
line_27,r06,qft,16,3,55,122,58,2.103448275862069
line_27,r06,qft,20,0,11,687,74,9.283783783783784
line_27,r06,qft,20,0,22,748,74,10.108108108108109
line_27,r06,qft,20,0,33,733,74,9.905405405405405
line_27,r06,qft,20,0,44,726,74,9.81081081081081
line_27,r06,qft,20,0,55,726,74,9.81081081081081
line_27,r06,qft,20,1,11,227,74,3.0675675675675675
line_27,r06,qft,20,1,22,211,74,2.8513513513513513
line_27,r06,qft,20,1,33,219,74,2.9594594594594597
line_27,r06,qft,20,1,44,213,74,2.8783783783783785
line_27,r06,qft,20,1,55,205,74,2.77027027027027
line_27,r06,qft,20,3,11,152,74,2.054054054054054
line_27,r06,qft,20,3,22,161,74,2.175675675675676
line_27,r06,qft,20,3,33,171,74,2.310810810810811
line_27,r06,qft,20,3,44,159,74,2.1486486486486487
line_27,r06,qft,20,3,55,163,74,2.2027027027027026
line_27,r06,qft,24,0,11,944,90,10.488888888888889
line_27,r06,qft,24,0,22,907,90,10.077777777777778
line_27,r06,qft,24,0,33,922,90,10.244444444444444
line_27,r06,qft,24,0,44,897,90,9.966666666666667
line_27,r06,qft,24,0,55,841,90,9.344444444444445
line_27,r06,qft,24,1,11,257,90,2.8555555555555556
line_27,r06,qft,24,1,22,269,90,2.988888888888889
line_27,r06,qft,24,1,33,275,90,3.0555555555555554
line_27,r06,qft,24,1,44,275,90,3.0555555555555554
line_27,r06,qft,24,1,55,246,90,2.7333333333333334
line_27,r06,qft,24,3,11,197,90,2.188888888888889
line_27,r06,qft,24,3,22,195,90,2.1666666666666665
line_27,r06,qft,24,3,33,207,90,2.3
line_27,r06,qft,24,3,44,216,90,2.4
line_27,r06,qft,24,3,55,190,90,2.111111111111111
line_27,r06,ghz_chain,4,0,11,50,3,16.666666666666668
line_27,r06,ghz_chain,4,0,22,78,3,26.0
line_27,r06,ghz_chain,4,0,33,75,3,25.0
line_27,r06,ghz_chain,4,0,44,66,3,22.0
line_27,r06,ghz_chain,4,0,55,60,3,20.0
line_27,r06,ghz_chain,4,1,11,3,3,1.0
line_27,r06,ghz_chain,4,1,22,3,3,1.0
line_27,r06,ghz_chain,4,1,33,3,3,1.0
line_27,r06,ghz_chain,4,1,44,3,3,1.0
line_27,r06,ghz_chain,4,1,55,3,3,1.0
line_27,r06,ghz_chain,4,3,11,3,3,1.0
line_27,r06,ghz_chain,4,3,22,3,3,1.0
line_27,r06,ghz_chain,4,3,33,3,3,1.0
line_27,r06,ghz_chain,4,3,44,3,3,1.0
line_27,r06,ghz_chain,4,3,55,3,3,1.0
line_27,r06,ghz_chain,8,0,11,108,7,15.428571428571429
line_27,r06,ghz_chain,8,0,22,151,7,21.571428571428573
line_27,r06,ghz_chain,8,0,33,145,7,20.714285714285715
line_27,r06,ghz_chain,8,0,44,133,7,19.0
line_27,r06,ghz_chain,8,0,55,142,7,20.285714285714285
line_27,r06,ghz_chain,8,1,11,7,7,1.0
line_27,r06,ghz_chain,8,1,22,7,7,1.0
line_27,r06,ghz_chain,8,1,33,7,7,1.0
line_27,r06,ghz_chain,8,1,44,7,7,1.0
line_27,r06,ghz_chain,8,1,55,7,7,1.0
line_27,r06,ghz_chain,8,3,11,7,7,1.0
line_27,r06,ghz_chain,8,3,22,7,7,1.0
line_27,r06,ghz_chain,8,3,33,7,7,1.0
line_27,r06,ghz_chain,8,3,44,7,7,1.0
line_27,r06,ghz_chain,8,3,55,7,7,1.0
line_27,r06,ghz_chain,12,0,11,175,11,15.909090909090908
line_27,r06,ghz_chain,12,0,22,200,11,18.181818181818183
line_27,r06,ghz_chain,12,0,33,203,11,18.454545454545453
line_27,r06,ghz_chain,12,0,44,215,11,19.545454545454547
line_27,r06,ghz_chain,12,0,55,185,11,16.818181818181817
line_27,r06,ghz_chain,12,1,11,11,11,1.0
line_27,r06,ghz_chain,12,1,22,11,11,1.0
line_27,r06,ghz_chain,12,1,33,11,11,1.0
line_27,r06,ghz_chain,12,1,44,11,11,1.0
line_27,r06,ghz_chain,12,1,55,11,11,1.0
line_27,r06,ghz_chain,12,3,11,11,11,1.0
line_27,r06,ghz_chain,12,3,22,11,11,1.0
line_27,r06,ghz_chain,12,3,33,11,11,1.0
line_27,r06,ghz_chain,12,3,44,11,11,1.0
line_27,r06,ghz_chain,12,3,55,11,11,1.0
line_27,r06,ghz_chain,16,0,11,239,15,15.933333333333334
line_27,r06,ghz_chain,16,0,22,276,15,18.4
line_27,r06,ghz_chain,16,0,33,277,15,18.466666666666665
line_27,r06,ghz_chain,16,0,44,285,15,19.0
line_27,r06,ghz_chain,16,0,55,282,15,18.8
line_27,r06,ghz_chain,16,1,11,15,15,1.0
line_27,r06,ghz_chain,16,1,22,15,15,1.0
line_27,r06,ghz_chain,16,1,33,15,15,1.0
line_27,r06,ghz_chain,16,1,44,15,15,1.0
line_27,r06,ghz_chain,16,1,55,15,15,1.0
line_27,r06,ghz_chain,16,3,11,15,15,1.0
line_27,r06,ghz_chain,16,3,22,15,15,1.0
line_27,r06,ghz_chain,16,3,33,15,15,1.0
line_27,r06,ghz_chain,16,3,44,15,15,1.0
line_27,r06,ghz_chain,16,3,55,15,15,1.0
line_27,r06,ghz_chain,20,0,11,300,19,15.789473684210526
line_27,r06,ghz_chain,20,0,22,322,19,16.94736842105263
line_27,r06,ghz_chain,20,0,33,342,19,18.0
line_27,r06,ghz_chain,20,0,44,331,19,17.42105263157895
line_27,r06,ghz_chain,20,0,55,331,19,17.42105263157895
line_27,r06,ghz_chain,20,1,11,19,19,1.0
line_27,r06,ghz_chain,20,1,22,19,19,1.0
line_27,r06,ghz_chain,20,1,33,19,19,1.0
line_27,r06,ghz_chain,20,1,44,19,19,1.0
line_27,r06,ghz_chain,20,1,55,19,19,1.0
line_27,r06,ghz_chain,20,3,11,19,19,1.0
line_27,r06,ghz_chain,20,3,22,19,19,1.0
line_27,r06,ghz_chain,20,3,33,19,19,1.0
line_27,r06,ghz_chain,20,3,44,19,19,1.0
line_27,r06,ghz_chain,20,3,55,19,19,1.0
line_27,r06,ghz_chain,24,0,11,382,23,16.608695652173914
line_27,r06,ghz_chain,24,0,22,398,23,17.304347826086957
line_27,r06,ghz_chain,24,0,33,403,23,17.52173913043478
line_27,r06,ghz_chain,24,0,44,392,23,17.043478260869566
line_27,r06,ghz_chain,24,0,55,368,23,16.0
line_27,r06,ghz_chain,24,1,11,23,23,1.0
line_27,r06,ghz_chain,24,1,22,23,23,1.0
line_27,r06,ghz_chain,24,1,33,23,23,1.0
line_27,r06,ghz_chain,24,1,44,23,23,1.0
line_27,r06,ghz_chain,24,1,55,23,23,1.0
line_27,r06,ghz_chain,24,3,11,23,23,1.0
line_27,r06,ghz_chain,24,3,22,23,23,1.0
line_27,r06,ghz_chain,24,3,33,23,23,1.0
line_27,r06,ghz_chain,24,3,44,23,23,1.0
line_27,r06,ghz_chain,24,3,55,23,23,1.0
line_27,r06,ghz_star,4,0,11,50,3,16.666666666666668
line_27,r06,ghz_star,4,0,22,75,3,25.0
line_27,r06,ghz_star,4,0,33,75,3,25.0
line_27,r06,ghz_star,4,0,44,66,3,22.0
line_27,r06,ghz_star,4,0,55,62,3,20.666666666666668
line_27,r06,ghz_star,4,1,11,6,3,2.0
line_27,r06,ghz_star,4,1,22,5,3,1.6666666666666667
line_27,r06,ghz_star,4,1,33,6,3,2.0
line_27,r06,ghz_star,4,1,44,6,3,2.0
line_27,r06,ghz_star,4,1,55,6,3,2.0
line_27,r06,ghz_star,4,3,11,4,3,1.3333333333333333
line_27,r06,ghz_star,4,3,22,6,3,2.0
line_27,r06,ghz_star,4,3,33,4,3,1.3333333333333333
line_27,r06,ghz_star,4,3,44,6,3,2.0
line_27,r06,ghz_star,4,3,55,6,3,2.0
line_27,r06,ghz_star,8,0,11,102,7,14.571428571428571
line_27,r06,ghz_star,8,0,22,148,7,21.142857142857142
line_27,r06,ghz_star,8,0,33,144,7,20.571428571428573
line_27,r06,ghz_star,8,0,44,129,7,18.428571428571427
line_27,r06,ghz_star,8,0,55,141,7,20.142857142857142
line_27,r06,ghz_star,8,1,11,22,7,3.142857142857143
line_27,r06,ghz_star,8,1,22,22,7,3.142857142857143
line_27,r06,ghz_star,8,1,33,22,7,3.142857142857143
line_27,r06,ghz_star,8,1,44,22,7,3.142857142857143
line_27,r06,ghz_star,8,1,55,22,7,3.142857142857143
line_27,r06,ghz_star,8,3,11,16,7,2.2857142857142856
line_27,r06,ghz_star,8,3,22,12,7,1.7142857142857142
line_27,r06,ghz_star,8,3,33,18,7,2.5714285714285716
line_27,r06,ghz_star,8,3,44,16,7,2.2857142857142856
line_27,r06,ghz_star,8,3,55,12,7,1.7142857142857142
line_27,r06,ghz_star,12,0,11,172,11,15.636363636363637
line_27,r06,ghz_star,12,0,22,242,11,22.0
line_27,r06,ghz_star,12,0,33,209,11,19.0
line_27,r06,ghz_star,12,0,44,200,11,18.181818181818183
line_27,r06,ghz_star,12,0,55,184,11,16.727272727272727
line_27,r06,ghz_star,12,1,11,38,11,3.4545454545454546
line_27,r06,ghz_star,12,1,22,38,11,3.4545454545454546
line_27,r06,ghz_star,12,1,33,38,11,3.4545454545454546
line_27,r06,ghz_star,12,1,44,38,11,3.4545454545454546
line_27,r06,ghz_star,12,1,55,38,11,3.4545454545454546
line_27,r06,ghz_star,12,3,11,20,11,1.8181818181818181
line_27,r06,ghz_star,12,3,22,24,11,2.1818181818181817
line_27,r06,ghz_star,12,3,33,20,11,1.8181818181818181
line_27,r06,ghz_star,12,3,44,20,11,1.8181818181818181
line_27,r06,ghz_star,12,3,55,20,11,1.8181818181818181
line_27,r06,ghz_star,16,0,11,230,15,15.333333333333334
line_27,r06,ghz_star,16,0,22,270,15,18.0
line_27,r06,ghz_star,16,0,33,276,15,18.4
line_27,r06,ghz_star,16,0,44,279,15,18.6
line_27,r06,ghz_star,16,0,55,245,15,16.333333333333332
line_27,r06,ghz_star,16,1,11,54,15,3.6
line_27,r06,ghz_star,16,1,22,54,15,3.6
line_27,r06,ghz_star,16,1,33,54,15,3.6
line_27,r06,ghz_star,16,1,44,54,15,3.6
line_27,r06,ghz_star,16,1,55,54,15,3.6
line_27,r06,ghz_star,16,3,11,28,15,1.8666666666666667
line_27,r06,ghz_star,16,3,22,28,15,1.8666666666666667
line_27,r06,ghz_star,16,3,33,28,15,1.8666666666666667
line_27,r06,ghz_star,16,3,44,28,15,1.8666666666666667
line_27,r06,ghz_star,16,3,55,28,15,1.8666666666666667
line_27,r06,ghz_star,20,0,11,297,19,15.631578947368421
line_27,r06,ghz_star,20,0,22,355,19,18.68421052631579
line_27,r06,ghz_star,20,0,33,346,19,18.210526315789473
line_27,r06,ghz_star,20,0,44,337,19,17.736842105263158
line_27,r06,ghz_star,20,0,55,297,19,15.631578947368421
line_27,r06,ghz_star,20,1,11,70,19,3.6842105263157894
line_27,r06,ghz_star,20,1,22,70,19,3.6842105263157894
line_27,r06,ghz_star,20,1,33,70,19,3.6842105263157894
line_27,r06,ghz_star,20,1,44,70,19,3.6842105263157894
line_27,r06,ghz_star,20,1,55,70,19,3.6842105263157894
line_27,r06,ghz_star,20,3,11,40,19,2.1052631578947367
line_27,r06,ghz_star,20,3,22,40,19,2.1052631578947367
line_27,r06,ghz_star,20,3,33,36,19,1.894736842105263
line_27,r06,ghz_star,20,3,44,36,19,1.894736842105263
line_27,r06,ghz_star,20,3,55,36,19,1.894736842105263
line_27,r06,ghz_star,24,0,11,373,23,16.217391304347824
line_27,r06,ghz_star,24,0,22,407,23,17.695652173913043
line_27,r06,ghz_star,24,0,33,398,23,17.304347826086957
line_27,r06,ghz_star,24,0,44,400,23,17.391304347826086
line_27,r06,ghz_star,24,0,55,355,23,15.434782608695652
line_27,r06,ghz_star,24,1,11,86,23,3.739130434782609
line_27,r06,ghz_star,24,1,22,86,23,3.739130434782609
line_27,r06,ghz_star,24,1,33,86,23,3.739130434782609
line_27,r06,ghz_star,24,1,44,86,23,3.739130434782609
line_27,r06,ghz_star,24,1,55,86,23,3.739130434782609
line_27,r06,ghz_star,24,3,11,48,23,2.0869565217391304
line_27,r06,ghz_star,24,3,22,48,23,2.0869565217391304
line_27,r06,ghz_star,24,3,33,48,23,2.0869565217391304
line_27,r06,ghz_star,24,3,44,48,23,2.0869565217391304
line_27,r06,ghz_star,24,3,55,48,23,2.0869565217391304
line_27,r06,efficient_su2,4,0,11,63,8,7.875
line_27,r06,efficient_su2,4,0,22,103,8,12.875
line_27,r06,efficient_su2,4,0,33,103,8,12.875
line_27,r06,efficient_su2,4,0,44,92,8,11.5
line_27,r06,efficient_su2,4,0,55,79,8,9.875
line_27,r06,efficient_su2,4,1,11,18,8,2.25
line_27,r06,efficient_su2,4,1,22,17,8,2.125
line_27,r06,efficient_su2,4,1,33,17,8,2.125
line_27,r06,efficient_su2,4,1,44,16,8,2.0
line_27,r06,efficient_su2,4,1,55,16,8,2.0
line_27,r06,efficient_su2,4,3,11,14,8,1.75
line_27,r06,efficient_su2,4,3,22,16,8,2.0
line_27,r06,efficient_su2,4,3,33,14,8,1.75
line_27,r06,efficient_su2,4,3,44,14,8,1.75
line_27,r06,efficient_su2,4,3,55,14,8,1.75
line_27,r06,efficient_su2,8,0,11,181,16,11.3125
line_27,r06,efficient_su2,8,0,22,205,16,12.8125
line_27,r06,efficient_su2,8,0,33,232,16,14.5
line_27,r06,efficient_su2,8,0,44,223,16,13.9375
line_27,r06,efficient_su2,8,0,55,189,16,11.8125
line_27,r06,efficient_su2,8,1,11,50,16,3.125
line_27,r06,efficient_su2,8,1,22,50,16,3.125
line_27,r06,efficient_su2,8,1,33,50,16,3.125
line_27,r06,efficient_su2,8,1,44,50,16,3.125
line_27,r06,efficient_su2,8,1,55,50,16,3.125
line_27,r06,efficient_su2,8,3,11,46,16,2.875
line_27,r06,efficient_su2,8,3,22,46,16,2.875
line_27,r06,efficient_su2,8,3,33,46,16,2.875
line_27,r06,efficient_su2,8,3,44,46,16,2.875
line_27,r06,efficient_su2,8,3,55,46,16,2.875
line_27,r06,efficient_su2,12,0,11,252,24,10.5
line_27,r06,efficient_su2,12,0,22,369,24,15.375
line_27,r06,efficient_su2,12,0,33,305,24,12.708333333333334
line_27,r06,efficient_su2,12,0,44,321,24,13.375
line_27,r06,efficient_su2,12,0,55,343,24,14.291666666666666
line_27,r06,efficient_su2,12,1,11,82,24,3.4166666666666665
line_27,r06,efficient_su2,12,1,22,82,24,3.4166666666666665
line_27,r06,efficient_su2,12,1,33,82,24,3.4166666666666665
line_27,r06,efficient_su2,12,1,44,82,24,3.4166666666666665
line_27,r06,efficient_su2,12,1,55,82,24,3.4166666666666665
line_27,r06,efficient_su2,12,3,11,78,24,3.25
line_27,r06,efficient_su2,12,3,22,78,24,3.25
line_27,r06,efficient_su2,12,3,33,78,24,3.25
line_27,r06,efficient_su2,12,3,44,78,24,3.25
line_27,r06,efficient_su2,12,3,55,78,24,3.25
line_27,r06,efficient_su2,16,0,11,390,32,12.1875
line_27,r06,efficient_su2,16,0,22,500,32,15.625
line_27,r06,efficient_su2,16,0,33,488,32,15.25
line_27,r06,efficient_su2,16,0,44,471,32,14.71875
line_27,r06,efficient_su2,16,0,55,432,32,13.5
line_27,r06,efficient_su2,16,1,11,114,32,3.5625
line_27,r06,efficient_su2,16,1,22,114,32,3.5625
line_27,r06,efficient_su2,16,1,33,114,32,3.5625
line_27,r06,efficient_su2,16,1,44,114,32,3.5625
line_27,r06,efficient_su2,16,1,55,114,32,3.5625
line_27,r06,efficient_su2,16,3,11,110,32,3.4375
line_27,r06,efficient_su2,16,3,22,110,32,3.4375
line_27,r06,efficient_su2,16,3,33,110,32,3.4375
line_27,r06,efficient_su2,16,3,44,110,32,3.4375
line_27,r06,efficient_su2,16,3,55,110,32,3.4375
line_27,r06,efficient_su2,20,0,11,568,40,14.2
line_27,r06,efficient_su2,20,0,22,629,40,15.725
line_27,r06,efficient_su2,20,0,33,604,40,15.1
line_27,r06,efficient_su2,20,0,44,528,40,13.2
line_27,r06,efficient_su2,20,0,55,567,40,14.175
line_27,r06,efficient_su2,20,1,11,146,40,3.65
line_27,r06,efficient_su2,20,1,22,146,40,3.65
line_27,r06,efficient_su2,20,1,33,146,40,3.65
line_27,r06,efficient_su2,20,1,44,146,40,3.65
line_27,r06,efficient_su2,20,1,55,146,40,3.65
line_27,r06,efficient_su2,20,3,11,142,40,3.55
line_27,r06,efficient_su2,20,3,22,142,40,3.55
line_27,r06,efficient_su2,20,3,33,142,40,3.55
line_27,r06,efficient_su2,20,3,44,142,40,3.55
line_27,r06,efficient_su2,20,3,55,142,40,3.55
line_27,r06,efficient_su2,24,0,11,700,48,14.583333333333334
line_27,r06,efficient_su2,24,0,22,753,48,15.6875
line_27,r06,efficient_su2,24,0,33,705,48,14.6875
line_27,r06,efficient_su2,24,0,44,696,48,14.5
line_27,r06,efficient_su2,24,0,55,727,48,15.145833333333334
line_27,r06,efficient_su2,24,1,11,187,48,3.8958333333333335
line_27,r06,efficient_su2,24,1,22,183,48,3.8125
line_27,r06,efficient_su2,24,1,33,183,48,3.8125
line_27,r06,efficient_su2,24,1,44,187,48,3.8958333333333335
line_27,r06,efficient_su2,24,1,55,183,48,3.8125
line_27,r06,efficient_su2,24,3,11,175,48,3.6458333333333335
line_27,r06,efficient_su2,24,3,22,179,48,3.7291666666666665
line_27,r06,efficient_su2,24,3,33,175,48,3.6458333333333335
line_27,r06,efficient_su2,24,3,44,179,48,3.7291666666666665
line_27,r06,efficient_su2,24,3,55,179,48,3.7291666666666665
line_27,r07,qft,4,0,11,52,10,5.2
line_27,r07,qft,4,0,22,73,10,7.3
line_27,r07,qft,4,0,33,73,10,7.3
line_27,r07,qft,4,0,44,55,10,5.5
line_27,r07,qft,4,0,55,68,10,6.8
line_27,r07,qft,4,1,11,19,10,1.9
line_27,r07,qft,4,1,22,19,10,1.9
line_27,r07,qft,4,1,33,19,10,1.9
line_27,r07,qft,4,1,44,19,10,1.9
line_27,r07,qft,4,1,55,19,10,1.9
line_27,r07,qft,4,3,11,15,10,1.5
line_27,r07,qft,4,3,22,17,10,1.7
line_27,r07,qft,4,3,33,17,10,1.7
line_27,r07,qft,4,3,44,15,10,1.5
line_27,r07,qft,4,3,55,15,10,1.5
line_27,r07,qft,8,0,11,168,26,6.461538461538462
line_27,r07,qft,8,0,22,194,26,7.461538461538462
line_27,r07,qft,8,0,33,195,26,7.5
line_27,r07,qft,8,0,44,215,26,8.26923076923077
line_27,r07,qft,8,0,55,185,26,7.115384615384615
line_27,r07,qft,8,1,11,67,26,2.576923076923077
line_27,r07,qft,8,1,22,63,26,2.423076923076923
line_27,r07,qft,8,1,33,70,26,2.6923076923076925
line_27,r07,qft,8,1,44,63,26,2.423076923076923
line_27,r07,qft,8,1,55,69,26,2.6538461538461537
line_27,r07,qft,8,3,11,55,26,2.1153846153846154
line_27,r07,qft,8,3,22,52,26,2.0
line_27,r07,qft,8,3,33,57,26,2.1923076923076925
line_27,r07,qft,8,3,44,49,26,1.8846153846153846
line_27,r07,qft,8,3,55,52,26,2.0
line_27,r07,qft,12,0,11,293,42,6.976190476190476
line_27,r07,qft,12,0,22,293,42,6.976190476190476
line_27,r07,qft,12,0,33,320,42,7.619047619047619
line_27,r07,qft,12,0,44,312,42,7.428571428571429
line_27,r07,qft,12,0,55,312,42,7.428571428571429
line_27,r07,qft,12,1,11,119,42,2.8333333333333335
line_27,r07,qft,12,1,22,115,42,2.738095238095238
line_27,r07,qft,12,1,33,127,42,3.0238095238095237
line_27,r07,qft,12,1,44,115,42,2.738095238095238
line_27,r07,qft,12,1,55,117,42,2.7857142857142856
line_27,r07,qft,12,3,11,91,42,2.1666666666666665
line_27,r07,qft,12,3,22,91,42,2.1666666666666665
line_27,r07,qft,12,3,33,83,42,1.9761904761904763
line_27,r07,qft,12,3,44,97,42,2.3095238095238093
line_27,r07,qft,12,3,55,97,42,2.3095238095238093
line_27,r07,qft,16,0,11,510,58,8.793103448275861
line_27,r07,qft,16,0,22,483,58,8.327586206896552
line_27,r07,qft,16,0,33,509,58,8.775862068965518
line_27,r07,qft,16,0,44,527,58,9.086206896551724
line_27,r07,qft,16,0,55,480,58,8.275862068965518
line_27,r07,qft,16,1,11,177,58,3.0517241379310347
line_27,r07,qft,16,1,22,167,58,2.8793103448275863
line_27,r07,qft,16,1,33,175,58,3.0172413793103448
line_27,r07,qft,16,1,44,163,58,2.810344827586207
line_27,r07,qft,16,1,55,166,58,2.8620689655172415
line_27,r07,qft,16,3,11,135,58,2.3275862068965516
line_27,r07,qft,16,3,22,133,58,2.293103448275862
line_27,r07,qft,16,3,33,135,58,2.3275862068965516
line_27,r07,qft,16,3,44,135,58,2.3275862068965516
line_27,r07,qft,16,3,55,115,58,1.9827586206896552
line_27,r07,qft,20,0,11,615,74,8.31081081081081
line_27,r07,qft,20,0,22,614,74,8.297297297297296
line_27,r07,qft,20,0,33,590,74,7.972972972972973
line_27,r07,qft,20,0,44,690,74,9.324324324324325
line_27,r07,qft,20,0,55,650,74,8.783783783783784
line_27,r07,qft,20,1,11,206,74,2.7837837837837838
line_27,r07,qft,20,1,22,211,74,2.8513513513513513
line_27,r07,qft,20,1,33,219,74,2.9594594594594597
line_27,r07,qft,20,1,44,215,74,2.9054054054054053
line_27,r07,qft,20,1,55,221,74,2.9864864864864864
line_27,r07,qft,20,3,11,152,74,2.054054054054054
line_27,r07,qft,20,3,22,161,74,2.175675675675676
line_27,r07,qft,20,3,33,171,74,2.310810810810811
line_27,r07,qft,20,3,44,177,74,2.391891891891892
line_27,r07,qft,20,3,55,159,74,2.1486486486486487
line_27,r07,qft,24,0,11,924,90,10.266666666666667
line_27,r07,qft,24,0,22,887,90,9.855555555555556
line_27,r07,qft,24,0,33,948,90,10.533333333333333
line_27,r07,qft,24,0,44,863,90,9.588888888888889
line_27,r07,qft,24,0,55,888,90,9.866666666666667
line_27,r07,qft,24,1,11,278,90,3.088888888888889
line_27,r07,qft,24,1,22,284,90,3.1555555555555554
line_27,r07,qft,24,1,33,279,90,3.1
line_27,r07,qft,24,1,44,278,90,3.088888888888889
line_27,r07,qft,24,1,55,247,90,2.7444444444444445
line_27,r07,qft,24,3,11,198,90,2.2
line_27,r07,qft,24,3,22,215,90,2.388888888888889
line_27,r07,qft,24,3,33,225,90,2.5
line_27,r07,qft,24,3,44,196,90,2.1777777777777776
line_27,r07,qft,24,3,55,196,90,2.1777777777777776
line_27,r07,ghz_chain,4,0,11,42,3,14.0
line_27,r07,ghz_chain,4,0,22,39,3,13.0
line_27,r07,ghz_chain,4,0,33,42,3,14.0
line_27,r07,ghz_chain,4,0,44,42,3,14.0
line_27,r07,ghz_chain,4,0,55,45,3,15.0
line_27,r07,ghz_chain,4,1,11,3,3,1.0
line_27,r07,ghz_chain,4,1,22,3,3,1.0
line_27,r07,ghz_chain,4,1,33,3,3,1.0
line_27,r07,ghz_chain,4,1,44,3,3,1.0
line_27,r07,ghz_chain,4,1,55,3,3,1.0
line_27,r07,ghz_chain,4,3,11,3,3,1.0
line_27,r07,ghz_chain,4,3,22,3,3,1.0
line_27,r07,ghz_chain,4,3,33,3,3,1.0
line_27,r07,ghz_chain,4,3,44,3,3,1.0
line_27,r07,ghz_chain,4,3,55,3,3,1.0
line_27,r07,ghz_chain,8,0,11,100,7,14.285714285714286
line_27,r07,ghz_chain,8,0,22,100,7,14.285714285714286
line_27,r07,ghz_chain,8,0,33,106,7,15.142857142857142
line_27,r07,ghz_chain,8,0,44,85,7,12.142857142857142
line_27,r07,ghz_chain,8,0,55,94,7,13.428571428571429
line_27,r07,ghz_chain,8,1,11,7,7,1.0
line_27,r07,ghz_chain,8,1,22,7,7,1.0
line_27,r07,ghz_chain,8,1,33,7,7,1.0
line_27,r07,ghz_chain,8,1,44,7,7,1.0
line_27,r07,ghz_chain,8,1,55,7,7,1.0
line_27,r07,ghz_chain,8,3,11,7,7,1.0
line_27,r07,ghz_chain,8,3,22,7,7,1.0
line_27,r07,ghz_chain,8,3,33,7,7,1.0
line_27,r07,ghz_chain,8,3,44,7,7,1.0
line_27,r07,ghz_chain,8,3,55,7,7,1.0
line_27,r07,ghz_chain,12,0,11,143,11,13.0
line_27,r07,ghz_chain,12,0,22,146,11,13.272727272727273
line_27,r07,ghz_chain,12,0,33,129,11,11.727272727272727
line_27,r07,ghz_chain,12,0,44,134,11,12.181818181818182
line_27,r07,ghz_chain,12,0,55,128,11,11.636363636363637
line_27,r07,ghz_chain,12,1,11,11,11,1.0
line_27,r07,ghz_chain,12,1,22,11,11,1.0
line_27,r07,ghz_chain,12,1,33,11,11,1.0
line_27,r07,ghz_chain,12,1,44,11,11,1.0
line_27,r07,ghz_chain,12,1,55,11,11,1.0
line_27,r07,ghz_chain,12,3,11,11,11,1.0
line_27,r07,ghz_chain,12,3,22,11,11,1.0
line_27,r07,ghz_chain,12,3,33,11,11,1.0
line_27,r07,ghz_chain,12,3,44,11,11,1.0
line_27,r07,ghz_chain,12,3,55,11,11,1.0
line_27,r07,ghz_chain,16,0,11,207,15,13.8
line_27,r07,ghz_chain,16,0,22,228,15,15.2
line_27,r07,ghz_chain,16,0,33,196,15,13.066666666666666
line_27,r07,ghz_chain,16,0,44,207,15,13.8
line_27,r07,ghz_chain,16,0,55,190,15,12.666666666666666
line_27,r07,ghz_chain,16,1,11,15,15,1.0
line_27,r07,ghz_chain,16,1,22,15,15,1.0
line_27,r07,ghz_chain,16,1,33,15,15,1.0
line_27,r07,ghz_chain,16,1,44,15,15,1.0
line_27,r07,ghz_chain,16,1,55,15,15,1.0
line_27,r07,ghz_chain,16,3,11,15,15,1.0
line_27,r07,ghz_chain,16,3,22,15,15,1.0
line_27,r07,ghz_chain,16,3,33,15,15,1.0
line_27,r07,ghz_chain,16,3,44,15,15,1.0
line_27,r07,ghz_chain,16,3,55,15,15,1.0
line_27,r07,ghz_chain,20,0,11,289,19,15.210526315789474
line_27,r07,ghz_chain,20,0,22,286,19,15.052631578947368
line_27,r07,ghz_chain,20,0,33,263,19,13.842105263157896
line_27,r07,ghz_chain,20,0,44,283,19,14.894736842105264
line_27,r07,ghz_chain,20,0,55,289,19,15.210526315789474
line_27,r07,ghz_chain,20,1,11,19,19,1.0
line_27,r07,ghz_chain,20,1,22,19,19,1.0
line_27,r07,ghz_chain,20,1,33,19,19,1.0
line_27,r07,ghz_chain,20,1,44,19,19,1.0
line_27,r07,ghz_chain,20,1,55,19,19,1.0
line_27,r07,ghz_chain,20,3,11,19,19,1.0
line_27,r07,ghz_chain,20,3,22,19,19,1.0
line_27,r07,ghz_chain,20,3,33,19,19,1.0
line_27,r07,ghz_chain,20,3,44,19,19,1.0
line_27,r07,ghz_chain,20,3,55,19,19,1.0
line_27,r07,ghz_chain,24,0,11,350,23,15.217391304347826
line_27,r07,ghz_chain,24,0,22,377,23,16.391304347826086
line_27,r07,ghz_chain,24,0,33,314,23,13.652173913043478
line_27,r07,ghz_chain,24,0,44,353,23,15.347826086956522
line_27,r07,ghz_chain,24,0,55,344,23,14.956521739130435
line_27,r07,ghz_chain,24,1,11,23,23,1.0
line_27,r07,ghz_chain,24,1,22,23,23,1.0
line_27,r07,ghz_chain,24,1,33,23,23,1.0
line_27,r07,ghz_chain,24,1,44,23,23,1.0
line_27,r07,ghz_chain,24,1,55,23,23,1.0
line_27,r07,ghz_chain,24,3,11,23,23,1.0
line_27,r07,ghz_chain,24,3,22,23,23,1.0
line_27,r07,ghz_chain,24,3,33,23,23,1.0
line_27,r07,ghz_chain,24,3,44,23,23,1.0
line_27,r07,ghz_chain,24,3,55,23,23,1.0
line_27,r07,ghz_star,4,0,11,42,3,14.0
line_27,r07,ghz_star,4,0,22,45,3,15.0
line_27,r07,ghz_star,4,0,33,42,3,14.0
line_27,r07,ghz_star,4,0,44,42,3,14.0
line_27,r07,ghz_star,4,0,55,45,3,15.0
line_27,r07,ghz_star,4,1,11,6,3,2.0
line_27,r07,ghz_star,4,1,22,6,3,2.0
line_27,r07,ghz_star,4,1,33,6,3,2.0
line_27,r07,ghz_star,4,1,44,6,3,2.0
line_27,r07,ghz_star,4,1,55,6,3,2.0
line_27,r07,ghz_star,4,3,11,4,3,1.3333333333333333
line_27,r07,ghz_star,4,3,22,6,3,2.0
line_27,r07,ghz_star,4,3,33,6,3,2.0
line_27,r07,ghz_star,4,3,44,6,3,2.0
line_27,r07,ghz_star,4,3,55,5,3,1.6666666666666667
line_27,r07,ghz_star,8,0,11,97,7,13.857142857142858
line_27,r07,ghz_star,8,0,22,100,7,14.285714285714286
line_27,r07,ghz_star,8,0,33,109,7,15.571428571428571
line_27,r07,ghz_star,8,0,44,103,7,14.714285714285714
line_27,r07,ghz_star,8,0,55,94,7,13.428571428571429
line_27,r07,ghz_star,8,1,11,25,7,3.5714285714285716
line_27,r07,ghz_star,8,1,22,30,7,4.285714285714286
line_27,r07,ghz_star,8,1,33,28,7,4.0
line_27,r07,ghz_star,8,1,44,25,7,3.5714285714285716
line_27,r07,ghz_star,8,1,55,31,7,4.428571428571429
line_27,r07,ghz_star,8,3,11,19,7,2.7142857142857144
line_27,r07,ghz_star,8,3,22,29,7,4.142857142857143
line_27,r07,ghz_star,8,3,33,26,7,3.7142857142857144
line_27,r07,ghz_star,8,3,44,21,7,3.0
line_27,r07,ghz_star,8,3,55,20,7,2.857142857142857
line_27,r07,ghz_star,12,0,11,107,11,9.727272727272727
line_27,r07,ghz_star,12,0,22,148,11,13.454545454545455
line_27,r07,ghz_star,12,0,33,134,11,12.181818181818182
line_27,r07,ghz_star,12,0,44,137,11,12.454545454545455
line_27,r07,ghz_star,12,0,55,128,11,11.636363636363637
line_27,r07,ghz_star,12,1,11,56,11,5.090909090909091
line_27,r07,ghz_star,12,1,22,53,11,4.818181818181818
line_27,r07,ghz_star,12,1,33,68,11,6.181818181818182
line_27,r07,ghz_star,12,1,44,83,11,7.545454545454546
line_27,r07,ghz_star,12,1,55,70,11,6.363636363636363
line_27,r07,ghz_star,12,3,11,46,11,4.181818181818182
line_27,r07,ghz_star,12,3,22,44,11,4.0
line_27,r07,ghz_star,12,3,33,47,11,4.2727272727272725
line_27,r07,ghz_star,12,3,44,41,11,3.727272727272727
line_27,r07,ghz_star,12,3,55,41,11,3.727272727272727
line_27,r07,ghz_star,16,0,11,207,15,13.8
line_27,r07,ghz_star,16,0,22,236,15,15.733333333333333
line_27,r07,ghz_star,16,0,33,189,15,12.6
line_27,r07,ghz_star,16,0,44,210,15,14.0
line_27,r07,ghz_star,16,0,55,189,15,12.6
line_27,r07,ghz_star,16,1,11,99,15,6.6
line_27,r07,ghz_star,16,1,22,102,15,6.8
line_27,r07,ghz_star,16,1,33,83,15,5.533333333333333
line_27,r07,ghz_star,16,1,44,110,15,7.333333333333333
line_27,r07,ghz_star,16,1,55,90,15,6.0
line_27,r07,ghz_star,16,3,11,90,15,6.0
line_27,r07,ghz_star,16,3,22,76,15,5.066666666666666
line_27,r07,ghz_star,16,3,33,65,15,4.333333333333333
line_27,r07,ghz_star,16,3,44,71,15,4.733333333333333
line_27,r07,ghz_star,16,3,55,88,15,5.866666666666666
line_27,r07,ghz_star,20,0,11,289,19,15.210526315789474
line_27,r07,ghz_star,20,0,22,291,19,15.31578947368421
line_27,r07,ghz_star,20,0,33,262,19,13.789473684210526
line_27,r07,ghz_star,20,0,44,283,19,14.894736842105264
line_27,r07,ghz_star,20,0,55,277,19,14.578947368421053
line_27,r07,ghz_star,20,1,11,118,19,6.2105263157894735
line_27,r07,ghz_star,20,1,22,75,19,3.9473684210526314
line_27,r07,ghz_star,20,1,33,116,19,6.105263157894737
line_27,r07,ghz_star,20,1,44,75,19,3.9473684210526314
line_27,r07,ghz_star,20,1,55,126,19,6.631578947368421
line_27,r07,ghz_star,20,3,11,96,19,5.052631578947368
line_27,r07,ghz_star,20,3,22,99,19,5.2105263157894735
line_27,r07,ghz_star,20,3,33,89,19,4.684210526315789
line_27,r07,ghz_star,20,3,44,100,19,5.2631578947368425
line_27,r07,ghz_star,20,3,55,114,19,6.0
line_27,r07,ghz_star,24,0,11,349,23,15.173913043478262
line_27,r07,ghz_star,24,0,22,350,23,15.217391304347826
line_27,r07,ghz_star,24,0,33,308,23,13.391304347826088
line_27,r07,ghz_star,24,0,44,353,23,15.347826086956522
line_27,r07,ghz_star,24,0,55,332,23,14.434782608695652
line_27,r07,ghz_star,24,1,11,139,23,6.043478260869565
line_27,r07,ghz_star,24,1,22,97,23,4.217391304347826
line_27,r07,ghz_star,24,1,33,91,23,3.9565217391304346
line_27,r07,ghz_star,24,1,44,97,23,4.217391304347826
line_27,r07,ghz_star,24,1,55,97,23,4.217391304347826
line_27,r07,ghz_star,24,3,11,111,23,4.826086956521739
line_27,r07,ghz_star,24,3,22,118,23,5.130434782608695
line_27,r07,ghz_star,24,3,33,117,23,5.086956521739131
line_27,r07,ghz_star,24,3,44,120,23,5.217391304347826
line_27,r07,ghz_star,24,3,55,70,23,3.0434782608695654
line_27,r07,efficient_su2,4,0,11,58,8,7.25
line_27,r07,efficient_su2,4,0,22,68,8,8.5
line_27,r07,efficient_su2,4,0,33,76,8,9.5
line_27,r07,efficient_su2,4,0,44,57,8,7.125
line_27,r07,efficient_su2,4,0,55,60,8,7.5
line_27,r07,efficient_su2,4,1,11,17,8,2.125
line_27,r07,efficient_su2,4,1,22,17,8,2.125
line_27,r07,efficient_su2,4,1,33,16,8,2.0
line_27,r07,efficient_su2,4,1,44,16,8,2.0
line_27,r07,efficient_su2,4,1,55,17,8,2.125
line_27,r07,efficient_su2,4,3,11,17,8,2.125
line_27,r07,efficient_su2,4,3,22,16,8,2.0
line_27,r07,efficient_su2,4,3,33,14,8,1.75
line_27,r07,efficient_su2,4,3,44,14,8,1.75
line_27,r07,efficient_su2,4,3,55,14,8,1.75
line_27,r07,efficient_su2,8,0,11,117,16,7.3125
line_27,r07,efficient_su2,8,0,22,172,16,10.75
line_27,r07,efficient_su2,8,0,33,161,16,10.0625
line_27,r07,efficient_su2,8,0,44,150,16,9.375
line_27,r07,efficient_su2,8,0,55,178,16,11.125
line_27,r07,efficient_su2,8,1,11,50,16,3.125
line_27,r07,efficient_su2,8,1,22,50,16,3.125
line_27,r07,efficient_su2,8,1,33,50,16,3.125
line_27,r07,efficient_su2,8,1,44,50,16,3.125
line_27,r07,efficient_su2,8,1,55,50,16,3.125
line_27,r07,efficient_su2,8,3,11,46,16,2.875
line_27,r07,efficient_su2,8,3,22,46,16,2.875
line_27,r07,efficient_su2,8,3,33,46,16,2.875
line_27,r07,efficient_su2,8,3,44,46,16,2.875
line_27,r07,efficient_su2,8,3,55,46,16,2.875
line_27,r07,efficient_su2,12,0,11,243,24,10.125
line_27,r07,efficient_su2,12,0,22,268,24,11.166666666666666
line_27,r07,efficient_su2,12,0,33,254,24,10.583333333333334
line_27,r07,efficient_su2,12,0,44,252,24,10.5
line_27,r07,efficient_su2,12,0,55,231,24,9.625
line_27,r07,efficient_su2,12,1,11,82,24,3.4166666666666665
line_27,r07,efficient_su2,12,1,22,82,24,3.4166666666666665
line_27,r07,efficient_su2,12,1,33,82,24,3.4166666666666665
line_27,r07,efficient_su2,12,1,44,82,24,3.4166666666666665
line_27,r07,efficient_su2,12,1,55,82,24,3.4166666666666665
line_27,r07,efficient_su2,12,3,11,78,24,3.25
line_27,r07,efficient_su2,12,3,22,78,24,3.25
line_27,r07,efficient_su2,12,3,33,78,24,3.25
line_27,r07,efficient_su2,12,3,44,78,24,3.25
line_27,r07,efficient_su2,12,3,55,78,24,3.25
line_27,r07,efficient_su2,16,0,11,397,32,12.40625
line_27,r07,efficient_su2,16,0,22,412,32,12.875
line_27,r07,efficient_su2,16,0,33,336,32,10.5
line_27,r07,efficient_su2,16,0,44,392,32,12.25
line_27,r07,efficient_su2,16,0,55,357,32,11.15625
line_27,r07,efficient_su2,16,1,11,122,32,3.8125
line_27,r07,efficient_su2,16,1,22,122,32,3.8125
line_27,r07,efficient_su2,16,1,33,122,32,3.8125
line_27,r07,efficient_su2,16,1,44,122,32,3.8125
line_27,r07,efficient_su2,16,1,55,122,32,3.8125
line_27,r07,efficient_su2,16,3,11,114,32,3.5625
line_27,r07,efficient_su2,16,3,22,114,32,3.5625
line_27,r07,efficient_su2,16,3,33,114,32,3.5625
line_27,r07,efficient_su2,16,3,44,114,32,3.5625
line_27,r07,efficient_su2,16,3,55,114,32,3.5625
line_27,r07,efficient_su2,20,0,11,500,40,12.5
line_27,r07,efficient_su2,20,0,22,585,40,14.625
line_27,r07,efficient_su2,20,0,33,535,40,13.375
line_27,r07,efficient_su2,20,0,44,514,40,12.85
line_27,r07,efficient_su2,20,0,55,523,40,13.075
line_27,r07,efficient_su2,20,1,11,154,40,3.85
line_27,r07,efficient_su2,20,1,22,154,40,3.85
line_27,r07,efficient_su2,20,1,33,154,40,3.85
line_27,r07,efficient_su2,20,1,44,154,40,3.85
line_27,r07,efficient_su2,20,1,55,154,40,3.85
line_27,r07,efficient_su2,20,3,11,146,40,3.65
line_27,r07,efficient_su2,20,3,22,146,40,3.65
line_27,r07,efficient_su2,20,3,33,146,40,3.65
line_27,r07,efficient_su2,20,3,44,146,40,3.65
line_27,r07,efficient_su2,20,3,55,146,40,3.65
line_27,r07,efficient_su2,24,0,11,653,48,13.604166666666666
line_27,r07,efficient_su2,24,0,22,636,48,13.25
line_27,r07,efficient_su2,24,0,33,615,48,12.8125
line_27,r07,efficient_su2,24,0,44,606,48,12.625
line_27,r07,efficient_su2,24,0,55,605,48,12.604166666666666
line_27,r07,efficient_su2,24,1,11,186,48,3.875
line_27,r07,efficient_su2,24,1,22,186,48,3.875
line_27,r07,efficient_su2,24,1,33,186,48,3.875
line_27,r07,efficient_su2,24,1,44,186,48,3.875
line_27,r07,efficient_su2,24,1,55,186,48,3.875
line_27,r07,efficient_su2,24,3,11,178,48,3.7083333333333335
line_27,r07,efficient_su2,24,3,22,174,48,3.625
line_27,r07,efficient_su2,24,3,33,178,48,3.7083333333333335
line_27,r07,efficient_su2,24,3,44,178,48,3.7083333333333335
line_27,r07,efficient_su2,24,3,55,178,48,3.7083333333333335
line_27,r08,qft,4,0,11,58,10,5.8
line_27,r08,qft,4,0,22,49,10,4.9
line_27,r08,qft,4,0,33,64,10,6.4
line_27,r08,qft,4,0,44,50,10,5.0
line_27,r08,qft,4,0,55,53,10,5.3
line_27,r08,qft,4,1,11,19,10,1.9
line_27,r08,qft,4,1,22,19,10,1.9
line_27,r08,qft,4,1,33,19,10,1.9
line_27,r08,qft,4,1,44,19,10,1.9
line_27,r08,qft,4,1,55,19,10,1.9
line_27,r08,qft,4,3,11,17,10,1.7
line_27,r08,qft,4,3,22,15,10,1.5
line_27,r08,qft,4,3,33,15,10,1.5
line_27,r08,qft,4,3,44,17,10,1.7
line_27,r08,qft,4,3,55,17,10,1.7
line_27,r08,qft,8,0,11,182,26,7.0
line_27,r08,qft,8,0,22,178,26,6.846153846153846
line_27,r08,qft,8,0,33,184,26,7.076923076923077
line_27,r08,qft,8,0,44,205,26,7.884615384615385
line_27,r08,qft,8,0,55,180,26,6.923076923076923
line_27,r08,qft,8,1,11,67,26,2.576923076923077
line_27,r08,qft,8,1,22,68,26,2.6153846153846154
line_27,r08,qft,8,1,33,63,26,2.423076923076923
line_27,r08,qft,8,1,44,67,26,2.576923076923077
line_27,r08,qft,8,1,55,67,26,2.576923076923077
line_27,r08,qft,8,3,11,55,26,2.1153846153846154
line_27,r08,qft,8,3,22,52,26,2.0
line_27,r08,qft,8,3,33,57,26,2.1923076923076925
line_27,r08,qft,8,3,44,49,26,1.8846153846153846
line_27,r08,qft,8,3,55,55,26,2.1153846153846154
line_27,r08,qft,12,0,11,304,42,7.238095238095238
line_27,r08,qft,12,0,22,295,42,7.023809523809524
line_27,r08,qft,12,0,33,321,42,7.642857142857143
line_27,r08,qft,12,0,44,298,42,7.095238095238095
line_27,r08,qft,12,0,55,300,42,7.142857142857143
line_27,r08,qft,12,1,11,123,42,2.9285714285714284
line_27,r08,qft,12,1,22,107,42,2.5476190476190474
line_27,r08,qft,12,1,33,117,42,2.7857142857142856
line_27,r08,qft,12,1,44,126,42,3.0
line_27,r08,qft,12,1,55,119,42,2.8333333333333335
line_27,r08,qft,12,3,11,91,42,2.1666666666666665
line_27,r08,qft,12,3,22,92,42,2.1904761904761907
line_27,r08,qft,12,3,33,91,42,2.1666666666666665
line_27,r08,qft,12,3,44,94,42,2.238095238095238
line_27,r08,qft,12,3,55,97,42,2.3095238095238093
line_27,r08,qft,16,0,11,428,58,7.379310344827586
line_27,r08,qft,16,0,22,497,58,8.568965517241379
line_27,r08,qft,16,0,33,498,58,8.586206896551724
line_27,r08,qft,16,0,44,486,58,8.379310344827585
line_27,r08,qft,16,0,55,379,58,6.5344827586206895
line_27,r08,qft,16,1,11,171,58,2.9482758620689653
line_27,r08,qft,16,1,22,166,58,2.8620689655172415
line_27,r08,qft,16,1,33,171,58,2.9482758620689653
line_27,r08,qft,16,1,44,163,58,2.810344827586207
line_27,r08,qft,16,1,55,171,58,2.9482758620689653
line_27,r08,qft,16,3,11,127,58,2.189655172413793
line_27,r08,qft,16,3,22,131,58,2.2586206896551726
line_27,r08,qft,16,3,33,135,58,2.3275862068965516
line_27,r08,qft,16,3,44,125,58,2.1551724137931036
line_27,r08,qft,16,3,55,115,58,1.9827586206896552
line_27,r08,qft,20,0,11,669,74,9.04054054054054
line_27,r08,qft,20,0,22,687,74,9.283783783783784
line_27,r08,qft,20,0,33,689,74,9.31081081081081
line_27,r08,qft,20,0,44,739,74,9.986486486486486
line_27,r08,qft,20,0,55,669,74,9.04054054054054
line_27,r08,qft,20,1,11,211,74,2.8513513513513513
line_27,r08,qft,20,1,22,221,74,2.9864864864864864
line_27,r08,qft,20,1,33,211,74,2.8513513513513513
line_27,r08,qft,20,1,44,229,74,3.0945945945945947
line_27,r08,qft,20,1,55,223,74,3.0135135135135136
line_27,r08,qft,20,3,11,167,74,2.2567567567567566
line_27,r08,qft,20,3,22,159,74,2.1486486486486487
line_27,r08,qft,20,3,33,162,74,2.189189189189189
line_27,r08,qft,20,3,44,159,74,2.1486486486486487
line_27,r08,qft,20,3,55,161,74,2.175675675675676
line_27,r08,qft,24,0,11,788,90,8.755555555555556
line_27,r08,qft,24,0,22,843,90,9.366666666666667
line_27,r08,qft,24,0,33,913,90,10.144444444444444
line_27,r08,qft,24,0,44,852,90,9.466666666666667
line_27,r08,qft,24,0,55,846,90,9.4
line_27,r08,qft,24,1,11,271,90,3.011111111111111
line_27,r08,qft,24,1,22,269,90,2.988888888888889
line_27,r08,qft,24,1,33,278,90,3.088888888888889
line_27,r08,qft,24,1,44,261,90,2.9
line_27,r08,qft,24,1,55,275,90,3.0555555555555554
line_27,r08,qft,24,3,11,207,90,2.3
line_27,r08,qft,24,3,22,187,90,2.077777777777778
line_27,r08,qft,24,3,33,173,90,1.9222222222222223
line_27,r08,qft,24,3,44,216,90,2.4
line_27,r08,qft,24,3,55,217,90,2.411111111111111
line_27,r08,ghz_chain,4,0,11,30,3,10.0
line_27,r08,ghz_chain,4,0,22,33,3,11.0
line_27,r08,ghz_chain,4,0,33,30,3,10.0
line_27,r08,ghz_chain,4,0,44,24,3,8.0
line_27,r08,ghz_chain,4,0,55,33,3,11.0
line_27,r08,ghz_chain,4,1,11,3,3,1.0
line_27,r08,ghz_chain,4,1,22,3,3,1.0
line_27,r08,ghz_chain,4,1,33,3,3,1.0
line_27,r08,ghz_chain,4,1,44,3,3,1.0
line_27,r08,ghz_chain,4,1,55,3,3,1.0
line_27,r08,ghz_chain,4,3,11,3,3,1.0
line_27,r08,ghz_chain,4,3,22,3,3,1.0
line_27,r08,ghz_chain,4,3,33,3,3,1.0
line_27,r08,ghz_chain,4,3,44,3,3,1.0
line_27,r08,ghz_chain,4,3,55,3,3,1.0
line_27,r08,ghz_chain,8,0,11,102,7,14.571428571428571
line_27,r08,ghz_chain,8,0,22,93,7,13.285714285714286
line_27,r08,ghz_chain,8,0,33,87,7,12.428571428571429
line_27,r08,ghz_chain,8,0,44,97,7,13.857142857142858
line_27,r08,ghz_chain,8,0,55,104,7,14.857142857142858
line_27,r08,ghz_chain,8,1,11,7,7,1.0
line_27,r08,ghz_chain,8,1,22,7,7,1.0
line_27,r08,ghz_chain,8,1,33,7,7,1.0
line_27,r08,ghz_chain,8,1,44,7,7,1.0
line_27,r08,ghz_chain,8,1,55,7,7,1.0
line_27,r08,ghz_chain,8,3,11,7,7,1.0
line_27,r08,ghz_chain,8,3,22,7,7,1.0
line_27,r08,ghz_chain,8,3,33,7,7,1.0
line_27,r08,ghz_chain,8,3,44,7,7,1.0
line_27,r08,ghz_chain,8,3,55,7,7,1.0
line_27,r08,ghz_chain,12,0,11,151,11,13.727272727272727
line_27,r08,ghz_chain,12,0,22,167,11,15.181818181818182
line_27,r08,ghz_chain,12,0,33,172,11,15.636363636363637
line_27,r08,ghz_chain,12,0,44,149,11,13.545454545454545
line_27,r08,ghz_chain,12,0,55,144,11,13.090909090909092
line_27,r08,ghz_chain,12,1,11,11,11,1.0
line_27,r08,ghz_chain,12,1,22,11,11,1.0
line_27,r08,ghz_chain,12,1,33,11,11,1.0
line_27,r08,ghz_chain,12,1,44,11,11,1.0
line_27,r08,ghz_chain,12,1,55,11,11,1.0
line_27,r08,ghz_chain,12,3,11,11,11,1.0
line_27,r08,ghz_chain,12,3,22,11,11,1.0
line_27,r08,ghz_chain,12,3,33,11,11,1.0
line_27,r08,ghz_chain,12,3,44,11,11,1.0
line_27,r08,ghz_chain,12,3,55,11,11,1.0
line_27,r08,ghz_chain,16,0,11,206,15,13.733333333333333
line_27,r08,ghz_chain,16,0,22,206,15,13.733333333333333
line_27,r08,ghz_chain,16,0,33,207,15,13.8
line_27,r08,ghz_chain,16,0,44,207,15,13.8
line_27,r08,ghz_chain,16,0,55,202,15,13.466666666666667
line_27,r08,ghz_chain,16,1,11,15,15,1.0
line_27,r08,ghz_chain,16,1,22,15,15,1.0
line_27,r08,ghz_chain,16,1,33,15,15,1.0
line_27,r08,ghz_chain,16,1,44,15,15,1.0
line_27,r08,ghz_chain,16,1,55,15,15,1.0
line_27,r08,ghz_chain,16,3,11,15,15,1.0
line_27,r08,ghz_chain,16,3,22,15,15,1.0
line_27,r08,ghz_chain,16,3,33,15,15,1.0
line_27,r08,ghz_chain,16,3,44,15,15,1.0
line_27,r08,ghz_chain,16,3,55,15,15,1.0
line_27,r08,ghz_chain,20,0,11,277,19,14.578947368421053
line_27,r08,ghz_chain,20,0,22,267,19,14.052631578947368
line_27,r08,ghz_chain,20,0,33,306,19,16.105263157894736
line_27,r08,ghz_chain,20,0,44,247,19,13.0
line_27,r08,ghz_chain,20,0,55,257,19,13.526315789473685
line_27,r08,ghz_chain,20,1,11,19,19,1.0
line_27,r08,ghz_chain,20,1,22,19,19,1.0
line_27,r08,ghz_chain,20,1,33,19,19,1.0
line_27,r08,ghz_chain,20,1,44,19,19,1.0
line_27,r08,ghz_chain,20,1,55,19,19,1.0
line_27,r08,ghz_chain,20,3,11,19,19,1.0
line_27,r08,ghz_chain,20,3,22,19,19,1.0
line_27,r08,ghz_chain,20,3,33,19,19,1.0
line_27,r08,ghz_chain,20,3,44,19,19,1.0
line_27,r08,ghz_chain,20,3,55,19,19,1.0
line_27,r08,ghz_chain,24,0,11,316,23,13.73913043478261
line_27,r08,ghz_chain,24,0,22,298,23,12.956521739130435
line_27,r08,ghz_chain,24,0,33,361,23,15.695652173913043
line_27,r08,ghz_chain,24,0,44,322,23,14.0
line_27,r08,ghz_chain,24,0,55,339,23,14.73913043478261
line_27,r08,ghz_chain,24,1,11,23,23,1.0
line_27,r08,ghz_chain,24,1,22,23,23,1.0
line_27,r08,ghz_chain,24,1,33,23,23,1.0
line_27,r08,ghz_chain,24,1,44,23,23,1.0
line_27,r08,ghz_chain,24,1,55,23,23,1.0
line_27,r08,ghz_chain,24,3,11,23,23,1.0
line_27,r08,ghz_chain,24,3,22,23,23,1.0
line_27,r08,ghz_chain,24,3,33,23,23,1.0
line_27,r08,ghz_chain,24,3,44,23,23,1.0
line_27,r08,ghz_chain,24,3,55,23,23,1.0
line_27,r08,ghz_star,4,0,11,33,3,11.0
line_27,r08,ghz_star,4,0,22,36,3,12.0
line_27,r08,ghz_star,4,0,33,30,3,10.0
line_27,r08,ghz_star,4,0,44,36,3,12.0
line_27,r08,ghz_star,4,0,55,33,3,11.0
line_27,r08,ghz_star,4,1,11,6,3,2.0
line_27,r08,ghz_star,4,1,22,5,3,1.6666666666666667
line_27,r08,ghz_star,4,1,33,6,3,2.0
line_27,r08,ghz_star,4,1,44,5,3,1.6666666666666667
line_27,r08,ghz_star,4,1,55,6,3,2.0
line_27,r08,ghz_star,4,3,11,4,3,1.3333333333333333
line_27,r08,ghz_star,4,3,22,5,3,1.6666666666666667
line_27,r08,ghz_star,4,3,33,4,3,1.3333333333333333
line_27,r08,ghz_star,4,3,44,4,3,1.3333333333333333
line_27,r08,ghz_star,4,3,55,6,3,2.0
line_27,r08,ghz_star,8,0,11,99,7,14.142857142857142
line_27,r08,ghz_star,8,0,22,99,7,14.142857142857142
line_27,r08,ghz_star,8,0,33,84,7,12.0
line_27,r08,ghz_star,8,0,44,96,7,13.714285714285714
line_27,r08,ghz_star,8,0,55,98,7,14.0
line_27,r08,ghz_star,8,1,11,27,7,3.857142857142857
line_27,r08,ghz_star,8,1,22,24,7,3.4285714285714284
line_27,r08,ghz_star,8,1,33,31,7,4.428571428571429
line_27,r08,ghz_star,8,1,44,31,7,4.428571428571429
line_27,r08,ghz_star,8,1,55,31,7,4.428571428571429
line_27,r08,ghz_star,8,3,11,24,7,3.4285714285714284
line_27,r08,ghz_star,8,3,22,21,7,3.0
line_27,r08,ghz_star,8,3,33,18,7,2.5714285714285716
line_27,r08,ghz_star,8,3,44,23,7,3.2857142857142856
line_27,r08,ghz_star,8,3,55,18,7,2.5714285714285716
line_27,r08,ghz_star,12,0,11,127,11,11.545454545454545
line_27,r08,ghz_star,12,0,22,158,11,14.363636363636363
line_27,r08,ghz_star,12,0,33,148,11,13.454545454545455
line_27,r08,ghz_star,12,0,44,142,11,12.909090909090908
line_27,r08,ghz_star,12,0,55,135,11,12.272727272727273
line_27,r08,ghz_star,12,1,11,59,11,5.363636363636363
line_27,r08,ghz_star,12,1,22,64,11,5.818181818181818
line_27,r08,ghz_star,12,1,33,73,11,6.636363636363637
line_27,r08,ghz_star,12,1,44,59,11,5.363636363636363
line_27,r08,ghz_star,12,1,55,74,11,6.7272727272727275
line_27,r08,ghz_star,12,3,11,37,11,3.3636363636363638
line_27,r08,ghz_star,12,3,22,57,11,5.181818181818182
line_27,r08,ghz_star,12,3,33,68,11,6.181818181818182
line_27,r08,ghz_star,12,3,44,46,11,4.181818181818182
line_27,r08,ghz_star,12,3,55,47,11,4.2727272727272725
line_27,r08,ghz_star,16,0,11,191,15,12.733333333333333
line_27,r08,ghz_star,16,0,22,219,15,14.6
line_27,r08,ghz_star,16,0,33,212,15,14.133333333333333
line_27,r08,ghz_star,16,0,44,197,15,13.133333333333333
line_27,r08,ghz_star,16,0,55,190,15,12.666666666666666
line_27,r08,ghz_star,16,1,11,87,15,5.8
line_27,r08,ghz_star,16,1,22,73,15,4.866666666666666
line_27,r08,ghz_star,16,1,33,100,15,6.666666666666667
line_27,r08,ghz_star,16,1,44,105,15,7.0
line_27,r08,ghz_star,16,1,55,106,15,7.066666666666666
line_27,r08,ghz_star,16,3,11,70,15,4.666666666666667
line_27,r08,ghz_star,16,3,22,69,15,4.6
line_27,r08,ghz_star,16,3,33,93,15,6.2
line_27,r08,ghz_star,16,3,44,89,15,5.933333333333334
line_27,r08,ghz_star,16,3,55,93,15,6.2
line_27,r08,ghz_star,20,0,11,249,19,13.105263157894736
line_27,r08,ghz_star,20,0,22,274,19,14.421052631578947
line_27,r08,ghz_star,20,0,33,290,19,15.263157894736842
line_27,r08,ghz_star,20,0,44,258,19,13.578947368421053
line_27,r08,ghz_star,20,0,55,245,19,12.894736842105264
line_27,r08,ghz_star,20,1,11,133,19,7.0
line_27,r08,ghz_star,20,1,22,114,19,6.0
line_27,r08,ghz_star,20,1,33,79,19,4.157894736842105
line_27,r08,ghz_star,20,1,44,142,19,7.473684210526316
line_27,r08,ghz_star,20,1,55,129,19,6.7894736842105265
line_27,r08,ghz_star,20,3,11,96,19,5.052631578947368
line_27,r08,ghz_star,20,3,22,88,19,4.631578947368421
line_27,r08,ghz_star,20,3,33,111,19,5.842105263157895
line_27,r08,ghz_star,20,3,44,109,19,5.7368421052631575
line_27,r08,ghz_star,20,3,55,108,19,5.684210526315789
line_27,r08,ghz_star,24,0,11,298,23,12.956521739130435
line_27,r08,ghz_star,24,0,22,294,23,12.782608695652174
line_27,r08,ghz_star,24,0,33,322,23,14.0
line_27,r08,ghz_star,24,0,44,319,23,13.869565217391305
line_27,r08,ghz_star,24,0,55,312,23,13.565217391304348
line_27,r08,ghz_star,24,1,11,98,23,4.260869565217392
line_27,r08,ghz_star,24,1,22,133,23,5.782608695652174
line_27,r08,ghz_star,24,1,33,92,23,4.0
line_27,r08,ghz_star,24,1,44,95,23,4.130434782608695
line_27,r08,ghz_star,24,1,55,153,23,6.6521739130434785
line_27,r08,ghz_star,24,3,11,134,23,5.826086956521739
line_27,r08,ghz_star,24,3,22,123,23,5.3478260869565215
line_27,r08,ghz_star,24,3,33,76,23,3.3043478260869565
line_27,r08,ghz_star,24,3,44,127,23,5.521739130434782
line_27,r08,ghz_star,24,3,55,138,23,6.0
line_27,r08,efficient_su2,4,0,11,51,8,6.375
line_27,r08,efficient_su2,4,0,22,61,8,7.625
line_27,r08,efficient_su2,4,0,33,64,8,8.0
line_27,r08,efficient_su2,4,0,44,59,8,7.375
line_27,r08,efficient_su2,4,0,55,54,8,6.75
line_27,r08,efficient_su2,4,1,11,18,8,2.25
line_27,r08,efficient_su2,4,1,22,19,8,2.375
line_27,r08,efficient_su2,4,1,33,17,8,2.125
line_27,r08,efficient_su2,4,1,44,17,8,2.125
line_27,r08,efficient_su2,4,1,55,17,8,2.125
line_27,r08,efficient_su2,4,3,11,14,8,1.75
line_27,r08,efficient_su2,4,3,22,14,8,1.75
line_27,r08,efficient_su2,4,3,33,14,8,1.75
line_27,r08,efficient_su2,4,3,44,14,8,1.75
line_27,r08,efficient_su2,4,3,55,14,8,1.75
line_27,r08,efficient_su2,8,0,11,171,16,10.6875
line_27,r08,efficient_su2,8,0,22,184,16,11.5
line_27,r08,efficient_su2,8,0,33,165,16,10.3125
line_27,r08,efficient_su2,8,0,44,122,16,7.625
line_27,r08,efficient_su2,8,0,55,149,16,9.3125
line_27,r08,efficient_su2,8,1,11,50,16,3.125
line_27,r08,efficient_su2,8,1,22,50,16,3.125
line_27,r08,efficient_su2,8,1,33,50,16,3.125
line_27,r08,efficient_su2,8,1,44,50,16,3.125
line_27,r08,efficient_su2,8,1,55,50,16,3.125
line_27,r08,efficient_su2,8,3,11,46,16,2.875
line_27,r08,efficient_su2,8,3,22,46,16,2.875
line_27,r08,efficient_su2,8,3,33,46,16,2.875
line_27,r08,efficient_su2,8,3,44,46,16,2.875
line_27,r08,efficient_su2,8,3,55,46,16,2.875
line_27,r08,efficient_su2,12,0,11,254,24,10.583333333333334
line_27,r08,efficient_su2,12,0,22,303,24,12.625
line_27,r08,efficient_su2,12,0,33,255,24,10.625
line_27,r08,efficient_su2,12,0,44,261,24,10.875
line_27,r08,efficient_su2,12,0,55,245,24,10.208333333333334
line_27,r08,efficient_su2,12,1,11,82,24,3.4166666666666665
line_27,r08,efficient_su2,12,1,22,82,24,3.4166666666666665
line_27,r08,efficient_su2,12,1,33,82,24,3.4166666666666665
line_27,r08,efficient_su2,12,1,44,82,24,3.4166666666666665
line_27,r08,efficient_su2,12,1,55,82,24,3.4166666666666665
line_27,r08,efficient_su2,12,3,11,78,24,3.25
line_27,r08,efficient_su2,12,3,22,78,24,3.25
line_27,r08,efficient_su2,12,3,33,78,24,3.25
line_27,r08,efficient_su2,12,3,44,78,24,3.25
line_27,r08,efficient_su2,12,3,55,78,24,3.25
line_27,r08,efficient_su2,16,0,11,394,32,12.3125
line_27,r08,efficient_su2,16,0,22,419,32,13.09375
line_27,r08,efficient_su2,16,0,33,404,32,12.625
line_27,r08,efficient_su2,16,0,44,404,32,12.625
line_27,r08,efficient_su2,16,0,55,385,32,12.03125
line_27,r08,efficient_su2,16,1,11,122,32,3.8125
line_27,r08,efficient_su2,16,1,22,122,32,3.8125
line_27,r08,efficient_su2,16,1,33,122,32,3.8125
line_27,r08,efficient_su2,16,1,44,122,32,3.8125
line_27,r08,efficient_su2,16,1,55,122,32,3.8125
line_27,r08,efficient_su2,16,3,11,114,32,3.5625
line_27,r08,efficient_su2,16,3,22,114,32,3.5625
line_27,r08,efficient_su2,16,3,33,114,32,3.5625
line_27,r08,efficient_su2,16,3,44,110,32,3.4375
line_27,r08,efficient_su2,16,3,55,114,32,3.5625
line_27,r08,efficient_su2,20,0,11,439,40,10.975
line_27,r08,efficient_su2,20,0,22,422,40,10.55
line_27,r08,efficient_su2,20,0,33,487,40,12.175
line_27,r08,efficient_su2,20,0,44,493,40,12.325
line_27,r08,efficient_su2,20,0,55,432,40,10.8
line_27,r08,efficient_su2,20,1,11,154,40,3.85
line_27,r08,efficient_su2,20,1,22,154,40,3.85
line_27,r08,efficient_su2,20,1,33,154,40,3.85
line_27,r08,efficient_su2,20,1,44,154,40,3.85
line_27,r08,efficient_su2,20,1,55,154,40,3.85
line_27,r08,efficient_su2,20,3,11,146,40,3.65
line_27,r08,efficient_su2,20,3,22,146,40,3.65
line_27,r08,efficient_su2,20,3,33,146,40,3.65
line_27,r08,efficient_su2,20,3,44,146,40,3.65
line_27,r08,efficient_su2,20,3,55,146,40,3.65
line_27,r08,efficient_su2,24,0,11,503,48,10.479166666666666
line_27,r08,efficient_su2,24,0,22,538,48,11.208333333333334
line_27,r08,efficient_su2,24,0,33,520,48,10.833333333333334
line_27,r08,efficient_su2,24,0,44,542,48,11.291666666666666
line_27,r08,efficient_su2,24,0,55,546,48,11.375
line_27,r08,efficient_su2,24,1,11,186,48,3.875
line_27,r08,efficient_su2,24,1,22,186,48,3.875
line_27,r08,efficient_su2,24,1,33,186,48,3.875
line_27,r08,efficient_su2,24,1,44,186,48,3.875
line_27,r08,efficient_su2,24,1,55,186,48,3.875
line_27,r08,efficient_su2,24,3,11,178,48,3.7083333333333335
line_27,r08,efficient_su2,24,3,22,178,48,3.7083333333333335
line_27,r08,efficient_su2,24,3,33,178,48,3.7083333333333335
line_27,r08,efficient_su2,24,3,44,178,48,3.7083333333333335
line_27,r08,efficient_su2,24,3,55,178,48,3.7083333333333335
line_27,r09,qft,4,0,11,49,10,4.9
line_27,r09,qft,4,0,22,50,10,5.0
line_27,r09,qft,4,0,33,41,10,4.1
line_27,r09,qft,4,0,44,46,10,4.6
line_27,r09,qft,4,0,55,49,10,4.9
line_27,r09,qft,4,1,11,19,10,1.9
line_27,r09,qft,4,1,22,19,10,1.9
line_27,r09,qft,4,1,33,19,10,1.9
line_27,r09,qft,4,1,44,19,10,1.9
line_27,r09,qft,4,1,55,19,10,1.9
line_27,r09,qft,4,3,11,15,10,1.5
line_27,r09,qft,4,3,22,15,10,1.5
line_27,r09,qft,4,3,33,15,10,1.5
line_27,r09,qft,4,3,44,17,10,1.7
line_27,r09,qft,4,3,55,17,10,1.7
line_27,r09,qft,8,0,11,144,26,5.538461538461538
line_27,r09,qft,8,0,22,161,26,6.1923076923076925
line_27,r09,qft,8,0,33,176,26,6.769230769230769
line_27,r09,qft,8,0,44,168,26,6.461538461538462
line_27,r09,qft,8,0,55,134,26,5.153846153846154
line_27,r09,qft,8,1,11,63,26,2.423076923076923
line_27,r09,qft,8,1,22,68,26,2.6153846153846154
line_27,r09,qft,8,1,33,63,26,2.423076923076923
line_27,r09,qft,8,1,44,63,26,2.423076923076923
line_27,r09,qft,8,1,55,69,26,2.6538461538461537
line_27,r09,qft,8,3,11,49,26,1.8846153846153846
line_27,r09,qft,8,3,22,52,26,2.0
line_27,r09,qft,8,3,33,57,26,2.1923076923076925
line_27,r09,qft,8,3,44,49,26,1.8846153846153846
line_27,r09,qft,8,3,55,55,26,2.1153846153846154
line_27,r09,qft,12,0,11,311,42,7.404761904761905
line_27,r09,qft,12,0,22,315,42,7.5
line_27,r09,qft,12,0,33,343,42,8.166666666666666
line_27,r09,qft,12,0,44,300,42,7.142857142857143
line_27,r09,qft,12,0,55,295,42,7.023809523809524
line_27,r09,qft,12,1,11,125,42,2.9761904761904763
line_27,r09,qft,12,1,22,113,42,2.6904761904761907
line_27,r09,qft,12,1,33,127,42,3.0238095238095237
line_27,r09,qft,12,1,44,126,42,3.0
line_27,r09,qft,12,1,55,116,42,2.761904761904762
line_27,r09,qft,12,3,11,83,42,1.9761904761904763
line_27,r09,qft,12,3,22,91,42,2.1666666666666665
line_27,r09,qft,12,3,33,91,42,2.1666666666666665
line_27,r09,qft,12,3,44,91,42,2.1666666666666665
line_27,r09,qft,12,3,55,97,42,2.3095238095238093
line_27,r09,qft,16,0,11,418,58,7.206896551724138
line_27,r09,qft,16,0,22,423,58,7.293103448275862
line_27,r09,qft,16,0,33,413,58,7.120689655172414
line_27,r09,qft,16,0,44,435,58,7.5
line_27,r09,qft,16,0,55,402,58,6.931034482758621
line_27,r09,qft,16,1,11,171,58,2.9482758620689653
line_27,r09,qft,16,1,22,147,58,2.5344827586206895
line_27,r09,qft,16,1,33,165,58,2.8448275862068964
line_27,r09,qft,16,1,44,151,58,2.603448275862069
line_27,r09,qft,16,1,55,171,58,2.9482758620689653
line_27,r09,qft,16,3,11,135,58,2.3275862068965516
line_27,r09,qft,16,3,22,133,58,2.293103448275862
line_27,r09,qft,16,3,33,135,58,2.3275862068965516
line_27,r09,qft,16,3,44,125,58,2.1551724137931036
line_27,r09,qft,16,3,55,115,58,1.9827586206896552
line_27,r09,qft,20,0,11,643,74,8.68918918918919
line_27,r09,qft,20,0,22,615,74,8.31081081081081
line_27,r09,qft,20,0,33,569,74,7.6891891891891895
line_27,r09,qft,20,0,44,626,74,8.45945945945946
line_27,r09,qft,20,0,55,629,74,8.5
line_27,r09,qft,20,1,11,222,74,3.0
line_27,r09,qft,20,1,22,223,74,3.0135135135135136
line_27,r09,qft,20,1,33,227,74,3.0675675675675675
line_27,r09,qft,20,1,44,227,74,3.0675675675675675
line_27,r09,qft,20,1,55,221,74,2.9864864864864864
line_27,r09,qft,20,3,11,152,74,2.054054054054054
line_27,r09,qft,20,3,22,161,74,2.175675675675676
line_27,r09,qft,20,3,33,177,74,2.391891891891892
line_27,r09,qft,20,3,44,161,74,2.175675675675676
line_27,r09,qft,20,3,55,163,74,2.2027027027027026
line_27,r09,qft,24,0,11,933,90,10.366666666666667
line_27,r09,qft,24,0,22,995,90,11.055555555555555
line_27,r09,qft,24,0,33,893,90,9.922222222222222
line_27,r09,qft,24,0,44,881,90,9.78888888888889
line_27,r09,qft,24,0,55,797,90,8.855555555555556
line_27,r09,qft,24,1,11,279,90,3.1
line_27,r09,qft,24,1,22,267,90,2.966666666666667
line_27,r09,qft,24,1,33,276,90,3.066666666666667
line_27,r09,qft,24,1,44,265,90,2.9444444444444446
line_27,r09,qft,24,1,55,253,90,2.811111111111111
line_27,r09,qft,24,3,11,197,90,2.188888888888889
line_27,r09,qft,24,3,22,197,90,2.188888888888889
line_27,r09,qft,24,3,33,192,90,2.1333333333333333
line_27,r09,qft,24,3,44,186,90,2.066666666666667
line_27,r09,qft,24,3,55,200,90,2.2222222222222223
line_27,r09,ghz_chain,4,0,11,24,3,8.0
line_27,r09,ghz_chain,4,0,22,24,3,8.0
line_27,r09,ghz_chain,4,0,33,24,3,8.0
line_27,r09,ghz_chain,4,0,44,24,3,8.0
line_27,r09,ghz_chain,4,0,55,24,3,8.0
line_27,r09,ghz_chain,4,1,11,3,3,1.0
line_27,r09,ghz_chain,4,1,22,3,3,1.0
line_27,r09,ghz_chain,4,1,33,3,3,1.0
line_27,r09,ghz_chain,4,1,44,3,3,1.0
line_27,r09,ghz_chain,4,1,55,3,3,1.0
line_27,r09,ghz_chain,4,3,11,3,3,1.0
line_27,r09,ghz_chain,4,3,22,3,3,1.0
line_27,r09,ghz_chain,4,3,33,3,3,1.0
line_27,r09,ghz_chain,4,3,44,3,3,1.0
line_27,r09,ghz_chain,4,3,55,3,3,1.0
line_27,r09,ghz_chain,8,0,11,47,7,6.714285714285714
line_27,r09,ghz_chain,8,0,22,79,7,11.285714285714286
line_27,r09,ghz_chain,8,0,33,65,7,9.285714285714286
line_27,r09,ghz_chain,8,0,44,73,7,10.428571428571429
line_27,r09,ghz_chain,8,0,55,67,7,9.571428571428571
line_27,r09,ghz_chain,8,1,11,7,7,1.0
line_27,r09,ghz_chain,8,1,22,7,7,1.0
line_27,r09,ghz_chain,8,1,33,7,7,1.0
line_27,r09,ghz_chain,8,1,44,7,7,1.0
line_27,r09,ghz_chain,8,1,55,7,7,1.0
line_27,r09,ghz_chain,8,3,11,7,7,1.0
line_27,r09,ghz_chain,8,3,22,7,7,1.0
line_27,r09,ghz_chain,8,3,33,7,7,1.0
line_27,r09,ghz_chain,8,3,44,7,7,1.0
line_27,r09,ghz_chain,8,3,55,7,7,1.0
line_27,r09,ghz_chain,12,0,11,125,11,11.363636363636363
line_27,r09,ghz_chain,12,0,22,125,11,11.363636363636363
line_27,r09,ghz_chain,12,0,33,124,11,11.272727272727273
line_27,r09,ghz_chain,12,0,44,121,11,11.0
line_27,r09,ghz_chain,12,0,55,113,11,10.272727272727273
line_27,r09,ghz_chain,12,1,11,11,11,1.0
line_27,r09,ghz_chain,12,1,22,11,11,1.0
line_27,r09,ghz_chain,12,1,33,11,11,1.0
line_27,r09,ghz_chain,12,1,44,11,11,1.0
line_27,r09,ghz_chain,12,1,55,11,11,1.0
line_27,r09,ghz_chain,12,3,11,11,11,1.0
line_27,r09,ghz_chain,12,3,22,11,11,1.0
line_27,r09,ghz_chain,12,3,33,11,11,1.0
line_27,r09,ghz_chain,12,3,44,11,11,1.0
line_27,r09,ghz_chain,12,3,55,11,11,1.0
line_27,r09,ghz_chain,16,0,11,153,15,10.2
line_27,r09,ghz_chain,16,0,22,171,15,11.4
line_27,r09,ghz_chain,16,0,33,158,15,10.533333333333333
line_27,r09,ghz_chain,16,0,44,146,15,9.733333333333333
line_27,r09,ghz_chain,16,0,55,150,15,10.0
line_27,r09,ghz_chain,16,1,11,15,15,1.0
line_27,r09,ghz_chain,16,1,22,15,15,1.0
line_27,r09,ghz_chain,16,1,33,15,15,1.0
line_27,r09,ghz_chain,16,1,44,15,15,1.0
line_27,r09,ghz_chain,16,1,55,15,15,1.0
line_27,r09,ghz_chain,16,3,11,15,15,1.0
line_27,r09,ghz_chain,16,3,22,15,15,1.0
line_27,r09,ghz_chain,16,3,33,15,15,1.0
line_27,r09,ghz_chain,16,3,44,15,15,1.0
line_27,r09,ghz_chain,16,3,55,15,15,1.0
line_27,r09,ghz_chain,20,0,11,226,19,11.894736842105264
line_27,r09,ghz_chain,20,0,22,238,19,12.526315789473685
line_27,r09,ghz_chain,20,0,33,228,19,12.0
line_27,r09,ghz_chain,20,0,44,228,19,12.0
line_27,r09,ghz_chain,20,0,55,232,19,12.210526315789474
line_27,r09,ghz_chain,20,1,11,19,19,1.0
line_27,r09,ghz_chain,20,1,22,19,19,1.0
line_27,r09,ghz_chain,20,1,33,19,19,1.0
line_27,r09,ghz_chain,20,1,44,19,19,1.0
line_27,r09,ghz_chain,20,1,55,19,19,1.0
line_27,r09,ghz_chain,20,3,11,19,19,1.0
line_27,r09,ghz_chain,20,3,22,19,19,1.0
line_27,r09,ghz_chain,20,3,33,19,19,1.0
line_27,r09,ghz_chain,20,3,44,19,19,1.0
line_27,r09,ghz_chain,20,3,55,19,19,1.0
line_27,r09,ghz_chain,24,0,11,287,23,12.478260869565217
line_27,r09,ghz_chain,24,0,22,281,23,12.217391304347826
line_27,r09,ghz_chain,24,0,33,274,23,11.91304347826087
line_27,r09,ghz_chain,24,0,44,295,23,12.826086956521738
line_27,r09,ghz_chain,24,0,55,278,23,12.08695652173913
line_27,r09,ghz_chain,24,1,11,23,23,1.0
line_27,r09,ghz_chain,24,1,22,23,23,1.0
line_27,r09,ghz_chain,24,1,33,23,23,1.0
line_27,r09,ghz_chain,24,1,44,23,23,1.0
line_27,r09,ghz_chain,24,1,55,23,23,1.0
line_27,r09,ghz_chain,24,3,11,23,23,1.0
line_27,r09,ghz_chain,24,3,22,23,23,1.0
line_27,r09,ghz_chain,24,3,33,23,23,1.0
line_27,r09,ghz_chain,24,3,44,23,23,1.0
line_27,r09,ghz_chain,24,3,55,23,23,1.0
line_27,r09,ghz_star,4,0,11,24,3,8.0
line_27,r09,ghz_star,4,0,22,24,3,8.0
line_27,r09,ghz_star,4,0,33,24,3,8.0
line_27,r09,ghz_star,4,0,44,24,3,8.0
line_27,r09,ghz_star,4,0,55,24,3,8.0
line_27,r09,ghz_star,4,1,11,6,3,2.0
line_27,r09,ghz_star,4,1,22,6,3,2.0
line_27,r09,ghz_star,4,1,33,6,3,2.0
line_27,r09,ghz_star,4,1,44,5,3,1.6666666666666667
line_27,r09,ghz_star,4,1,55,6,3,2.0
line_27,r09,ghz_star,4,3,11,4,3,1.3333333333333333
line_27,r09,ghz_star,4,3,22,5,3,1.6666666666666667
line_27,r09,ghz_star,4,3,33,4,3,1.3333333333333333
line_27,r09,ghz_star,4,3,44,4,3,1.3333333333333333
line_27,r09,ghz_star,4,3,55,6,3,2.0
line_27,r09,ghz_star,8,0,11,79,7,11.285714285714286
line_27,r09,ghz_star,8,0,22,76,7,10.857142857142858
line_27,r09,ghz_star,8,0,33,64,7,9.142857142857142
line_27,r09,ghz_star,8,0,44,69,7,9.857142857142858
line_27,r09,ghz_star,8,0,55,67,7,9.571428571428571
line_27,r09,ghz_star,8,1,11,25,7,3.5714285714285716
line_27,r09,ghz_star,8,1,22,19,7,2.7142857142857144
line_27,r09,ghz_star,8,1,33,31,7,4.428571428571429
line_27,r09,ghz_star,8,1,44,27,7,3.857142857142857
line_27,r09,ghz_star,8,1,55,28,7,4.0
line_27,r09,ghz_star,8,3,11,24,7,3.4285714285714284
line_27,r09,ghz_star,8,3,22,19,7,2.7142857142857144
line_27,r09,ghz_star,8,3,33,21,7,3.0
line_27,r09,ghz_star,8,3,44,26,7,3.7142857142857144
line_27,r09,ghz_star,8,3,55,23,7,3.2857142857142856
line_27,r09,ghz_star,12,0,11,119,11,10.818181818181818
line_27,r09,ghz_star,12,0,22,122,11,11.090909090909092
line_27,r09,ghz_star,12,0,33,119,11,10.818181818181818
line_27,r09,ghz_star,12,0,44,94,11,8.545454545454545
line_27,r09,ghz_star,12,0,55,118,11,10.727272727272727
line_27,r09,ghz_star,12,1,11,73,11,6.636363636363637
line_27,r09,ghz_star,12,1,22,59,11,5.363636363636363
line_27,r09,ghz_star,12,1,33,55,11,5.0
line_27,r09,ghz_star,12,1,44,71,11,6.454545454545454
line_27,r09,ghz_star,12,1,55,56,11,5.090909090909091
line_27,r09,ghz_star,12,3,11,45,11,4.090909090909091
line_27,r09,ghz_star,12,3,22,46,11,4.181818181818182
line_27,r09,ghz_star,12,3,33,53,11,4.818181818181818
line_27,r09,ghz_star,12,3,44,45,11,4.090909090909091
line_27,r09,ghz_star,12,3,55,40,11,3.6363636363636362
line_27,r09,ghz_star,16,0,11,157,15,10.466666666666667
line_27,r09,ghz_star,16,0,22,170,15,11.333333333333334
line_27,r09,ghz_star,16,0,33,170,15,11.333333333333334
line_27,r09,ghz_star,16,0,44,146,15,9.733333333333333
line_27,r09,ghz_star,16,0,55,150,15,10.0
line_27,r09,ghz_star,16,1,11,96,15,6.4
line_27,r09,ghz_star,16,1,22,104,15,6.933333333333334
line_27,r09,ghz_star,16,1,33,102,15,6.8
line_27,r09,ghz_star,16,1,44,96,15,6.4
line_27,r09,ghz_star,16,1,55,82,15,5.466666666666667
line_27,r09,ghz_star,16,3,11,82,15,5.466666666666667
line_27,r09,ghz_star,16,3,22,76,15,5.066666666666666
line_27,r09,ghz_star,16,3,33,60,15,4.0
line_27,r09,ghz_star,16,3,44,83,15,5.533333333333333
line_27,r09,ghz_star,16,3,55,62,15,4.133333333333334
line_27,r09,ghz_star,20,0,11,221,19,11.631578947368421
line_27,r09,ghz_star,20,0,22,234,19,12.31578947368421
line_27,r09,ghz_star,20,0,33,252,19,13.263157894736842
line_27,r09,ghz_star,20,0,44,226,19,11.894736842105264
line_27,r09,ghz_star,20,0,55,226,19,11.894736842105264
line_27,r09,ghz_star,20,1,11,144,19,7.578947368421052
line_27,r09,ghz_star,20,1,22,147,19,7.7368421052631575
line_27,r09,ghz_star,20,1,33,133,19,7.0
line_27,r09,ghz_star,20,1,44,131,19,6.894736842105263
line_27,r09,ghz_star,20,1,55,113,19,5.947368421052632
line_27,r09,ghz_star,20,3,11,114,19,6.0
line_27,r09,ghz_star,20,3,22,106,19,5.578947368421052
line_27,r09,ghz_star,20,3,33,106,19,5.578947368421052
line_27,r09,ghz_star,20,3,44,106,19,5.578947368421052
line_27,r09,ghz_star,20,3,55,85,19,4.473684210526316
line_27,r09,ghz_star,24,0,11,267,23,11.608695652173912
line_27,r09,ghz_star,24,0,22,283,23,12.304347826086957
line_27,r09,ghz_star,24,0,33,307,23,13.347826086956522
line_27,r09,ghz_star,24,0,44,277,23,12.043478260869565
line_27,r09,ghz_star,24,0,55,265,23,11.521739130434783
line_27,r09,ghz_star,24,1,11,175,23,7.608695652173913
line_27,r09,ghz_star,24,1,22,162,23,7.043478260869565
line_27,r09,ghz_star,24,1,33,167,23,7.260869565217392
line_27,r09,ghz_star,24,1,44,238,23,10.347826086956522
line_27,r09,ghz_star,24,1,55,196,23,8.521739130434783
line_27,r09,ghz_star,24,3,11,160,23,6.956521739130435
line_27,r09,ghz_star,24,3,22,129,23,5.608695652173913
line_27,r09,ghz_star,24,3,33,156,23,6.782608695652174
line_27,r09,ghz_star,24,3,44,172,23,7.478260869565218
line_27,r09,ghz_star,24,3,55,139,23,6.043478260869565
line_27,r09,efficient_su2,4,0,11,39,8,4.875
line_27,r09,efficient_su2,4,0,22,38,8,4.75
line_27,r09,efficient_su2,4,0,33,49,8,6.125
line_27,r09,efficient_su2,4,0,44,53,8,6.625
line_27,r09,efficient_su2,4,0,55,49,8,6.125
line_27,r09,efficient_su2,4,1,11,18,8,2.25
line_27,r09,efficient_su2,4,1,22,17,8,2.125
line_27,r09,efficient_su2,4,1,33,16,8,2.0
line_27,r09,efficient_su2,4,1,44,17,8,2.125
line_27,r09,efficient_su2,4,1,55,16,8,2.0
line_27,r09,efficient_su2,4,3,11,14,8,1.75
line_27,r09,efficient_su2,4,3,22,16,8,2.0
line_27,r09,efficient_su2,4,3,33,14,8,1.75
line_27,r09,efficient_su2,4,3,44,14,8,1.75
line_27,r09,efficient_su2,4,3,55,14,8,1.75
line_27,r09,efficient_su2,8,0,11,98,16,6.125
line_27,r09,efficient_su2,8,0,22,125,16,7.8125
line_27,r09,efficient_su2,8,0,33,132,16,8.25
line_27,r09,efficient_su2,8,0,44,111,16,6.9375
line_27,r09,efficient_su2,8,0,55,92,16,5.75
line_27,r09,efficient_su2,8,1,11,50,16,3.125
line_27,r09,efficient_su2,8,1,22,50,16,3.125
line_27,r09,efficient_su2,8,1,33,50,16,3.125
line_27,r09,efficient_su2,8,1,44,50,16,3.125
line_27,r09,efficient_su2,8,1,55,50,16,3.125
line_27,r09,efficient_su2,8,3,11,46,16,2.875
line_27,r09,efficient_su2,8,3,22,46,16,2.875
line_27,r09,efficient_su2,8,3,33,46,16,2.875
line_27,r09,efficient_su2,8,3,44,46,16,2.875
line_27,r09,efficient_su2,8,3,55,46,16,2.875
line_27,r09,efficient_su2,12,0,11,165,24,6.875
line_27,r09,efficient_su2,12,0,22,221,24,9.208333333333334
line_27,r09,efficient_su2,12,0,33,205,24,8.541666666666666
line_27,r09,efficient_su2,12,0,44,212,24,8.833333333333334
line_27,r09,efficient_su2,12,0,55,228,24,9.5
line_27,r09,efficient_su2,12,1,11,82,24,3.4166666666666665
line_27,r09,efficient_su2,12,1,22,82,24,3.4166666666666665
line_27,r09,efficient_su2,12,1,33,82,24,3.4166666666666665
line_27,r09,efficient_su2,12,1,44,82,24,3.4166666666666665
line_27,r09,efficient_su2,12,1,55,82,24,3.4166666666666665
line_27,r09,efficient_su2,12,3,11,78,24,3.25
line_27,r09,efficient_su2,12,3,22,78,24,3.25
line_27,r09,efficient_su2,12,3,33,78,24,3.25
line_27,r09,efficient_su2,12,3,44,78,24,3.25
line_27,r09,efficient_su2,12,3,55,78,24,3.25
line_27,r09,efficient_su2,16,0,11,281,32,8.78125
line_27,r09,efficient_su2,16,0,22,311,32,9.71875
line_27,r09,efficient_su2,16,0,33,285,32,8.90625
line_27,r09,efficient_su2,16,0,44,282,32,8.8125
line_27,r09,efficient_su2,16,0,55,254,32,7.9375
line_27,r09,efficient_su2,16,1,11,114,32,3.5625
line_27,r09,efficient_su2,16,1,22,114,32,3.5625
line_27,r09,efficient_su2,16,1,33,114,32,3.5625
line_27,r09,efficient_su2,16,1,44,114,32,3.5625
line_27,r09,efficient_su2,16,1,55,114,32,3.5625
line_27,r09,efficient_su2,16,3,11,110,32,3.4375
line_27,r09,efficient_su2,16,3,22,110,32,3.4375
line_27,r09,efficient_su2,16,3,33,110,32,3.4375
line_27,r09,efficient_su2,16,3,44,110,32,3.4375
line_27,r09,efficient_su2,16,3,55,110,32,3.4375
line_27,r09,efficient_su2,20,0,11,370,40,9.25
line_27,r09,efficient_su2,20,0,22,425,40,10.625
line_27,r09,efficient_su2,20,0,33,394,40,9.85
line_27,r09,efficient_su2,20,0,44,404,40,10.1
line_27,r09,efficient_su2,20,0,55,403,40,10.075
line_27,r09,efficient_su2,20,1,11,146,40,3.65
line_27,r09,efficient_su2,20,1,22,146,40,3.65
line_27,r09,efficient_su2,20,1,33,146,40,3.65
line_27,r09,efficient_su2,20,1,44,146,40,3.65
line_27,r09,efficient_su2,20,1,55,146,40,3.65
line_27,r09,efficient_su2,20,3,11,142,40,3.55
line_27,r09,efficient_su2,20,3,22,142,40,3.55
line_27,r09,efficient_su2,20,3,33,142,40,3.55
line_27,r09,efficient_su2,20,3,44,142,40,3.55
line_27,r09,efficient_su2,20,3,55,142,40,3.55
line_27,r09,efficient_su2,24,0,11,513,48,10.6875
line_27,r09,efficient_su2,24,0,22,557,48,11.604166666666666
line_27,r09,efficient_su2,24,0,33,531,48,11.0625
line_27,r09,efficient_su2,24,0,44,493,48,10.270833333333334
line_27,r09,efficient_su2,24,0,55,506,48,10.541666666666666
line_27,r09,efficient_su2,24,1,11,187,48,3.8958333333333335
line_27,r09,efficient_su2,24,1,22,183,48,3.8125
line_27,r09,efficient_su2,24,1,33,183,48,3.8125
line_27,r09,efficient_su2,24,1,44,187,48,3.8958333333333335
line_27,r09,efficient_su2,24,1,55,183,48,3.8125
line_27,r09,efficient_su2,24,3,11,175,48,3.6458333333333335
line_27,r09,efficient_su2,24,3,22,179,48,3.7291666666666665
line_27,r09,efficient_su2,24,3,33,175,48,3.6458333333333335
line_27,r09,efficient_su2,24,3,44,175,48,3.6458333333333335
line_27,r09,efficient_su2,24,3,55,179,48,3.7291666666666665
line_27,r10,qft,4,0,11,50,10,5.0
line_27,r10,qft,4,0,22,61,10,6.1
line_27,r10,qft,4,0,33,73,10,7.3
line_27,r10,qft,4,0,44,53,10,5.3
line_27,r10,qft,4,0,55,61,10,6.1
line_27,r10,qft,4,1,11,19,10,1.9
line_27,r10,qft,4,1,22,19,10,1.9
line_27,r10,qft,4,1,33,19,10,1.9
line_27,r10,qft,4,1,44,19,10,1.9
line_27,r10,qft,4,1,55,19,10,1.9
line_27,r10,qft,4,3,11,17,10,1.7
line_27,r10,qft,4,3,22,17,10,1.7
line_27,r10,qft,4,3,33,15,10,1.5
line_27,r10,qft,4,3,44,15,10,1.5
line_27,r10,qft,4,3,55,17,10,1.7
line_27,r10,qft,8,0,11,162,26,6.230769230769231
line_27,r10,qft,8,0,22,152,26,5.846153846153846
line_27,r10,qft,8,0,33,195,26,7.5
line_27,r10,qft,8,0,44,170,26,6.538461538461538
line_27,r10,qft,8,0,55,171,26,6.576923076923077
line_27,r10,qft,8,1,11,67,26,2.576923076923077
line_27,r10,qft,8,1,22,68,26,2.6153846153846154
line_27,r10,qft,8,1,33,61,26,2.3461538461538463
line_27,r10,qft,8,1,44,69,26,2.6538461538461537
line_27,r10,qft,8,1,55,65,26,2.5
line_27,r10,qft,8,3,11,49,26,1.8846153846153846
line_27,r10,qft,8,3,22,52,26,2.0
line_27,r10,qft,8,3,33,57,26,2.1923076923076925
line_27,r10,qft,8,3,44,49,26,1.8846153846153846
line_27,r10,qft,8,3,55,57,26,2.1923076923076925
line_27,r10,qft,12,0,11,308,42,7.333333333333333
line_27,r10,qft,12,0,22,304,42,7.238095238095238
line_27,r10,qft,12,0,33,359,42,8.547619047619047
line_27,r10,qft,12,0,44,327,42,7.785714285714286
line_27,r10,qft,12,0,55,332,42,7.904761904761905
line_27,r10,qft,12,1,11,125,42,2.9761904761904763
line_27,r10,qft,12,1,22,113,42,2.6904761904761907
line_27,r10,qft,12,1,33,127,42,3.0238095238095237
line_27,r10,qft,12,1,44,126,42,3.0
line_27,r10,qft,12,1,55,123,42,2.9285714285714284
line_27,r10,qft,12,3,11,99,42,2.357142857142857
line_27,r10,qft,12,3,22,93,42,2.2142857142857144
line_27,r10,qft,12,3,33,93,42,2.2142857142857144
line_27,r10,qft,12,3,44,97,42,2.3095238095238093
line_27,r10,qft,12,3,55,94,42,2.238095238095238
line_27,r10,qft,16,0,11,455,58,7.844827586206897
line_27,r10,qft,16,0,22,539,58,9.293103448275861
line_27,r10,qft,16,0,33,519,58,8.948275862068966
line_27,r10,qft,16,0,44,563,58,9.706896551724139
line_27,r10,qft,16,0,55,529,58,9.120689655172415
line_27,r10,qft,16,1,11,171,58,2.9482758620689653
line_27,r10,qft,16,1,22,171,58,2.9482758620689653
line_27,r10,qft,16,1,33,171,58,2.9482758620689653
line_27,r10,qft,16,1,44,179,58,3.086206896551724
line_27,r10,qft,16,1,55,165,58,2.8448275862068964
line_27,r10,qft,16,3,11,135,58,2.3275862068965516
line_27,r10,qft,16,3,22,133,58,2.293103448275862
line_27,r10,qft,16,3,33,135,58,2.3275862068965516
line_27,r10,qft,16,3,44,135,58,2.3275862068965516
line_27,r10,qft,16,3,55,135,58,2.3275862068965516
line_27,r10,qft,20,0,11,677,74,9.14864864864865
line_27,r10,qft,20,0,22,715,74,9.662162162162161
line_27,r10,qft,20,0,33,714,74,9.64864864864865
line_27,r10,qft,20,0,44,614,74,8.297297297297296
line_27,r10,qft,20,0,55,748,74,10.108108108108109
line_27,r10,qft,20,1,11,211,74,2.8513513513513513
line_27,r10,qft,20,1,22,229,74,3.0945945945945947
line_27,r10,qft,20,1,33,235,74,3.175675675675676
line_27,r10,qft,20,1,44,247,74,3.3378378378378377
line_27,r10,qft,20,1,55,223,74,3.0135135135135136
line_27,r10,qft,20,3,11,152,74,2.054054054054054
line_27,r10,qft,20,3,22,159,74,2.1486486486486487
line_27,r10,qft,20,3,33,149,74,2.0135135135135136
line_27,r10,qft,20,3,44,177,74,2.391891891891892
line_27,r10,qft,20,3,55,172,74,2.324324324324324
line_27,r10,qft,24,0,11,772,90,8.577777777777778
line_27,r10,qft,24,0,22,874,90,9.71111111111111
line_27,r10,qft,24,0,33,819,90,9.1
line_27,r10,qft,24,0,44,866,90,9.622222222222222
line_27,r10,qft,24,0,55,903,90,10.033333333333333
line_27,r10,qft,24,1,11,275,90,3.0555555555555554
line_27,r10,qft,24,1,22,263,90,2.922222222222222
line_27,r10,qft,24,1,33,267,90,2.966666666666667
line_27,r10,qft,24,1,44,267,90,2.966666666666667
line_27,r10,qft,24,1,55,275,90,3.0555555555555554
line_27,r10,qft,24,3,11,213,90,2.3666666666666667
line_27,r10,qft,24,3,22,207,90,2.3
line_27,r10,qft,24,3,33,197,90,2.188888888888889
line_27,r10,qft,24,3,44,207,90,2.3
line_27,r10,qft,24,3,55,217,90,2.411111111111111
line_27,r10,ghz_chain,4,0,11,48,3,16.0
line_27,r10,ghz_chain,4,0,22,51,3,17.0
line_27,r10,ghz_chain,4,0,33,44,3,14.666666666666666
line_27,r10,ghz_chain,4,0,44,51,3,17.0
line_27,r10,ghz_chain,4,0,55,60,3,20.0
line_27,r10,ghz_chain,4,1,11,3,3,1.0
line_27,r10,ghz_chain,4,1,22,3,3,1.0
line_27,r10,ghz_chain,4,1,33,3,3,1.0
line_27,r10,ghz_chain,4,1,44,3,3,1.0
line_27,r10,ghz_chain,4,1,55,3,3,1.0
line_27,r10,ghz_chain,4,3,11,3,3,1.0
line_27,r10,ghz_chain,4,3,22,3,3,1.0
line_27,r10,ghz_chain,4,3,33,3,3,1.0
line_27,r10,ghz_chain,4,3,44,3,3,1.0
line_27,r10,ghz_chain,4,3,55,3,3,1.0
line_27,r10,ghz_chain,8,0,11,91,7,13.0
line_27,r10,ghz_chain,8,0,22,91,7,13.0
line_27,r10,ghz_chain,8,0,33,78,7,11.142857142857142
line_27,r10,ghz_chain,8,0,44,73,7,10.428571428571429
line_27,r10,ghz_chain,8,0,55,73,7,10.428571428571429
line_27,r10,ghz_chain,8,1,11,7,7,1.0
line_27,r10,ghz_chain,8,1,22,7,7,1.0
line_27,r10,ghz_chain,8,1,33,7,7,1.0
line_27,r10,ghz_chain,8,1,44,7,7,1.0
line_27,r10,ghz_chain,8,1,55,7,7,1.0
line_27,r10,ghz_chain,8,3,11,7,7,1.0
line_27,r10,ghz_chain,8,3,22,7,7,1.0
line_27,r10,ghz_chain,8,3,33,7,7,1.0
line_27,r10,ghz_chain,8,3,44,7,7,1.0
line_27,r10,ghz_chain,8,3,55,7,7,1.0
line_27,r10,ghz_chain,12,0,11,164,11,14.909090909090908
line_27,r10,ghz_chain,12,0,22,176,11,16.0
line_27,r10,ghz_chain,12,0,33,166,11,15.090909090909092
line_27,r10,ghz_chain,12,0,44,152,11,13.818181818181818
line_27,r10,ghz_chain,12,0,55,152,11,13.818181818181818
line_27,r10,ghz_chain,12,1,11,11,11,1.0
line_27,r10,ghz_chain,12,1,22,11,11,1.0
line_27,r10,ghz_chain,12,1,33,11,11,1.0
line_27,r10,ghz_chain,12,1,44,11,11,1.0
line_27,r10,ghz_chain,12,1,55,11,11,1.0
line_27,r10,ghz_chain,12,3,11,11,11,1.0
line_27,r10,ghz_chain,12,3,22,11,11,1.0
line_27,r10,ghz_chain,12,3,33,11,11,1.0
line_27,r10,ghz_chain,12,3,44,11,11,1.0
line_27,r10,ghz_chain,12,3,55,11,11,1.0
line_27,r10,ghz_chain,16,0,11,222,15,14.8
line_27,r10,ghz_chain,16,0,22,246,15,16.4
line_27,r10,ghz_chain,16,0,33,239,15,15.933333333333334
line_27,r10,ghz_chain,16,0,44,219,15,14.6
line_27,r10,ghz_chain,16,0,55,213,15,14.2
line_27,r10,ghz_chain,16,1,11,15,15,1.0
line_27,r10,ghz_chain,16,1,22,15,15,1.0
line_27,r10,ghz_chain,16,1,33,15,15,1.0
line_27,r10,ghz_chain,16,1,44,15,15,1.0
line_27,r10,ghz_chain,16,1,55,15,15,1.0
line_27,r10,ghz_chain,16,3,11,15,15,1.0
line_27,r10,ghz_chain,16,3,22,15,15,1.0
line_27,r10,ghz_chain,16,3,33,15,15,1.0
line_27,r10,ghz_chain,16,3,44,15,15,1.0
line_27,r10,ghz_chain,16,3,55,15,15,1.0
line_27,r10,ghz_chain,20,0,11,259,19,13.631578947368421
line_27,r10,ghz_chain,20,0,22,265,19,13.947368421052632
line_27,r10,ghz_chain,20,0,33,270,19,14.210526315789474
line_27,r10,ghz_chain,20,0,44,274,19,14.421052631578947
line_27,r10,ghz_chain,20,0,55,298,19,15.68421052631579
line_27,r10,ghz_chain,20,1,11,19,19,1.0
line_27,r10,ghz_chain,20,1,22,19,19,1.0
line_27,r10,ghz_chain,20,1,33,19,19,1.0
line_27,r10,ghz_chain,20,1,44,19,19,1.0
line_27,r10,ghz_chain,20,1,55,19,19,1.0
line_27,r10,ghz_chain,20,3,11,19,19,1.0
line_27,r10,ghz_chain,20,3,22,19,19,1.0
line_27,r10,ghz_chain,20,3,33,19,19,1.0
line_27,r10,ghz_chain,20,3,44,19,19,1.0
line_27,r10,ghz_chain,20,3,55,19,19,1.0
line_27,r10,ghz_chain,24,0,11,320,23,13.91304347826087
line_27,r10,ghz_chain,24,0,22,326,23,14.173913043478262
line_27,r10,ghz_chain,24,0,33,334,23,14.521739130434783
line_27,r10,ghz_chain,24,0,44,347,23,15.08695652173913
line_27,r10,ghz_chain,24,0,55,371,23,16.130434782608695
line_27,r10,ghz_chain,24,1,11,23,23,1.0
line_27,r10,ghz_chain,24,1,22,23,23,1.0
line_27,r10,ghz_chain,24,1,33,23,23,1.0
line_27,r10,ghz_chain,24,1,44,23,23,1.0
line_27,r10,ghz_chain,24,1,55,23,23,1.0
line_27,r10,ghz_chain,24,3,11,23,23,1.0
line_27,r10,ghz_chain,24,3,22,23,23,1.0
line_27,r10,ghz_chain,24,3,33,23,23,1.0
line_27,r10,ghz_chain,24,3,44,23,23,1.0
line_27,r10,ghz_chain,24,3,55,23,23,1.0
line_27,r10,ghz_star,4,0,11,48,3,16.0
line_27,r10,ghz_star,4,0,22,51,3,17.0
line_27,r10,ghz_star,4,0,33,44,3,14.666666666666666
line_27,r10,ghz_star,4,0,44,48,3,16.0
line_27,r10,ghz_star,4,0,55,60,3,20.0
line_27,r10,ghz_star,4,1,11,6,3,2.0
line_27,r10,ghz_star,4,1,22,5,3,1.6666666666666667
line_27,r10,ghz_star,4,1,33,6,3,2.0
line_27,r10,ghz_star,4,1,44,6,3,2.0
line_27,r10,ghz_star,4,1,55,6,3,2.0
line_27,r10,ghz_star,4,3,11,6,3,2.0
line_27,r10,ghz_star,4,3,22,5,3,1.6666666666666667
line_27,r10,ghz_star,4,3,33,4,3,1.3333333333333333
line_27,r10,ghz_star,4,3,44,6,3,2.0
line_27,r10,ghz_star,4,3,55,6,3,2.0
line_27,r10,ghz_star,8,0,11,64,7,9.142857142857142
line_27,r10,ghz_star,8,0,22,82,7,11.714285714285714
line_27,r10,ghz_star,8,0,33,75,7,10.714285714285714
line_27,r10,ghz_star,8,0,44,81,7,11.571428571428571
line_27,r10,ghz_star,8,0,55,88,7,12.571428571428571
line_27,r10,ghz_star,8,1,11,31,7,4.428571428571429
line_27,r10,ghz_star,8,1,22,28,7,4.0
line_27,r10,ghz_star,8,1,33,19,7,2.7142857142857144
line_27,r10,ghz_star,8,1,44,28,7,4.0
line_27,r10,ghz_star,8,1,55,25,7,3.5714285714285716
line_27,r10,ghz_star,8,3,11,18,7,2.5714285714285716
line_27,r10,ghz_star,8,3,22,24,7,3.4285714285714284
line_27,r10,ghz_star,8,3,33,19,7,2.7142857142857144
line_27,r10,ghz_star,8,3,44,19,7,2.7142857142857144
line_27,r10,ghz_star,8,3,55,23,7,3.2857142857142856
line_27,r10,ghz_star,12,0,11,167,11,15.181818181818182
line_27,r10,ghz_star,12,0,22,173,11,15.727272727272727
line_27,r10,ghz_star,12,0,33,166,11,15.090909090909092
line_27,r10,ghz_star,12,0,44,157,11,14.272727272727273
line_27,r10,ghz_star,12,0,55,149,11,13.545454545454545
line_27,r10,ghz_star,12,1,11,59,11,5.363636363636363
line_27,r10,ghz_star,12,1,22,55,11,5.0
line_27,r10,ghz_star,12,1,33,70,11,6.363636363636363
line_27,r10,ghz_star,12,1,44,70,11,6.363636363636363
line_27,r10,ghz_star,12,1,55,70,11,6.363636363636363
line_27,r10,ghz_star,12,3,11,43,11,3.909090909090909
line_27,r10,ghz_star,12,3,22,44,11,4.0
line_27,r10,ghz_star,12,3,33,39,11,3.5454545454545454
line_27,r10,ghz_star,12,3,44,37,11,3.3636363636363638
line_27,r10,ghz_star,12,3,55,55,11,5.0
line_27,r10,ghz_star,16,0,11,222,15,14.8
line_27,r10,ghz_star,16,0,22,240,15,16.0
line_27,r10,ghz_star,16,0,33,236,15,15.733333333333333
line_27,r10,ghz_star,16,0,44,213,15,14.2
line_27,r10,ghz_star,16,0,55,251,15,16.733333333333334
line_27,r10,ghz_star,16,1,11,94,15,6.266666666666667
line_27,r10,ghz_star,16,1,22,62,15,4.133333333333334
line_27,r10,ghz_star,16,1,33,96,15,6.4
line_27,r10,ghz_star,16,1,44,59,15,3.933333333333333
line_27,r10,ghz_star,16,1,55,59,15,3.933333333333333
line_27,r10,ghz_star,16,3,11,73,15,4.866666666666666
line_27,r10,ghz_star,16,3,22,68,15,4.533333333333333
line_27,r10,ghz_star,16,3,33,61,15,4.066666666666666
line_27,r10,ghz_star,16,3,44,78,15,5.2
line_27,r10,ghz_star,16,3,55,69,15,4.6
line_27,r10,ghz_star,20,0,11,259,19,13.631578947368421
line_27,r10,ghz_star,20,0,22,271,19,14.263157894736842
line_27,r10,ghz_star,20,0,33,264,19,13.894736842105264
line_27,r10,ghz_star,20,0,44,262,19,13.789473684210526
line_27,r10,ghz_star,20,0,55,266,19,14.0
line_27,r10,ghz_star,20,1,11,75,19,3.9473684210526314
line_27,r10,ghz_star,20,1,22,81,19,4.2631578947368425
line_27,r10,ghz_star,20,1,33,108,19,5.684210526315789
line_27,r10,ghz_star,20,1,44,78,19,4.105263157894737
line_27,r10,ghz_star,20,1,55,81,19,4.2631578947368425
line_27,r10,ghz_star,20,3,11,64,19,3.3684210526315788
line_27,r10,ghz_star,20,3,22,61,19,3.210526315789474
line_27,r10,ghz_star,20,3,33,94,19,4.947368421052632
line_27,r10,ghz_star,20,3,44,63,19,3.3157894736842106
line_27,r10,ghz_star,20,3,55,60,19,3.1578947368421053
line_27,r10,ghz_star,24,0,11,317,23,13.782608695652174
line_27,r10,ghz_star,24,0,22,341,23,14.826086956521738
line_27,r10,ghz_star,24,0,33,312,23,13.565217391304348
line_27,r10,ghz_star,24,0,44,334,23,14.521739130434783
line_27,r10,ghz_star,24,0,55,333,23,14.478260869565217
line_27,r10,ghz_star,24,1,11,94,23,4.086956521739131
line_27,r10,ghz_star,24,1,22,94,23,4.086956521739131
line_27,r10,ghz_star,24,1,33,94,23,4.086956521739131
line_27,r10,ghz_star,24,1,44,94,23,4.086956521739131
line_27,r10,ghz_star,24,1,55,94,23,4.086956521739131
line_27,r10,ghz_star,24,3,11,69,23,3.0
line_27,r10,ghz_star,24,3,22,71,23,3.0869565217391304
line_27,r10,ghz_star,24,3,33,119,23,5.173913043478261
line_27,r10,ghz_star,24,3,44,71,23,3.0869565217391304
line_27,r10,ghz_star,24,3,55,71,23,3.0869565217391304
line_27,r10,efficient_su2,4,0,11,47,8,5.875
line_27,r10,efficient_su2,4,0,22,59,8,7.375
line_27,r10,efficient_su2,4,0,33,62,8,7.75
line_27,r10,efficient_su2,4,0,44,70,8,8.75
line_27,r10,efficient_su2,4,0,55,53,8,6.625
line_27,r10,efficient_su2,4,1,11,17,8,2.125
line_27,r10,efficient_su2,4,1,22,19,8,2.375
line_27,r10,efficient_su2,4,1,33,17,8,2.125
line_27,r10,efficient_su2,4,1,44,17,8,2.125
line_27,r10,efficient_su2,4,1,55,17,8,2.125
line_27,r10,efficient_su2,4,3,11,14,8,1.75
line_27,r10,efficient_su2,4,3,22,14,8,1.75
line_27,r10,efficient_su2,4,3,33,14,8,1.75
line_27,r10,efficient_su2,4,3,44,14,8,1.75
line_27,r10,efficient_su2,4,3,55,14,8,1.75
line_27,r10,efficient_su2,8,0,11,103,16,6.4375
line_27,r10,efficient_su2,8,0,22,185,16,11.5625
line_27,r10,efficient_su2,8,0,33,151,16,9.4375
line_27,r10,efficient_su2,8,0,44,134,16,8.375
line_27,r10,efficient_su2,8,0,55,142,16,8.875
line_27,r10,efficient_su2,8,1,11,50,16,3.125
line_27,r10,efficient_su2,8,1,22,50,16,3.125
line_27,r10,efficient_su2,8,1,33,50,16,3.125
line_27,r10,efficient_su2,8,1,44,50,16,3.125
line_27,r10,efficient_su2,8,1,55,50,16,3.125
line_27,r10,efficient_su2,8,3,11,46,16,2.875
line_27,r10,efficient_su2,8,3,22,46,16,2.875
line_27,r10,efficient_su2,8,3,33,46,16,2.875
line_27,r10,efficient_su2,8,3,44,46,16,2.875
line_27,r10,efficient_su2,8,3,55,46,16,2.875
line_27,r10,efficient_su2,12,0,11,223,24,9.291666666666666
line_27,r10,efficient_su2,12,0,22,254,24,10.583333333333334
line_27,r10,efficient_su2,12,0,33,259,24,10.791666666666666
line_27,r10,efficient_su2,12,0,44,268,24,11.166666666666666
line_27,r10,efficient_su2,12,0,55,238,24,9.916666666666666
line_27,r10,efficient_su2,12,1,11,82,24,3.4166666666666665
line_27,r10,efficient_su2,12,1,22,82,24,3.4166666666666665
line_27,r10,efficient_su2,12,1,33,82,24,3.4166666666666665
line_27,r10,efficient_su2,12,1,44,82,24,3.4166666666666665
line_27,r10,efficient_su2,12,1,55,82,24,3.4166666666666665
line_27,r10,efficient_su2,12,3,11,78,24,3.25
line_27,r10,efficient_su2,12,3,22,78,24,3.25
line_27,r10,efficient_su2,12,3,33,78,24,3.25
line_27,r10,efficient_su2,12,3,44,78,24,3.25
line_27,r10,efficient_su2,12,3,55,78,24,3.25
line_27,r10,efficient_su2,16,0,11,354,32,11.0625
line_27,r10,efficient_su2,16,0,22,362,32,11.3125
line_27,r10,efficient_su2,16,0,33,437,32,13.65625
line_27,r10,efficient_su2,16,0,44,381,32,11.90625
line_27,r10,efficient_su2,16,0,55,329,32,10.28125
line_27,r10,efficient_su2,16,1,11,122,32,3.8125
line_27,r10,efficient_su2,16,1,22,122,32,3.8125
line_27,r10,efficient_su2,16,1,33,122,32,3.8125
line_27,r10,efficient_su2,16,1,44,122,32,3.8125
line_27,r10,efficient_su2,16,1,55,122,32,3.8125
line_27,r10,efficient_su2,16,3,11,114,32,3.5625
line_27,r10,efficient_su2,16,3,22,114,32,3.5625
line_27,r10,efficient_su2,16,3,33,114,32,3.5625
line_27,r10,efficient_su2,16,3,44,114,32,3.5625
line_27,r10,efficient_su2,16,3,55,114,32,3.5625
line_27,r10,efficient_su2,20,0,11,490,40,12.25
line_27,r10,efficient_su2,20,0,22,500,40,12.5
line_27,r10,efficient_su2,20,0,33,496,40,12.4
line_27,r10,efficient_su2,20,0,44,481,40,12.025
line_27,r10,efficient_su2,20,0,55,412,40,10.3
line_27,r10,efficient_su2,20,1,11,154,40,3.85
line_27,r10,efficient_su2,20,1,22,154,40,3.85
line_27,r10,efficient_su2,20,1,33,154,40,3.85
line_27,r10,efficient_su2,20,1,44,154,40,3.85
line_27,r10,efficient_su2,20,1,55,154,40,3.85
line_27,r10,efficient_su2,20,3,11,146,40,3.65
line_27,r10,efficient_su2,20,3,22,142,40,3.55
line_27,r10,efficient_su2,20,3,33,146,40,3.65
line_27,r10,efficient_su2,20,3,44,146,40,3.65
line_27,r10,efficient_su2,20,3,55,146,40,3.65
line_27,r10,efficient_su2,24,0,11,579,48,12.0625
line_27,r10,efficient_su2,24,0,22,642,48,13.375
line_27,r10,efficient_su2,24,0,33,628,48,13.083333333333334
line_27,r10,efficient_su2,24,0,44,618,48,12.875
line_27,r10,efficient_su2,24,0,55,537,48,11.1875
line_27,r10,efficient_su2,24,1,11,187,48,3.8958333333333335
line_27,r10,efficient_su2,24,1,22,186,48,3.875
line_27,r10,efficient_su2,24,1,33,186,48,3.875
line_27,r10,efficient_su2,24,1,44,186,48,3.875
line_27,r10,efficient_su2,24,1,55,186,48,3.875
line_27,r10,efficient_su2,24,3,11,179,48,3.7291666666666665
line_27,r10,efficient_su2,24,3,22,178,48,3.7083333333333335
line_27,r10,efficient_su2,24,3,33,178,48,3.7083333333333335
line_27,r10,efficient_su2,24,3,44,178,48,3.7083333333333335
line_27,r10,efficient_su2,24,3,55,178,48,3.7083333333333335
line_27,r11,qft,4,0,11,40,10,4.0
line_27,r11,qft,4,0,22,43,10,4.3
line_27,r11,qft,4,0,33,43,10,4.3
line_27,r11,qft,4,0,44,50,10,5.0
line_27,r11,qft,4,0,55,46,10,4.6
line_27,r11,qft,4,1,11,19,10,1.9
line_27,r11,qft,4,1,22,19,10,1.9
line_27,r11,qft,4,1,33,19,10,1.9
line_27,r11,qft,4,1,44,19,10,1.9
line_27,r11,qft,4,1,55,19,10,1.9
line_27,r11,qft,4,3,11,17,10,1.7
line_27,r11,qft,4,3,22,17,10,1.7
line_27,r11,qft,4,3,33,17,10,1.7
line_27,r11,qft,4,3,44,17,10,1.7
line_27,r11,qft,4,3,55,17,10,1.7
line_27,r11,qft,8,0,11,115,26,4.423076923076923
line_27,r11,qft,8,0,22,143,26,5.5
line_27,r11,qft,8,0,33,133,26,5.115384615384615
line_27,r11,qft,8,0,44,115,26,4.423076923076923
line_27,r11,qft,8,0,55,137,26,5.269230769230769
line_27,r11,qft,8,1,11,67,26,2.576923076923077
line_27,r11,qft,8,1,22,68,26,2.6153846153846154
line_27,r11,qft,8,1,33,61,26,2.3461538461538463
line_27,r11,qft,8,1,44,62,26,2.3846153846153846
line_27,r11,qft,8,1,55,67,26,2.576923076923077
line_27,r11,qft,8,3,11,55,26,2.1153846153846154
line_27,r11,qft,8,3,22,52,26,2.0
line_27,r11,qft,8,3,33,57,26,2.1923076923076925
line_27,r11,qft,8,3,44,52,26,2.0
line_27,r11,qft,8,3,55,55,26,2.1153846153846154
line_27,r11,qft,12,0,11,266,42,6.333333333333333
line_27,r11,qft,12,0,22,312,42,7.428571428571429
line_27,r11,qft,12,0,33,316,42,7.523809523809524
line_27,r11,qft,12,0,44,287,42,6.833333333333333
line_27,r11,qft,12,0,55,267,42,6.357142857142857
line_27,r11,qft,12,1,11,109,42,2.5952380952380953
line_27,r11,qft,12,1,22,123,42,2.9285714285714284
line_27,r11,qft,12,1,33,127,42,3.0238095238095237
line_27,r11,qft,12,1,44,128,42,3.0476190476190474
line_27,r11,qft,12,1,55,117,42,2.7857142857142856
line_27,r11,qft,12,3,11,95,42,2.261904761904762
line_27,r11,qft,12,3,22,86,42,2.0476190476190474
line_27,r11,qft,12,3,33,94,42,2.238095238095238
line_27,r11,qft,12,3,44,91,42,2.1666666666666665
line_27,r11,qft,12,3,55,97,42,2.3095238095238093
line_27,r11,qft,16,0,11,452,58,7.793103448275862
line_27,r11,qft,16,0,22,439,58,7.568965517241379
line_27,r11,qft,16,0,33,472,58,8.137931034482758
line_27,r11,qft,16,0,44,452,58,7.793103448275862
line_27,r11,qft,16,0,55,434,58,7.482758620689655
line_27,r11,qft,16,1,11,166,58,2.8620689655172415
line_27,r11,qft,16,1,22,147,58,2.5344827586206895
line_27,r11,qft,16,1,33,173,58,2.9827586206896552
line_27,r11,qft,16,1,44,179,58,3.086206896551724
line_27,r11,qft,16,1,55,167,58,2.8793103448275863
line_27,r11,qft,16,3,11,128,58,2.206896551724138
line_27,r11,qft,16,3,22,131,58,2.2586206896551726
line_27,r11,qft,16,3,33,135,58,2.3275862068965516
line_27,r11,qft,16,3,44,135,58,2.3275862068965516
line_27,r11,qft,16,3,55,115,58,1.9827586206896552
line_27,r11,qft,20,0,11,679,74,9.175675675675675
line_27,r11,qft,20,0,22,691,74,9.337837837837839
line_27,r11,qft,20,0,33,713,74,9.635135135135135
line_27,r11,qft,20,0,44,708,74,9.567567567567568
line_27,r11,qft,20,0,55,700,74,9.45945945945946
line_27,r11,qft,20,1,11,222,74,3.0
line_27,r11,qft,20,1,22,211,74,2.8513513513513513
line_27,r11,qft,20,1,33,219,74,2.9594594594594597
line_27,r11,qft,20,1,44,215,74,2.9054054054054053
line_27,r11,qft,20,1,55,215,74,2.9054054054054053
line_27,r11,qft,20,3,11,167,74,2.2567567567567566
line_27,r11,qft,20,3,22,166,74,2.2432432432432434
line_27,r11,qft,20,3,33,177,74,2.391891891891892
line_27,r11,qft,20,3,44,177,74,2.391891891891892
line_27,r11,qft,20,3,55,177,74,2.391891891891892
line_27,r11,qft,24,0,11,914,90,10.155555555555555
line_27,r11,qft,24,0,22,974,90,10.822222222222223
line_27,r11,qft,24,0,33,864,90,9.6
line_27,r11,qft,24,0,44,922,90,10.244444444444444
line_27,r11,qft,24,0,55,935,90,10.38888888888889
line_27,r11,qft,24,1,11,278,90,3.088888888888889
line_27,r11,qft,24,1,22,269,90,2.988888888888889
line_27,r11,qft,24,1,33,248,90,2.7555555555555555
line_27,r11,qft,24,1,44,260,90,2.888888888888889
line_27,r11,qft,24,1,55,264,90,2.933333333333333
line_27,r11,qft,24,3,11,210,90,2.3333333333333335
line_27,r11,qft,24,3,22,235,90,2.611111111111111
line_27,r11,qft,24,3,33,215,90,2.388888888888889
line_27,r11,qft,24,3,44,203,90,2.2555555555555555
line_27,r11,qft,24,3,55,217,90,2.411111111111111
line_27,r11,ghz_chain,4,0,11,27,3,9.0
line_27,r11,ghz_chain,4,0,22,27,3,9.0
line_27,r11,ghz_chain,4,0,33,27,3,9.0
line_27,r11,ghz_chain,4,0,44,27,3,9.0
line_27,r11,ghz_chain,4,0,55,27,3,9.0
line_27,r11,ghz_chain,4,1,11,3,3,1.0
line_27,r11,ghz_chain,4,1,22,3,3,1.0
line_27,r11,ghz_chain,4,1,33,3,3,1.0
line_27,r11,ghz_chain,4,1,44,3,3,1.0
line_27,r11,ghz_chain,4,1,55,3,3,1.0
line_27,r11,ghz_chain,4,3,11,3,3,1.0
line_27,r11,ghz_chain,4,3,22,3,3,1.0
line_27,r11,ghz_chain,4,3,33,3,3,1.0
line_27,r11,ghz_chain,4,3,44,3,3,1.0
line_27,r11,ghz_chain,4,3,55,3,3,1.0
line_27,r11,ghz_chain,8,0,11,50,7,7.142857142857143
line_27,r11,ghz_chain,8,0,22,52,7,7.428571428571429
line_27,r11,ghz_chain,8,0,33,63,7,9.0
line_27,r11,ghz_chain,8,0,44,52,7,7.428571428571429
line_27,r11,ghz_chain,8,0,55,49,7,7.0
line_27,r11,ghz_chain,8,1,11,7,7,1.0
line_27,r11,ghz_chain,8,1,22,7,7,1.0
line_27,r11,ghz_chain,8,1,33,7,7,1.0
line_27,r11,ghz_chain,8,1,44,7,7,1.0
line_27,r11,ghz_chain,8,1,55,7,7,1.0
line_27,r11,ghz_chain,8,3,11,7,7,1.0
line_27,r11,ghz_chain,8,3,22,7,7,1.0
line_27,r11,ghz_chain,8,3,33,7,7,1.0
line_27,r11,ghz_chain,8,3,44,7,7,1.0
line_27,r11,ghz_chain,8,3,55,7,7,1.0
line_27,r11,ghz_chain,12,0,11,98,11,8.909090909090908
line_27,r11,ghz_chain,12,0,22,134,11,12.181818181818182
line_27,r11,ghz_chain,12,0,33,133,11,12.090909090909092
line_27,r11,ghz_chain,12,0,44,125,11,11.363636363636363
line_27,r11,ghz_chain,12,0,55,118,11,10.727272727272727
line_27,r11,ghz_chain,12,1,11,11,11,1.0
line_27,r11,ghz_chain,12,1,22,11,11,1.0
line_27,r11,ghz_chain,12,1,33,11,11,1.0
line_27,r11,ghz_chain,12,1,44,11,11,1.0
line_27,r11,ghz_chain,12,1,55,11,11,1.0
line_27,r11,ghz_chain,12,3,11,11,11,1.0
line_27,r11,ghz_chain,12,3,22,11,11,1.0
line_27,r11,ghz_chain,12,3,33,11,11,1.0
line_27,r11,ghz_chain,12,3,44,11,11,1.0
line_27,r11,ghz_chain,12,3,55,11,11,1.0
line_27,r11,ghz_chain,16,0,11,144,15,9.6
line_27,r11,ghz_chain,16,0,22,203,15,13.533333333333333
line_27,r11,ghz_chain,16,0,33,170,15,11.333333333333334
line_27,r11,ghz_chain,16,0,44,171,15,11.4
line_27,r11,ghz_chain,16,0,55,161,15,10.733333333333333
line_27,r11,ghz_chain,16,1,11,15,15,1.0
line_27,r11,ghz_chain,16,1,22,15,15,1.0
line_27,r11,ghz_chain,16,1,33,15,15,1.0
line_27,r11,ghz_chain,16,1,44,15,15,1.0
line_27,r11,ghz_chain,16,1,55,15,15,1.0
line_27,r11,ghz_chain,16,3,11,15,15,1.0
line_27,r11,ghz_chain,16,3,22,15,15,1.0
line_27,r11,ghz_chain,16,3,33,15,15,1.0
line_27,r11,ghz_chain,16,3,44,15,15,1.0
line_27,r11,ghz_chain,16,3,55,15,15,1.0
line_27,r11,ghz_chain,20,0,11,220,19,11.578947368421053
line_27,r11,ghz_chain,20,0,22,276,19,14.526315789473685
line_27,r11,ghz_chain,20,0,33,246,19,12.947368421052632
line_27,r11,ghz_chain,20,0,44,262,19,13.789473684210526
line_27,r11,ghz_chain,20,0,55,219,19,11.526315789473685
line_27,r11,ghz_chain,20,1,11,19,19,1.0
line_27,r11,ghz_chain,20,1,22,19,19,1.0
line_27,r11,ghz_chain,20,1,33,19,19,1.0
line_27,r11,ghz_chain,20,1,44,19,19,1.0
line_27,r11,ghz_chain,20,1,55,19,19,1.0
line_27,r11,ghz_chain,20,3,11,19,19,1.0
line_27,r11,ghz_chain,20,3,22,19,19,1.0
line_27,r11,ghz_chain,20,3,33,19,19,1.0
line_27,r11,ghz_chain,20,3,44,19,19,1.0
line_27,r11,ghz_chain,20,3,55,19,19,1.0
line_27,r11,ghz_chain,24,0,11,290,23,12.608695652173912
line_27,r11,ghz_chain,24,0,22,352,23,15.304347826086957
line_27,r11,ghz_chain,24,0,33,329,23,14.304347826086957
line_27,r11,ghz_chain,24,0,44,326,23,14.173913043478262
line_27,r11,ghz_chain,24,0,55,335,23,14.565217391304348
line_27,r11,ghz_chain,24,1,11,23,23,1.0
line_27,r11,ghz_chain,24,1,22,23,23,1.0
line_27,r11,ghz_chain,24,1,33,23,23,1.0
line_27,r11,ghz_chain,24,1,44,23,23,1.0
line_27,r11,ghz_chain,24,1,55,23,23,1.0
line_27,r11,ghz_chain,24,3,11,23,23,1.0
line_27,r11,ghz_chain,24,3,22,23,23,1.0
line_27,r11,ghz_chain,24,3,33,23,23,1.0
line_27,r11,ghz_chain,24,3,44,23,23,1.0
line_27,r11,ghz_chain,24,3,55,23,23,1.0
line_27,r11,ghz_star,4,0,11,33,3,11.0
line_27,r11,ghz_star,4,0,22,33,3,11.0
line_27,r11,ghz_star,4,0,33,27,3,9.0
line_27,r11,ghz_star,4,0,44,30,3,10.0
line_27,r11,ghz_star,4,0,55,33,3,11.0
line_27,r11,ghz_star,4,1,11,5,3,1.6666666666666667
line_27,r11,ghz_star,4,1,22,6,3,2.0
line_27,r11,ghz_star,4,1,33,5,3,1.6666666666666667
line_27,r11,ghz_star,4,1,44,6,3,2.0
line_27,r11,ghz_star,4,1,55,6,3,2.0
line_27,r11,ghz_star,4,3,11,6,3,2.0
line_27,r11,ghz_star,4,3,22,6,3,2.0
line_27,r11,ghz_star,4,3,33,6,3,2.0
line_27,r11,ghz_star,4,3,44,4,3,1.3333333333333333
line_27,r11,ghz_star,4,3,55,5,3,1.6666666666666667
line_27,r11,ghz_star,8,0,11,54,7,7.714285714285714
line_27,r11,ghz_star,8,0,22,58,7,8.285714285714286
line_27,r11,ghz_star,8,0,33,64,7,9.142857142857142
line_27,r11,ghz_star,8,0,44,49,7,7.0
line_27,r11,ghz_star,8,0,55,55,7,7.857142857142857
line_27,r11,ghz_star,8,1,11,28,7,4.0
line_27,r11,ghz_star,8,1,22,19,7,2.7142857142857144
line_27,r11,ghz_star,8,1,33,24,7,3.4285714285714284
line_27,r11,ghz_star,8,1,44,31,7,4.428571428571429
line_27,r11,ghz_star,8,1,55,24,7,3.4285714285714284
line_27,r11,ghz_star,8,3,11,21,7,3.0
line_27,r11,ghz_star,8,3,22,18,7,2.5714285714285716
line_27,r11,ghz_star,8,3,33,19,7,2.7142857142857144
line_27,r11,ghz_star,8,3,44,18,7,2.5714285714285716
line_27,r11,ghz_star,8,3,55,18,7,2.5714285714285716
line_27,r11,ghz_star,12,0,11,100,11,9.090909090909092
line_27,r11,ghz_star,12,0,22,131,11,11.909090909090908
line_27,r11,ghz_star,12,0,33,131,11,11.909090909090908
line_27,r11,ghz_star,12,0,44,130,11,11.818181818181818
line_27,r11,ghz_star,12,0,55,128,11,11.636363636363637
line_27,r11,ghz_star,12,1,11,71,11,6.454545454545454
line_27,r11,ghz_star,12,1,22,80,11,7.2727272727272725
line_27,r11,ghz_star,12,1,33,52,11,4.7272727272727275
line_27,r11,ghz_star,12,1,44,76,11,6.909090909090909
line_27,r11,ghz_star,12,1,55,59,11,5.363636363636363
line_27,r11,ghz_star,12,3,11,56,11,5.090909090909091
line_27,r11,ghz_star,12,3,22,46,11,4.181818181818182
line_27,r11,ghz_star,12,3,33,46,11,4.181818181818182
line_27,r11,ghz_star,12,3,44,41,11,3.727272727272727
line_27,r11,ghz_star,12,3,55,55,11,5.0
line_27,r11,ghz_star,16,0,11,143,15,9.533333333333333
line_27,r11,ghz_star,16,0,22,195,15,13.0
line_27,r11,ghz_star,16,0,33,168,15,11.2
line_27,r11,ghz_star,16,0,44,194,15,12.933333333333334
line_27,r11,ghz_star,16,0,55,198,15,13.2
line_27,r11,ghz_star,16,1,11,98,15,6.533333333333333
line_27,r11,ghz_star,16,1,22,104,15,6.933333333333334
line_27,r11,ghz_star,16,1,33,77,15,5.133333333333334
line_27,r11,ghz_star,16,1,44,104,15,6.933333333333334
line_27,r11,ghz_star,16,1,55,89,15,5.933333333333334
line_27,r11,ghz_star,16,3,11,81,15,5.4
line_27,r11,ghz_star,16,3,22,65,15,4.333333333333333
line_27,r11,ghz_star,16,3,33,66,15,4.4
line_27,r11,ghz_star,16,3,44,63,15,4.2
line_27,r11,ghz_star,16,3,55,74,15,4.933333333333334
line_27,r11,ghz_star,20,0,11,222,19,11.68421052631579
line_27,r11,ghz_star,20,0,22,253,19,13.31578947368421
line_27,r11,ghz_star,20,0,33,247,19,13.0
line_27,r11,ghz_star,20,0,44,261,19,13.736842105263158
line_27,r11,ghz_star,20,0,55,261,19,13.736842105263158
line_27,r11,ghz_star,20,1,11,135,19,7.105263157894737
line_27,r11,ghz_star,20,1,22,82,19,4.315789473684211
line_27,r11,ghz_star,20,1,33,102,19,5.368421052631579
line_27,r11,ghz_star,20,1,44,82,19,4.315789473684211
line_27,r11,ghz_star,20,1,55,82,19,4.315789473684211
line_27,r11,ghz_star,20,3,11,114,19,6.0
line_27,r11,ghz_star,20,3,22,95,19,5.0
line_27,r11,ghz_star,20,3,33,85,19,4.473684210526316
line_27,r11,ghz_star,20,3,44,120,19,6.315789473684211
line_27,r11,ghz_star,20,3,55,84,19,4.421052631578948
line_27,r11,ghz_star,24,0,11,289,23,12.565217391304348
line_27,r11,ghz_star,24,0,22,351,23,15.26086956521739
line_27,r11,ghz_star,24,0,33,326,23,14.173913043478262
line_27,r11,ghz_star,24,0,44,320,23,13.91304347826087
line_27,r11,ghz_star,24,0,55,329,23,14.304347826086957
line_27,r11,ghz_star,24,1,11,98,23,4.260869565217392
line_27,r11,ghz_star,24,1,22,95,23,4.130434782608695
line_27,r11,ghz_star,24,1,33,92,23,4.0
line_27,r11,ghz_star,24,1,44,95,23,4.130434782608695
line_27,r11,ghz_star,24,1,55,98,23,4.260869565217392
line_27,r11,ghz_star,24,3,11,133,23,5.782608695652174
line_27,r11,ghz_star,24,3,22,80,23,3.4782608695652173
line_27,r11,ghz_star,24,3,33,143,23,6.217391304347826
line_27,r11,ghz_star,24,3,44,79,23,3.4347826086956523
line_27,r11,ghz_star,24,3,55,110,23,4.782608695652174
line_27,r11,efficient_su2,4,0,11,49,8,6.125
line_27,r11,efficient_su2,4,0,22,54,8,6.75
line_27,r11,efficient_su2,4,0,33,53,8,6.625
line_27,r11,efficient_su2,4,0,44,45,8,5.625
line_27,r11,efficient_su2,4,0,55,52,8,6.5
line_27,r11,efficient_su2,4,1,11,17,8,2.125
line_27,r11,efficient_su2,4,1,22,19,8,2.375
line_27,r11,efficient_su2,4,1,33,17,8,2.125
line_27,r11,efficient_su2,4,1,44,16,8,2.0
line_27,r11,efficient_su2,4,1,55,17,8,2.125
line_27,r11,efficient_su2,4,3,11,17,8,2.125
line_27,r11,efficient_su2,4,3,22,14,8,1.75
line_27,r11,efficient_su2,4,3,33,14,8,1.75
line_27,r11,efficient_su2,4,3,44,14,8,1.75
line_27,r11,efficient_su2,4,3,55,14,8,1.75
line_27,r11,efficient_su2,8,0,11,99,16,6.1875
line_27,r11,efficient_su2,8,0,22,91,16,5.6875
line_27,r11,efficient_su2,8,0,33,85,16,5.3125
line_27,r11,efficient_su2,8,0,44,82,16,5.125
line_27,r11,efficient_su2,8,0,55,92,16,5.75
line_27,r11,efficient_su2,8,1,11,50,16,3.125
line_27,r11,efficient_su2,8,1,22,50,16,3.125
line_27,r11,efficient_su2,8,1,33,50,16,3.125
line_27,r11,efficient_su2,8,1,44,50,16,3.125
line_27,r11,efficient_su2,8,1,55,50,16,3.125
line_27,r11,efficient_su2,8,3,11,46,16,2.875
line_27,r11,efficient_su2,8,3,22,46,16,2.875
line_27,r11,efficient_su2,8,3,33,46,16,2.875
line_27,r11,efficient_su2,8,3,44,46,16,2.875
line_27,r11,efficient_su2,8,3,55,46,16,2.875
line_27,r11,efficient_su2,12,0,11,217,24,9.041666666666666
line_27,r11,efficient_su2,12,0,22,216,24,9.0
line_27,r11,efficient_su2,12,0,33,209,24,8.708333333333334
line_27,r11,efficient_su2,12,0,44,203,24,8.458333333333334
line_27,r11,efficient_su2,12,0,55,211,24,8.791666666666666
line_27,r11,efficient_su2,12,1,11,82,24,3.4166666666666665
line_27,r11,efficient_su2,12,1,22,82,24,3.4166666666666665
line_27,r11,efficient_su2,12,1,33,82,24,3.4166666666666665
line_27,r11,efficient_su2,12,1,44,82,24,3.4166666666666665
line_27,r11,efficient_su2,12,1,55,82,24,3.4166666666666665
line_27,r11,efficient_su2,12,3,11,78,24,3.25
line_27,r11,efficient_su2,12,3,22,78,24,3.25
line_27,r11,efficient_su2,12,3,33,78,24,3.25
line_27,r11,efficient_su2,12,3,44,78,24,3.25
line_27,r11,efficient_su2,12,3,55,78,24,3.25
line_27,r11,efficient_su2,16,0,11,268,32,8.375
line_27,r11,efficient_su2,16,0,22,386,32,12.0625
line_27,r11,efficient_su2,16,0,33,358,32,11.1875
line_27,r11,efficient_su2,16,0,44,297,32,9.28125
line_27,r11,efficient_su2,16,0,55,335,32,10.46875
line_27,r11,efficient_su2,16,1,11,122,32,3.8125
line_27,r11,efficient_su2,16,1,22,122,32,3.8125
line_27,r11,efficient_su2,16,1,33,122,32,3.8125
line_27,r11,efficient_su2,16,1,44,122,32,3.8125
line_27,r11,efficient_su2,16,1,55,122,32,3.8125
line_27,r11,efficient_su2,16,3,11,114,32,3.5625
line_27,r11,efficient_su2,16,3,22,114,32,3.5625
line_27,r11,efficient_su2,16,3,33,114,32,3.5625
line_27,r11,efficient_su2,16,3,44,114,32,3.5625
line_27,r11,efficient_su2,16,3,55,114,32,3.5625
line_27,r11,efficient_su2,20,0,11,394,40,9.85
line_27,r11,efficient_su2,20,0,22,501,40,12.525
line_27,r11,efficient_su2,20,0,33,467,40,11.675
line_27,r11,efficient_su2,20,0,44,466,40,11.65
line_27,r11,efficient_su2,20,0,55,491,40,12.275
line_27,r11,efficient_su2,20,1,11,154,40,3.85
line_27,r11,efficient_su2,20,1,22,154,40,3.85
line_27,r11,efficient_su2,20,1,33,154,40,3.85
line_27,r11,efficient_su2,20,1,44,154,40,3.85
line_27,r11,efficient_su2,20,1,55,154,40,3.85
line_27,r11,efficient_su2,20,3,11,146,40,3.65
line_27,r11,efficient_su2,20,3,22,146,40,3.65
line_27,r11,efficient_su2,20,3,33,146,40,3.65
line_27,r11,efficient_su2,20,3,44,146,40,3.65
line_27,r11,efficient_su2,20,3,55,146,40,3.65
line_27,r11,efficient_su2,24,0,11,511,48,10.645833333333334
line_27,r11,efficient_su2,24,0,22,672,48,14.0
line_27,r11,efficient_su2,24,0,33,672,48,14.0
line_27,r11,efficient_su2,24,0,44,611,48,12.729166666666666
line_27,r11,efficient_su2,24,0,55,596,48,12.416666666666666
line_27,r11,efficient_su2,24,1,11,186,48,3.875
line_27,r11,efficient_su2,24,1,22,186,48,3.875
line_27,r11,efficient_su2,24,1,33,186,48,3.875
line_27,r11,efficient_su2,24,1,44,186,48,3.875
line_27,r11,efficient_su2,24,1,55,186,48,3.875
line_27,r11,efficient_su2,24,3,11,178,48,3.7083333333333335
line_27,r11,efficient_su2,24,3,22,178,48,3.7083333333333335
line_27,r11,efficient_su2,24,3,33,178,48,3.7083333333333335
line_27,r11,efficient_su2,24,3,44,178,48,3.7083333333333335
line_27,r11,efficient_su2,24,3,55,178,48,3.7083333333333335
line_27,r12,qft,4,0,11,53,10,5.3
line_27,r12,qft,4,0,22,79,10,7.9
line_27,r12,qft,4,0,33,57,10,5.7
line_27,r12,qft,4,0,44,60,10,6.0
line_27,r12,qft,4,0,55,68,10,6.8
line_27,r12,qft,4,1,11,19,10,1.9
line_27,r12,qft,4,1,22,19,10,1.9
line_27,r12,qft,4,1,33,19,10,1.9
line_27,r12,qft,4,1,44,19,10,1.9
line_27,r12,qft,4,1,55,19,10,1.9
line_27,r12,qft,4,3,11,15,10,1.5
line_27,r12,qft,4,3,22,17,10,1.7
line_27,r12,qft,4,3,33,17,10,1.7
line_27,r12,qft,4,3,44,17,10,1.7
line_27,r12,qft,4,3,55,17,10,1.7
line_27,r12,qft,8,0,11,155,26,5.961538461538462
line_27,r12,qft,8,0,22,171,26,6.576923076923077
line_27,r12,qft,8,0,33,170,26,6.538461538461538
line_27,r12,qft,8,0,44,200,26,7.6923076923076925
line_27,r12,qft,8,0,55,185,26,7.115384615384615
line_27,r12,qft,8,1,11,67,26,2.576923076923077
line_27,r12,qft,8,1,22,68,26,2.6153846153846154
line_27,r12,qft,8,1,33,70,26,2.6923076923076925
line_27,r12,qft,8,1,44,59,26,2.269230769230769
line_27,r12,qft,8,1,55,65,26,2.5
line_27,r12,qft,8,3,11,55,26,2.1153846153846154
line_27,r12,qft,8,3,22,52,26,2.0
line_27,r12,qft,8,3,33,57,26,2.1923076923076925
line_27,r12,qft,8,3,44,57,26,2.1923076923076925
line_27,r12,qft,8,3,55,57,26,2.1923076923076925
line_27,r12,qft,12,0,11,339,42,8.071428571428571
line_27,r12,qft,12,0,22,328,42,7.809523809523809
line_27,r12,qft,12,0,33,330,42,7.857142857142857
line_27,r12,qft,12,0,44,324,42,7.714285714285714
line_27,r12,qft,12,0,55,355,42,8.452380952380953
line_27,r12,qft,12,1,11,118,42,2.8095238095238093
line_27,r12,qft,12,1,22,107,42,2.5476190476190474
line_27,r12,qft,12,1,33,117,42,2.7857142857142856
line_27,r12,qft,12,1,44,115,42,2.738095238095238
line_27,r12,qft,12,1,55,117,42,2.7857142857142856
line_27,r12,qft,12,3,11,93,42,2.2142857142857144
line_27,r12,qft,12,3,22,91,42,2.1666666666666665
line_27,r12,qft,12,3,33,91,42,2.1666666666666665
line_27,r12,qft,12,3,44,94,42,2.238095238095238
line_27,r12,qft,12,3,55,97,42,2.3095238095238093
line_27,r12,qft,16,0,11,442,58,7.620689655172414
line_27,r12,qft,16,0,22,497,58,8.568965517241379
line_27,r12,qft,16,0,33,481,58,8.293103448275861
line_27,r12,qft,16,0,44,489,58,8.431034482758621
line_27,r12,qft,16,0,55,437,58,7.5344827586206895
line_27,r12,qft,16,1,11,171,58,2.9482758620689653
line_27,r12,qft,16,1,22,165,58,2.8448275862068964
line_27,r12,qft,16,1,33,165,58,2.8448275862068964
line_27,r12,qft,16,1,44,179,58,3.086206896551724
line_27,r12,qft,16,1,55,163,58,2.810344827586207
line_27,r12,qft,16,3,11,135,58,2.3275862068965516
line_27,r12,qft,16,3,22,133,58,2.293103448275862
line_27,r12,qft,16,3,33,125,58,2.1551724137931036
line_27,r12,qft,16,3,44,135,58,2.3275862068965516
line_27,r12,qft,16,3,55,135,58,2.3275862068965516
line_27,r12,qft,20,0,11,716,74,9.675675675675675
line_27,r12,qft,20,0,22,647,74,8.743243243243244
line_27,r12,qft,20,0,33,747,74,10.094594594594595
line_27,r12,qft,20,0,44,757,74,10.22972972972973
line_27,r12,qft,20,0,55,643,74,8.68918918918919
line_27,r12,qft,20,1,11,215,74,2.9054054054054053
line_27,r12,qft,20,1,22,230,74,3.108108108108108
line_27,r12,qft,20,1,33,236,74,3.189189189189189
line_27,r12,qft,20,1,44,207,74,2.7972972972972974
line_27,r12,qft,20,1,55,219,74,2.9594594594594597
line_27,r12,qft,20,3,11,179,74,2.418918918918919
line_27,r12,qft,20,3,22,152,74,2.054054054054054
line_27,r12,qft,20,3,33,169,74,2.2837837837837838
line_27,r12,qft,20,3,44,176,74,2.3783783783783785
line_27,r12,qft,20,3,55,157,74,2.1216216216216215
line_27,r12,qft,24,0,11,894,90,9.933333333333334
line_27,r12,qft,24,0,22,837,90,9.3
line_27,r12,qft,24,0,33,866,90,9.622222222222222
line_27,r12,qft,24,0,44,778,90,8.644444444444444
line_27,r12,qft,24,0,55,843,90,9.366666666666667
line_27,r12,qft,24,1,11,279,90,3.1
line_27,r12,qft,24,1,22,255,90,2.8333333333333335
line_27,r12,qft,24,1,33,279,90,3.1
line_27,r12,qft,24,1,44,275,90,3.0555555555555554
line_27,r12,qft,24,1,55,271,90,3.011111111111111
line_27,r12,qft,24,3,11,172,90,1.9111111111111112
line_27,r12,qft,24,3,22,190,90,2.111111111111111
line_27,r12,qft,24,3,33,200,90,2.2222222222222223
line_27,r12,qft,24,3,44,200,90,2.2222222222222223
line_27,r12,qft,24,3,55,202,90,2.2444444444444445
line_27,r12,ghz_chain,4,0,11,54,3,18.0
line_27,r12,ghz_chain,4,0,22,54,3,18.0
line_27,r12,ghz_chain,4,0,33,54,3,18.0
line_27,r12,ghz_chain,4,0,44,42,3,14.0
line_27,r12,ghz_chain,4,0,55,47,3,15.666666666666666
line_27,r12,ghz_chain,4,1,11,3,3,1.0
line_27,r12,ghz_chain,4,1,22,3,3,1.0
line_27,r12,ghz_chain,4,1,33,3,3,1.0
line_27,r12,ghz_chain,4,1,44,3,3,1.0
line_27,r12,ghz_chain,4,1,55,3,3,1.0
line_27,r12,ghz_chain,4,3,11,3,3,1.0
line_27,r12,ghz_chain,4,3,22,3,3,1.0
line_27,r12,ghz_chain,4,3,33,3,3,1.0
line_27,r12,ghz_chain,4,3,44,3,3,1.0
line_27,r12,ghz_chain,4,3,55,3,3,1.0
line_27,r12,ghz_chain,8,0,11,83,7,11.857142857142858
line_27,r12,ghz_chain,8,0,22,97,7,13.857142857142858
line_27,r12,ghz_chain,8,0,33,103,7,14.714285714285714
line_27,r12,ghz_chain,8,0,44,80,7,11.428571428571429
line_27,r12,ghz_chain,8,0,55,87,7,12.428571428571429
line_27,r12,ghz_chain,8,1,11,7,7,1.0
line_27,r12,ghz_chain,8,1,22,7,7,1.0
line_27,r12,ghz_chain,8,1,33,7,7,1.0
line_27,r12,ghz_chain,8,1,44,7,7,1.0
line_27,r12,ghz_chain,8,1,55,7,7,1.0
line_27,r12,ghz_chain,8,3,11,7,7,1.0
line_27,r12,ghz_chain,8,3,22,7,7,1.0
line_27,r12,ghz_chain,8,3,33,7,7,1.0
line_27,r12,ghz_chain,8,3,44,7,7,1.0
line_27,r12,ghz_chain,8,3,55,7,7,1.0
line_27,r12,ghz_chain,12,0,11,135,11,12.272727272727273
line_27,r12,ghz_chain,12,0,22,185,11,16.818181818181817
line_27,r12,ghz_chain,12,0,33,164,11,14.909090909090908
line_27,r12,ghz_chain,12,0,44,161,11,14.636363636363637
line_27,r12,ghz_chain,12,0,55,154,11,14.0
line_27,r12,ghz_chain,12,1,11,11,11,1.0
line_27,r12,ghz_chain,12,1,22,11,11,1.0
line_27,r12,ghz_chain,12,1,33,11,11,1.0
line_27,r12,ghz_chain,12,1,44,11,11,1.0
line_27,r12,ghz_chain,12,1,55,11,11,1.0
line_27,r12,ghz_chain,12,3,11,11,11,1.0
line_27,r12,ghz_chain,12,3,22,11,11,1.0
line_27,r12,ghz_chain,12,3,33,11,11,1.0
line_27,r12,ghz_chain,12,3,44,11,11,1.0
line_27,r12,ghz_chain,12,3,55,11,11,1.0
line_27,r12,ghz_chain,16,0,11,196,15,13.066666666666666
line_27,r12,ghz_chain,16,0,22,246,15,16.4
line_27,r12,ghz_chain,16,0,33,249,15,16.6
line_27,r12,ghz_chain,16,0,44,219,15,14.6
line_27,r12,ghz_chain,16,0,55,203,15,13.533333333333333
line_27,r12,ghz_chain,16,1,11,15,15,1.0
line_27,r12,ghz_chain,16,1,22,15,15,1.0
line_27,r12,ghz_chain,16,1,33,15,15,1.0
line_27,r12,ghz_chain,16,1,44,15,15,1.0
line_27,r12,ghz_chain,16,1,55,15,15,1.0
line_27,r12,ghz_chain,16,3,11,15,15,1.0
line_27,r12,ghz_chain,16,3,22,15,15,1.0
line_27,r12,ghz_chain,16,3,33,15,15,1.0
line_27,r12,ghz_chain,16,3,44,15,15,1.0
line_27,r12,ghz_chain,16,3,55,15,15,1.0
line_27,r12,ghz_chain,20,0,11,277,19,14.578947368421053
line_27,r12,ghz_chain,20,0,22,300,19,15.789473684210526
line_27,r12,ghz_chain,20,0,33,307,19,16.157894736842106
line_27,r12,ghz_chain,20,0,44,274,19,14.421052631578947
line_27,r12,ghz_chain,20,0,55,258,19,13.578947368421053
line_27,r12,ghz_chain,20,1,11,19,19,1.0
line_27,r12,ghz_chain,20,1,22,19,19,1.0
line_27,r12,ghz_chain,20,1,33,19,19,1.0
line_27,r12,ghz_chain,20,1,44,19,19,1.0
line_27,r12,ghz_chain,20,1,55,19,19,1.0
line_27,r12,ghz_chain,20,3,11,19,19,1.0
line_27,r12,ghz_chain,20,3,22,19,19,1.0
line_27,r12,ghz_chain,20,3,33,19,19,1.0
line_27,r12,ghz_chain,20,3,44,19,19,1.0
line_27,r12,ghz_chain,20,3,55,19,19,1.0
line_27,r12,ghz_chain,24,0,11,276,23,12.0
line_27,r12,ghz_chain,24,0,22,353,23,15.347826086956522
line_27,r12,ghz_chain,24,0,33,356,23,15.478260869565217
line_27,r12,ghz_chain,24,0,44,327,23,14.217391304347826
line_27,r12,ghz_chain,24,0,55,298,23,12.956521739130435
line_27,r12,ghz_chain,24,1,11,23,23,1.0
line_27,r12,ghz_chain,24,1,22,23,23,1.0
line_27,r12,ghz_chain,24,1,33,23,23,1.0
line_27,r12,ghz_chain,24,1,44,23,23,1.0
line_27,r12,ghz_chain,24,1,55,23,23,1.0
line_27,r12,ghz_chain,24,3,11,23,23,1.0
line_27,r12,ghz_chain,24,3,22,23,23,1.0
line_27,r12,ghz_chain,24,3,33,23,23,1.0
line_27,r12,ghz_chain,24,3,44,23,23,1.0
line_27,r12,ghz_chain,24,3,55,23,23,1.0
line_27,r12,ghz_star,4,0,11,54,3,18.0
line_27,r12,ghz_star,4,0,22,54,3,18.0
line_27,r12,ghz_star,4,0,33,51,3,17.0
line_27,r12,ghz_star,4,0,44,38,3,12.666666666666666
line_27,r12,ghz_star,4,0,55,44,3,14.666666666666666
line_27,r12,ghz_star,4,1,11,5,3,1.6666666666666667
line_27,r12,ghz_star,4,1,22,6,3,2.0
line_27,r12,ghz_star,4,1,33,6,3,2.0
line_27,r12,ghz_star,4,1,44,6,3,2.0
line_27,r12,ghz_star,4,1,55,6,3,2.0
line_27,r12,ghz_star,4,3,11,4,3,1.3333333333333333
line_27,r12,ghz_star,4,3,22,6,3,2.0
line_27,r12,ghz_star,4,3,33,6,3,2.0
line_27,r12,ghz_star,4,3,44,6,3,2.0
line_27,r12,ghz_star,4,3,55,6,3,2.0
line_27,r12,ghz_star,8,0,11,83,7,11.857142857142858
line_27,r12,ghz_star,8,0,22,94,7,13.428571428571429
line_27,r12,ghz_star,8,0,33,100,7,14.285714285714286
line_27,r12,ghz_star,8,0,44,90,7,12.857142857142858
line_27,r12,ghz_star,8,0,55,93,7,13.285714285714286
line_27,r12,ghz_star,8,1,11,25,7,3.5714285714285716
line_27,r12,ghz_star,8,1,22,19,7,2.7142857142857144
line_27,r12,ghz_star,8,1,33,25,7,3.5714285714285716
line_27,r12,ghz_star,8,1,44,27,7,3.857142857142857
line_27,r12,ghz_star,8,1,55,25,7,3.5714285714285716
line_27,r12,ghz_star,8,3,11,21,7,3.0
line_27,r12,ghz_star,8,3,22,28,7,4.0
line_27,r12,ghz_star,8,3,33,21,7,3.0
line_27,r12,ghz_star,8,3,44,23,7,3.2857142857142856
line_27,r12,ghz_star,8,3,55,22,7,3.142857142857143
line_27,r12,ghz_star,12,0,11,135,11,12.272727272727273
line_27,r12,ghz_star,12,0,22,170,11,15.454545454545455
line_27,r12,ghz_star,12,0,33,164,11,14.909090909090908
line_27,r12,ghz_star,12,0,44,151,11,13.727272727272727
line_27,r12,ghz_star,12,0,55,145,11,13.181818181818182
line_27,r12,ghz_star,12,1,11,64,11,5.818181818181818
line_27,r12,ghz_star,12,1,22,68,11,6.181818181818182
line_27,r12,ghz_star,12,1,33,52,11,4.7272727272727275
line_27,r12,ghz_star,12,1,44,56,11,5.090909090909091
line_27,r12,ghz_star,12,1,55,61,11,5.545454545454546
line_27,r12,ghz_star,12,3,11,41,11,3.727272727272727
line_27,r12,ghz_star,12,3,22,56,11,5.090909090909091
line_27,r12,ghz_star,12,3,33,49,11,4.454545454545454
line_27,r12,ghz_star,12,3,44,41,11,3.727272727272727
line_27,r12,ghz_star,12,3,55,45,11,4.090909090909091
line_27,r12,ghz_star,16,0,11,218,15,14.533333333333333
line_27,r12,ghz_star,16,0,22,228,15,15.2
line_27,r12,ghz_star,16,0,33,195,15,13.0
line_27,r12,ghz_star,16,0,44,213,15,14.2
line_27,r12,ghz_star,16,0,55,200,15,13.333333333333334
line_27,r12,ghz_star,16,1,11,119,15,7.933333333333334
line_27,r12,ghz_star,16,1,22,95,15,6.333333333333333
line_27,r12,ghz_star,16,1,33,102,15,6.8
line_27,r12,ghz_star,16,1,44,87,15,5.8
line_27,r12,ghz_star,16,1,55,98,15,6.533333333333333
line_27,r12,ghz_star,16,3,11,68,15,4.533333333333333
line_27,r12,ghz_star,16,3,22,84,15,5.6
line_27,r12,ghz_star,16,3,33,72,15,4.8
line_27,r12,ghz_star,16,3,44,78,15,5.2
line_27,r12,ghz_star,16,3,55,75,15,5.0
line_27,r12,ghz_star,20,0,11,276,19,14.526315789473685
line_27,r12,ghz_star,20,0,22,283,19,14.894736842105264
line_27,r12,ghz_star,20,0,33,247,19,13.0
line_27,r12,ghz_star,20,0,44,265,19,13.947368421052632
line_27,r12,ghz_star,20,0,55,252,19,13.263157894736842
line_27,r12,ghz_star,20,1,11,146,19,7.684210526315789
line_27,r12,ghz_star,20,1,22,133,19,7.0
line_27,r12,ghz_star,20,1,33,128,19,6.7368421052631575
line_27,r12,ghz_star,20,1,44,154,19,8.105263157894736
line_27,r12,ghz_star,20,1,55,140,19,7.368421052631579
line_27,r12,ghz_star,20,3,11,92,19,4.842105263157895
line_27,r12,ghz_star,20,3,22,104,19,5.473684210526316
line_27,r12,ghz_star,20,3,33,105,19,5.526315789473684
line_27,r12,ghz_star,20,3,44,90,19,4.7368421052631575
line_27,r12,ghz_star,20,3,55,89,19,4.684210526315789
line_27,r12,ghz_star,24,0,11,334,23,14.521739130434783
line_27,r12,ghz_star,24,0,22,335,23,14.565217391304348
line_27,r12,ghz_star,24,0,33,289,23,12.565217391304348
line_27,r12,ghz_star,24,0,44,322,23,14.0
line_27,r12,ghz_star,24,0,55,359,23,15.608695652173912
line_27,r12,ghz_star,24,1,11,158,23,6.869565217391305
line_27,r12,ghz_star,24,1,22,152,23,6.608695652173913
line_27,r12,ghz_star,24,1,33,186,23,8.08695652173913
line_27,r12,ghz_star,24,1,44,196,23,8.521739130434783
line_27,r12,ghz_star,24,1,55,196,23,8.521739130434783
line_27,r12,ghz_star,24,3,11,106,23,4.608695652173913
line_27,r12,ghz_star,24,3,22,138,23,6.0
line_27,r12,ghz_star,24,3,33,123,23,5.3478260869565215
line_27,r12,ghz_star,24,3,44,105,23,4.565217391304348
line_27,r12,ghz_star,24,3,55,105,23,4.565217391304348
line_27,r12,efficient_su2,4,0,11,65,8,8.125
line_27,r12,efficient_su2,4,0,22,80,8,10.0
line_27,r12,efficient_su2,4,0,33,67,8,8.375
line_27,r12,efficient_su2,4,0,44,68,8,8.5
line_27,r12,efficient_su2,4,0,55,59,8,7.375
line_27,r12,efficient_su2,4,1,11,17,8,2.125
line_27,r12,efficient_su2,4,1,22,17,8,2.125
line_27,r12,efficient_su2,4,1,33,16,8,2.0
line_27,r12,efficient_su2,4,1,44,16,8,2.0
line_27,r12,efficient_su2,4,1,55,16,8,2.0
line_27,r12,efficient_su2,4,3,11,17,8,2.125
line_27,r12,efficient_su2,4,3,22,16,8,2.0
line_27,r12,efficient_su2,4,3,33,14,8,1.75
line_27,r12,efficient_su2,4,3,44,14,8,1.75
line_27,r12,efficient_su2,4,3,55,14,8,1.75
line_27,r12,efficient_su2,8,0,11,120,16,7.5
line_27,r12,efficient_su2,8,0,22,184,16,11.5
line_27,r12,efficient_su2,8,0,33,172,16,10.75
line_27,r12,efficient_su2,8,0,44,162,16,10.125
line_27,r12,efficient_su2,8,0,55,175,16,10.9375
line_27,r12,efficient_su2,8,1,11,50,16,3.125
line_27,r12,efficient_su2,8,1,22,50,16,3.125
line_27,r12,efficient_su2,8,1,33,50,16,3.125
line_27,r12,efficient_su2,8,1,44,50,16,3.125
line_27,r12,efficient_su2,8,1,55,50,16,3.125
line_27,r12,efficient_su2,8,3,11,46,16,2.875
line_27,r12,efficient_su2,8,3,22,46,16,2.875
line_27,r12,efficient_su2,8,3,33,46,16,2.875
line_27,r12,efficient_su2,8,3,44,46,16,2.875
line_27,r12,efficient_su2,8,3,55,46,16,2.875
line_27,r12,efficient_su2,12,0,11,280,24,11.666666666666666
line_27,r12,efficient_su2,12,0,22,306,24,12.75
line_27,r12,efficient_su2,12,0,33,270,24,11.25
line_27,r12,efficient_su2,12,0,44,251,24,10.458333333333334
line_27,r12,efficient_su2,12,0,55,291,24,12.125
line_27,r12,efficient_su2,12,1,11,82,24,3.4166666666666665
line_27,r12,efficient_su2,12,1,22,82,24,3.4166666666666665
line_27,r12,efficient_su2,12,1,33,82,24,3.4166666666666665
line_27,r12,efficient_su2,12,1,44,82,24,3.4166666666666665
line_27,r12,efficient_su2,12,1,55,82,24,3.4166666666666665
line_27,r12,efficient_su2,12,3,11,78,24,3.25
line_27,r12,efficient_su2,12,3,22,78,24,3.25
line_27,r12,efficient_su2,12,3,33,78,24,3.25
line_27,r12,efficient_su2,12,3,44,78,24,3.25
line_27,r12,efficient_su2,12,3,55,78,24,3.25
line_27,r12,efficient_su2,16,0,11,338,32,10.5625
line_27,r12,efficient_su2,16,0,22,410,32,12.8125
line_27,r12,efficient_su2,16,0,33,350,32,10.9375
line_27,r12,efficient_su2,16,0,44,361,32,11.28125
line_27,r12,efficient_su2,16,0,55,343,32,10.71875
line_27,r12,efficient_su2,16,1,11,114,32,3.5625
line_27,r12,efficient_su2,16,1,22,114,32,3.5625
line_27,r12,efficient_su2,16,1,33,114,32,3.5625
line_27,r12,efficient_su2,16,1,44,114,32,3.5625
line_27,r12,efficient_su2,16,1,55,114,32,3.5625
line_27,r12,efficient_su2,16,3,11,110,32,3.4375
line_27,r12,efficient_su2,16,3,22,110,32,3.4375
line_27,r12,efficient_su2,16,3,33,110,32,3.4375
line_27,r12,efficient_su2,16,3,44,110,32,3.4375
line_27,r12,efficient_su2,16,3,55,110,32,3.4375
line_27,r12,efficient_su2,20,0,11,472,40,11.8
line_27,r12,efficient_su2,20,0,22,496,40,12.4
line_27,r12,efficient_su2,20,0,33,516,40,12.9
line_27,r12,efficient_su2,20,0,44,484,40,12.1
line_27,r12,efficient_su2,20,0,55,517,40,12.925
line_27,r12,efficient_su2,20,1,11,146,40,3.65
line_27,r12,efficient_su2,20,1,22,146,40,3.65
line_27,r12,efficient_su2,20,1,33,146,40,3.65
line_27,r12,efficient_su2,20,1,44,146,40,3.65
line_27,r12,efficient_su2,20,1,55,146,40,3.65
line_27,r12,efficient_su2,20,3,11,142,40,3.55
line_27,r12,efficient_su2,20,3,22,142,40,3.55
line_27,r12,efficient_su2,20,3,33,142,40,3.55
line_27,r12,efficient_su2,20,3,44,142,40,3.55
line_27,r12,efficient_su2,20,3,55,142,40,3.55
line_27,r12,efficient_su2,24,0,11,545,48,11.354166666666666
line_27,r12,efficient_su2,24,0,22,625,48,13.020833333333334
line_27,r12,efficient_su2,24,0,33,595,48,12.395833333333334
line_27,r12,efficient_su2,24,0,44,595,48,12.395833333333334
line_27,r12,efficient_su2,24,0,55,568,48,11.833333333333334
line_27,r12,efficient_su2,24,1,11,187,48,3.8958333333333335
line_27,r12,efficient_su2,24,1,22,183,48,3.8125
line_27,r12,efficient_su2,24,1,33,183,48,3.8125
line_27,r12,efficient_su2,24,1,44,187,48,3.8958333333333335
line_27,r12,efficient_su2,24,1,55,183,48,3.8125
line_27,r12,efficient_su2,24,3,11,174,48,3.625
line_27,r12,efficient_su2,24,3,22,179,48,3.7291666666666665
line_27,r12,efficient_su2,24,3,33,175,48,3.6458333333333335
line_27,r12,efficient_su2,24,3,44,175,48,3.6458333333333335
line_27,r12,efficient_su2,24,3,55,179,48,3.7291666666666665
line_27,r13,qft,4,0,11,50,10,5.0
line_27,r13,qft,4,0,22,41,10,4.1
line_27,r13,qft,4,0,33,64,10,6.4
line_27,r13,qft,4,0,44,41,10,4.1
line_27,r13,qft,4,0,55,61,10,6.1
line_27,r13,qft,4,1,11,19,10,1.9
line_27,r13,qft,4,1,22,19,10,1.9
line_27,r13,qft,4,1,33,19,10,1.9
line_27,r13,qft,4,1,44,19,10,1.9
line_27,r13,qft,4,1,55,19,10,1.9
line_27,r13,qft,4,3,11,15,10,1.5
line_27,r13,qft,4,3,22,17,10,1.7
line_27,r13,qft,4,3,33,17,10,1.7
line_27,r13,qft,4,3,44,17,10,1.7
line_27,r13,qft,4,3,55,17,10,1.7
line_27,r13,qft,8,0,11,128,26,4.923076923076923
line_27,r13,qft,8,0,22,140,26,5.384615384615385
line_27,r13,qft,8,0,33,139,26,5.346153846153846
line_27,r13,qft,8,0,44,136,26,5.230769230769231
line_27,r13,qft,8,0,55,150,26,5.769230769230769
line_27,r13,qft,8,1,11,67,26,2.576923076923077
line_27,r13,qft,8,1,22,63,26,2.423076923076923
line_27,r13,qft,8,1,33,62,26,2.3846153846153846
line_27,r13,qft,8,1,44,67,26,2.576923076923077
line_27,r13,qft,8,1,55,69,26,2.6538461538461537
line_27,r13,qft,8,3,11,55,26,2.1153846153846154
line_27,r13,qft,8,3,22,49,26,1.8846153846153846
line_27,r13,qft,8,3,33,57,26,2.1923076923076925
line_27,r13,qft,8,3,44,49,26,1.8846153846153846
line_27,r13,qft,8,3,55,52,26,2.0
line_27,r13,qft,12,0,11,256,42,6.095238095238095
line_27,r13,qft,12,0,22,277,42,6.595238095238095
line_27,r13,qft,12,0,33,239,42,5.690476190476191
line_27,r13,qft,12,0,44,267,42,6.357142857142857
line_27,r13,qft,12,0,55,260,42,6.190476190476191
line_27,r13,qft,12,1,11,115,42,2.738095238095238
line_27,r13,qft,12,1,22,111,42,2.642857142857143
line_27,r13,qft,12,1,33,123,42,2.9285714285714284
line_27,r13,qft,12,1,44,119,42,2.8333333333333335
line_27,r13,qft,12,1,55,117,42,2.7857142857142856
line_27,r13,qft,12,3,11,91,42,2.1666666666666665
line_27,r13,qft,12,3,22,91,42,2.1666666666666665
line_27,r13,qft,12,3,33,91,42,2.1666666666666665
line_27,r13,qft,12,3,44,91,42,2.1666666666666665
line_27,r13,qft,12,3,55,94,42,2.238095238095238
line_27,r13,qft,16,0,11,370,58,6.379310344827586
line_27,r13,qft,16,0,22,378,58,6.517241379310345
line_27,r13,qft,16,0,33,492,58,8.482758620689655
line_27,r13,qft,16,0,44,401,58,6.913793103448276
line_27,r13,qft,16,0,55,379,58,6.5344827586206895
line_27,r13,qft,16,1,11,171,58,2.9482758620689653
line_27,r13,qft,16,1,22,169,58,2.913793103448276
line_27,r13,qft,16,1,33,174,58,3.0
line_27,r13,qft,16,1,44,165,58,2.8448275862068964
line_27,r13,qft,16,1,55,171,58,2.9482758620689653
line_27,r13,qft,16,3,11,135,58,2.3275862068965516
line_27,r13,qft,16,3,22,133,58,2.293103448275862
line_27,r13,qft,16,3,33,125,58,2.1551724137931036
line_27,r13,qft,16,3,44,125,58,2.1551724137931036
line_27,r13,qft,16,3,55,115,58,1.9827586206896552
line_27,r13,qft,20,0,11,515,74,6.95945945945946
line_27,r13,qft,20,0,22,446,74,6.027027027027027
line_27,r13,qft,20,0,33,565,74,7.635135135135135
line_27,r13,qft,20,0,44,551,74,7.445945945945946
line_27,r13,qft,20,0,55,517,74,6.986486486486487
line_27,r13,qft,20,1,11,211,74,2.8513513513513513
line_27,r13,qft,20,1,22,205,74,2.77027027027027
line_27,r13,qft,20,1,33,211,74,2.8513513513513513
line_27,r13,qft,20,1,44,211,74,2.8513513513513513
line_27,r13,qft,20,1,55,219,74,2.9594594594594597
line_27,r13,qft,20,3,11,177,74,2.391891891891892
line_27,r13,qft,20,3,22,161,74,2.175675675675676
line_27,r13,qft,20,3,33,169,74,2.2837837837837838
line_27,r13,qft,20,3,44,159,74,2.1486486486486487
line_27,r13,qft,20,3,55,152,74,2.054054054054054
line_27,r13,qft,24,0,11,669,90,7.433333333333334
line_27,r13,qft,24,0,22,700,90,7.777777777777778
line_27,r13,qft,24,0,33,782,90,8.688888888888888
line_27,r13,qft,24,0,44,615,90,6.833333333333333
line_27,r13,qft,24,0,55,781,90,8.677777777777777
line_27,r13,qft,24,1,11,278,90,3.088888888888889
line_27,r13,qft,24,1,22,275,90,3.0555555555555554
line_27,r13,qft,24,1,33,267,90,2.966666666666667
line_27,r13,qft,24,1,44,257,90,2.8555555555555556
line_27,r13,qft,24,1,55,261,90,2.9
line_27,r13,qft,24,3,11,203,90,2.2555555555555555
line_27,r13,qft,24,3,22,192,90,2.1333333333333333
line_27,r13,qft,24,3,33,206,90,2.2888888888888888
line_27,r13,qft,24,3,44,197,90,2.188888888888889
line_27,r13,qft,24,3,55,203,90,2.2555555555555555
line_27,r13,ghz_chain,4,0,11,33,3,11.0
line_27,r13,ghz_chain,4,0,22,39,3,13.0
line_27,r13,ghz_chain,4,0,33,44,3,14.666666666666666
line_27,r13,ghz_chain,4,0,44,30,3,10.0
line_27,r13,ghz_chain,4,0,55,39,3,13.0
line_27,r13,ghz_chain,4,1,11,3,3,1.0
line_27,r13,ghz_chain,4,1,22,3,3,1.0
line_27,r13,ghz_chain,4,1,33,3,3,1.0
line_27,r13,ghz_chain,4,1,44,3,3,1.0
line_27,r13,ghz_chain,4,1,55,3,3,1.0
line_27,r13,ghz_chain,4,3,11,3,3,1.0
line_27,r13,ghz_chain,4,3,22,3,3,1.0
line_27,r13,ghz_chain,4,3,33,3,3,1.0
line_27,r13,ghz_chain,4,3,44,3,3,1.0
line_27,r13,ghz_chain,4,3,55,3,3,1.0
line_27,r13,ghz_chain,8,0,11,38,7,5.428571428571429
line_27,r13,ghz_chain,8,0,22,67,7,9.571428571428571
line_27,r13,ghz_chain,8,0,33,61,7,8.714285714285714
line_27,r13,ghz_chain,8,0,44,67,7,9.571428571428571
line_27,r13,ghz_chain,8,0,55,52,7,7.428571428571429
line_27,r13,ghz_chain,8,1,11,7,7,1.0
line_27,r13,ghz_chain,8,1,22,7,7,1.0
line_27,r13,ghz_chain,8,1,33,7,7,1.0
line_27,r13,ghz_chain,8,1,44,7,7,1.0
line_27,r13,ghz_chain,8,1,55,7,7,1.0
line_27,r13,ghz_chain,8,3,11,7,7,1.0
line_27,r13,ghz_chain,8,3,22,7,7,1.0
line_27,r13,ghz_chain,8,3,33,7,7,1.0
line_27,r13,ghz_chain,8,3,44,7,7,1.0
line_27,r13,ghz_chain,8,3,55,7,7,1.0
line_27,r13,ghz_chain,12,0,11,78,11,7.090909090909091
line_27,r13,ghz_chain,12,0,22,105,11,9.545454545454545
line_27,r13,ghz_chain,12,0,33,122,11,11.090909090909092
line_27,r13,ghz_chain,12,0,44,110,11,10.0
line_27,r13,ghz_chain,12,0,55,89,11,8.090909090909092
line_27,r13,ghz_chain,12,1,11,11,11,1.0
line_27,r13,ghz_chain,12,1,22,11,11,1.0
line_27,r13,ghz_chain,12,1,33,11,11,1.0
line_27,r13,ghz_chain,12,1,44,11,11,1.0
line_27,r13,ghz_chain,12,1,55,11,11,1.0
line_27,r13,ghz_chain,12,3,11,11,11,1.0
line_27,r13,ghz_chain,12,3,22,11,11,1.0
line_27,r13,ghz_chain,12,3,33,11,11,1.0
line_27,r13,ghz_chain,12,3,44,11,11,1.0
line_27,r13,ghz_chain,12,3,55,11,11,1.0
line_27,r13,ghz_chain,16,0,11,135,15,9.0
line_27,r13,ghz_chain,16,0,22,147,15,9.8
line_27,r13,ghz_chain,16,0,33,144,15,9.6
line_27,r13,ghz_chain,16,0,44,155,15,10.333333333333334
line_27,r13,ghz_chain,16,0,55,129,15,8.6
line_27,r13,ghz_chain,16,1,11,15,15,1.0
line_27,r13,ghz_chain,16,1,22,15,15,1.0
line_27,r13,ghz_chain,16,1,33,15,15,1.0
line_27,r13,ghz_chain,16,1,44,15,15,1.0
line_27,r13,ghz_chain,16,1,55,15,15,1.0
line_27,r13,ghz_chain,16,3,11,15,15,1.0
line_27,r13,ghz_chain,16,3,22,15,15,1.0
line_27,r13,ghz_chain,16,3,33,15,15,1.0
line_27,r13,ghz_chain,16,3,44,15,15,1.0
line_27,r13,ghz_chain,16,3,55,15,15,1.0
line_27,r13,ghz_chain,20,0,11,168,19,8.842105263157896
line_27,r13,ghz_chain,20,0,22,199,19,10.473684210526315
line_27,r13,ghz_chain,20,0,33,169,19,8.894736842105264
line_27,r13,ghz_chain,20,0,44,189,19,9.947368421052632
line_27,r13,ghz_chain,20,0,55,172,19,9.052631578947368
line_27,r13,ghz_chain,20,1,11,19,19,1.0
line_27,r13,ghz_chain,20,1,22,19,19,1.0
line_27,r13,ghz_chain,20,1,33,19,19,1.0
line_27,r13,ghz_chain,20,1,44,19,19,1.0
line_27,r13,ghz_chain,20,1,55,19,19,1.0
line_27,r13,ghz_chain,20,3,11,19,19,1.0
line_27,r13,ghz_chain,20,3,22,19,19,1.0
line_27,r13,ghz_chain,20,3,33,19,19,1.0
line_27,r13,ghz_chain,20,3,44,19,19,1.0
line_27,r13,ghz_chain,20,3,55,19,19,1.0
line_27,r13,ghz_chain,24,0,11,238,23,10.347826086956522
line_27,r13,ghz_chain,24,0,22,287,23,12.478260869565217
line_27,r13,ghz_chain,24,0,33,262,23,11.391304347826088
line_27,r13,ghz_chain,24,0,44,256,23,11.130434782608695
line_27,r13,ghz_chain,24,0,55,221,23,9.608695652173912
line_27,r13,ghz_chain,24,1,11,23,23,1.0
line_27,r13,ghz_chain,24,1,22,23,23,1.0
line_27,r13,ghz_chain,24,1,33,23,23,1.0
line_27,r13,ghz_chain,24,1,44,23,23,1.0
line_27,r13,ghz_chain,24,1,55,23,23,1.0
line_27,r13,ghz_chain,24,3,11,23,23,1.0
line_27,r13,ghz_chain,24,3,22,23,23,1.0
line_27,r13,ghz_chain,24,3,33,23,23,1.0
line_27,r13,ghz_chain,24,3,44,23,23,1.0
line_27,r13,ghz_chain,24,3,55,23,23,1.0
line_27,r13,ghz_star,4,0,11,30,3,10.0
line_27,r13,ghz_star,4,0,22,30,3,10.0
line_27,r13,ghz_star,4,0,33,33,3,11.0
line_27,r13,ghz_star,4,0,44,29,3,9.666666666666666
line_27,r13,ghz_star,4,0,55,36,3,12.0
line_27,r13,ghz_star,4,1,11,6,3,2.0
line_27,r13,ghz_star,4,1,22,6,3,2.0
line_27,r13,ghz_star,4,1,33,5,3,1.6666666666666667
line_27,r13,ghz_star,4,1,44,6,3,2.0
line_27,r13,ghz_star,4,1,55,6,3,2.0
line_27,r13,ghz_star,4,3,11,4,3,1.3333333333333333
line_27,r13,ghz_star,4,3,22,6,3,2.0
line_27,r13,ghz_star,4,3,33,6,3,2.0
line_27,r13,ghz_star,4,3,44,4,3,1.3333333333333333
line_27,r13,ghz_star,4,3,55,6,3,2.0
line_27,r13,ghz_star,8,0,11,58,7,8.285714285714286
line_27,r13,ghz_star,8,0,22,70,7,10.0
line_27,r13,ghz_star,8,0,33,67,7,9.571428571428571
line_27,r13,ghz_star,8,0,44,82,7,11.714285714285714
line_27,r13,ghz_star,8,0,55,70,7,10.0
line_27,r13,ghz_star,8,1,11,24,7,3.4285714285714284
line_27,r13,ghz_star,8,1,22,21,7,3.0
line_27,r13,ghz_star,8,1,33,24,7,3.4285714285714284
line_27,r13,ghz_star,8,1,44,24,7,3.4285714285714284
line_27,r13,ghz_star,8,1,55,22,7,3.142857142857143
line_27,r13,ghz_star,8,3,11,19,7,2.7142857142857144
line_27,r13,ghz_star,8,3,22,20,7,2.857142857142857
line_27,r13,ghz_star,8,3,33,19,7,2.7142857142857144
line_27,r13,ghz_star,8,3,44,21,7,3.0
line_27,r13,ghz_star,8,3,55,18,7,2.5714285714285716
line_27,r13,ghz_star,12,0,11,125,11,11.363636363636363
line_27,r13,ghz_star,12,0,22,107,11,9.727272727272727
line_27,r13,ghz_star,12,0,33,119,11,10.818181818181818
line_27,r13,ghz_star,12,0,44,104,11,9.454545454545455
line_27,r13,ghz_star,12,0,55,118,11,10.727272727272727
line_27,r13,ghz_star,12,1,11,37,11,3.3636363636363638
line_27,r13,ghz_star,12,1,22,37,11,3.3636363636363638
line_27,r13,ghz_star,12,1,33,37,11,3.3636363636363638
line_27,r13,ghz_star,12,1,44,40,11,3.6363636363636362
line_27,r13,ghz_star,12,1,55,40,11,3.6363636363636362
line_27,r13,ghz_star,12,3,11,27,11,2.4545454545454546
line_27,r13,ghz_star,12,3,22,27,11,2.4545454545454546
line_27,r13,ghz_star,12,3,33,27,11,2.4545454545454546
line_27,r13,ghz_star,12,3,44,27,11,2.4545454545454546
line_27,r13,ghz_star,12,3,55,27,11,2.4545454545454546
line_27,r13,ghz_star,16,0,11,162,15,10.8
line_27,r13,ghz_star,16,0,22,146,15,9.733333333333333
line_27,r13,ghz_star,16,0,33,152,15,10.133333333333333
line_27,r13,ghz_star,16,0,44,147,15,9.8
line_27,r13,ghz_star,16,0,55,138,15,9.2
line_27,r13,ghz_star,16,1,11,53,15,3.533333333333333
line_27,r13,ghz_star,16,1,22,56,15,3.7333333333333334
line_27,r13,ghz_star,16,1,33,53,15,3.533333333333333
line_27,r13,ghz_star,16,1,44,56,15,3.7333333333333334
line_27,r13,ghz_star,16,1,55,53,15,3.533333333333333
line_27,r13,ghz_star,16,3,11,35,15,2.3333333333333335
line_27,r13,ghz_star,16,3,22,35,15,2.3333333333333335
line_27,r13,ghz_star,16,3,33,35,15,2.3333333333333335
line_27,r13,ghz_star,16,3,44,35,15,2.3333333333333335
line_27,r13,ghz_star,16,3,55,35,15,2.3333333333333335
line_27,r13,ghz_star,20,0,11,205,19,10.789473684210526
line_27,r13,ghz_star,20,0,22,195,19,10.263157894736842
line_27,r13,ghz_star,20,0,33,180,19,9.473684210526315
line_27,r13,ghz_star,20,0,44,178,19,9.368421052631579
line_27,r13,ghz_star,20,0,55,172,19,9.052631578947368
line_27,r13,ghz_star,20,1,11,72,19,3.789473684210526
line_27,r13,ghz_star,20,1,22,72,19,3.789473684210526
line_27,r13,ghz_star,20,1,33,69,19,3.6315789473684212
line_27,r13,ghz_star,20,1,44,72,19,3.789473684210526
line_27,r13,ghz_star,20,1,55,72,19,3.789473684210526
line_27,r13,ghz_star,20,3,11,43,19,2.263157894736842
line_27,r13,ghz_star,20,3,22,43,19,2.263157894736842
line_27,r13,ghz_star,20,3,33,43,19,2.263157894736842
line_27,r13,ghz_star,20,3,44,43,19,2.263157894736842
line_27,r13,ghz_star,20,3,55,43,19,2.263157894736842
line_27,r13,ghz_star,24,0,11,270,23,11.73913043478261
line_27,r13,ghz_star,24,0,22,244,23,10.608695652173912
line_27,r13,ghz_star,24,0,33,292,23,12.695652173913043
line_27,r13,ghz_star,24,0,44,241,23,10.478260869565217
line_27,r13,ghz_star,24,0,55,295,23,12.826086956521738
line_27,r13,ghz_star,24,1,11,88,23,3.8260869565217392
line_27,r13,ghz_star,24,1,22,88,23,3.8260869565217392
line_27,r13,ghz_star,24,1,33,88,23,3.8260869565217392
line_27,r13,ghz_star,24,1,44,85,23,3.6956521739130435
line_27,r13,ghz_star,24,1,55,88,23,3.8260869565217392
line_27,r13,ghz_star,24,3,11,51,23,2.217391304347826
line_27,r13,ghz_star,24,3,22,51,23,2.217391304347826
line_27,r13,ghz_star,24,3,33,51,23,2.217391304347826
line_27,r13,ghz_star,24,3,44,51,23,2.217391304347826
line_27,r13,ghz_star,24,3,55,51,23,2.217391304347826
line_27,r13,efficient_su2,4,0,11,54,8,6.75
line_27,r13,efficient_su2,4,0,22,56,8,7.0
line_27,r13,efficient_su2,4,0,33,47,8,5.875
line_27,r13,efficient_su2,4,0,44,51,8,6.375
line_27,r13,efficient_su2,4,0,55,59,8,7.375
line_27,r13,efficient_su2,4,1,11,17,8,2.125
line_27,r13,efficient_su2,4,1,22,19,8,2.375
line_27,r13,efficient_su2,4,1,33,16,8,2.0
line_27,r13,efficient_su2,4,1,44,17,8,2.125
line_27,r13,efficient_su2,4,1,55,16,8,2.0
line_27,r13,efficient_su2,4,3,11,17,8,2.125
line_27,r13,efficient_su2,4,3,22,14,8,1.75
line_27,r13,efficient_su2,4,3,33,14,8,1.75
line_27,r13,efficient_su2,4,3,44,14,8,1.75
line_27,r13,efficient_su2,4,3,55,14,8,1.75
line_27,r13,efficient_su2,8,0,11,115,16,7.1875
line_27,r13,efficient_su2,8,0,22,115,16,7.1875
line_27,r13,efficient_su2,8,0,33,142,16,8.875
line_27,r13,efficient_su2,8,0,44,116,16,7.25
line_27,r13,efficient_su2,8,0,55,118,16,7.375
line_27,r13,efficient_su2,8,1,11,58,16,3.625
line_27,r13,efficient_su2,8,1,22,50,16,3.125
line_27,r13,efficient_su2,8,1,33,50,16,3.125
line_27,r13,efficient_su2,8,1,44,50,16,3.125
line_27,r13,efficient_su2,8,1,55,50,16,3.125
line_27,r13,efficient_su2,8,3,11,46,16,2.875
line_27,r13,efficient_su2,8,3,22,46,16,2.875
line_27,r13,efficient_su2,8,3,33,46,16,2.875
line_27,r13,efficient_su2,8,3,44,46,16,2.875
line_27,r13,efficient_su2,8,3,55,46,16,2.875
line_27,r13,efficient_su2,12,0,11,147,24,6.125
line_27,r13,efficient_su2,12,0,22,184,24,7.666666666666667
line_27,r13,efficient_su2,12,0,33,192,24,8.0
line_27,r13,efficient_su2,12,0,44,167,24,6.958333333333333
line_27,r13,efficient_su2,12,0,55,129,24,5.375
line_27,r13,efficient_su2,12,1,11,90,24,3.75
line_27,r13,efficient_su2,12,1,22,90,24,3.75
line_27,r13,efficient_su2,12,1,33,90,24,3.75
line_27,r13,efficient_su2,12,1,44,90,24,3.75
line_27,r13,efficient_su2,12,1,55,90,24,3.75
line_27,r13,efficient_su2,12,3,11,82,24,3.4166666666666665
line_27,r13,efficient_su2,12,3,22,78,24,3.25
line_27,r13,efficient_su2,12,3,33,82,24,3.4166666666666665
line_27,r13,efficient_su2,12,3,44,82,24,3.4166666666666665
line_27,r13,efficient_su2,12,3,55,82,24,3.4166666666666665
line_27,r13,efficient_su2,16,0,11,257,32,8.03125
line_27,r13,efficient_su2,16,0,22,277,32,8.65625
line_27,r13,efficient_su2,16,0,33,337,32,10.53125
line_27,r13,efficient_su2,16,0,44,316,32,9.875
line_27,r13,efficient_su2,16,0,55,269,32,8.40625
line_27,r13,efficient_su2,16,1,11,122,32,3.8125
line_27,r13,efficient_su2,16,1,22,122,32,3.8125
line_27,r13,efficient_su2,16,1,33,122,32,3.8125
line_27,r13,efficient_su2,16,1,44,122,32,3.8125
line_27,r13,efficient_su2,16,1,55,122,32,3.8125
line_27,r13,efficient_su2,16,3,11,114,32,3.5625
line_27,r13,efficient_su2,16,3,22,110,32,3.4375
line_27,r13,efficient_su2,16,3,33,114,32,3.5625
line_27,r13,efficient_su2,16,3,44,114,32,3.5625
line_27,r13,efficient_su2,16,3,55,114,32,3.5625
line_27,r13,efficient_su2,20,0,11,343,40,8.575
line_27,r13,efficient_su2,20,0,22,434,40,10.85
line_27,r13,efficient_su2,20,0,33,349,40,8.725
line_27,r13,efficient_su2,20,0,44,385,40,9.625
line_27,r13,efficient_su2,20,0,55,358,40,8.95
line_27,r13,efficient_su2,20,1,11,154,40,3.85
line_27,r13,efficient_su2,20,1,22,154,40,3.85
line_27,r13,efficient_su2,20,1,33,154,40,3.85
line_27,r13,efficient_su2,20,1,44,154,40,3.85
line_27,r13,efficient_su2,20,1,55,154,40,3.85
line_27,r13,efficient_su2,20,3,11,146,40,3.65
line_27,r13,efficient_su2,20,3,22,146,40,3.65
line_27,r13,efficient_su2,20,3,33,146,40,3.65
line_27,r13,efficient_su2,20,3,44,146,40,3.65
line_27,r13,efficient_su2,20,3,55,146,40,3.65
line_27,r13,efficient_su2,24,0,11,454,48,9.458333333333334
line_27,r13,efficient_su2,24,0,22,523,48,10.895833333333334
line_27,r13,efficient_su2,24,0,33,488,48,10.166666666666666
line_27,r13,efficient_su2,24,0,44,569,48,11.854166666666666
line_27,r13,efficient_su2,24,0,55,488,48,10.166666666666666
line_27,r13,efficient_su2,24,1,11,186,48,3.875
line_27,r13,efficient_su2,24,1,22,186,48,3.875
line_27,r13,efficient_su2,24,1,33,186,48,3.875
line_27,r13,efficient_su2,24,1,44,186,48,3.875
line_27,r13,efficient_su2,24,1,55,186,48,3.875
line_27,r13,efficient_su2,24,3,11,178,48,3.7083333333333335
line_27,r13,efficient_su2,24,3,22,178,48,3.7083333333333335
line_27,r13,efficient_su2,24,3,33,178,48,3.7083333333333335
line_27,r13,efficient_su2,24,3,44,178,48,3.7083333333333335
line_27,r13,efficient_su2,24,3,55,178,48,3.7083333333333335
line_27,r14,qft,4,0,11,64,10,6.4
line_27,r14,qft,4,0,22,59,10,5.9
line_27,r14,qft,4,0,33,56,10,5.6
line_27,r14,qft,4,0,44,55,10,5.5
line_27,r14,qft,4,0,55,61,10,6.1
line_27,r14,qft,4,1,11,19,10,1.9
line_27,r14,qft,4,1,22,19,10,1.9
line_27,r14,qft,4,1,33,19,10,1.9
line_27,r14,qft,4,1,44,19,10,1.9
line_27,r14,qft,4,1,55,19,10,1.9
line_27,r14,qft,4,3,11,17,10,1.7
line_27,r14,qft,4,3,22,17,10,1.7
line_27,r14,qft,4,3,33,15,10,1.5
line_27,r14,qft,4,3,44,17,10,1.7
line_27,r14,qft,4,3,55,15,10,1.5
line_27,r14,qft,8,0,11,202,26,7.769230769230769
line_27,r14,qft,8,0,22,196,26,7.538461538461538
line_27,r14,qft,8,0,33,179,26,6.884615384615385
line_27,r14,qft,8,0,44,187,26,7.1923076923076925
line_27,r14,qft,8,0,55,175,26,6.730769230769231
line_27,r14,qft,8,1,11,63,26,2.423076923076923
line_27,r14,qft,8,1,22,68,26,2.6153846153846154
line_27,r14,qft,8,1,33,63,26,2.423076923076923
line_27,r14,qft,8,1,44,67,26,2.576923076923077
line_27,r14,qft,8,1,55,65,26,2.5
line_27,r14,qft,8,3,11,49,26,1.8846153846153846
line_27,r14,qft,8,3,22,52,26,2.0
line_27,r14,qft,8,3,33,57,26,2.1923076923076925
line_27,r14,qft,8,3,44,49,26,1.8846153846153846
line_27,r14,qft,8,3,55,55,26,2.1153846153846154
line_27,r14,qft,12,0,11,336,42,8.0
line_27,r14,qft,12,0,22,348,42,8.285714285714286
line_27,r14,qft,12,0,33,403,42,9.595238095238095
line_27,r14,qft,12,0,44,373,42,8.880952380952381
line_27,r14,qft,12,0,55,343,42,8.166666666666666
line_27,r14,qft,12,1,11,115,42,2.738095238095238
line_27,r14,qft,12,1,22,113,42,2.6904761904761907
line_27,r14,qft,12,1,33,109,42,2.5952380952380953
line_27,r14,qft,12,1,44,107,42,2.5476190476190474
line_27,r14,qft,12,1,55,119,42,2.8333333333333335
line_27,r14,qft,12,3,11,91,42,2.1666666666666665
line_27,r14,qft,12,3,22,91,42,2.1666666666666665
line_27,r14,qft,12,3,33,93,42,2.2142857142857144
line_27,r14,qft,12,3,44,91,42,2.1666666666666665
line_27,r14,qft,12,3,55,97,42,2.3095238095238093
line_27,r14,qft,16,0,11,472,58,8.137931034482758
line_27,r14,qft,16,0,22,501,58,8.637931034482758
line_27,r14,qft,16,0,33,516,58,8.89655172413793
line_27,r14,qft,16,0,44,477,58,8.224137931034482
line_27,r14,qft,16,0,55,453,58,7.810344827586207
line_27,r14,qft,16,1,11,163,58,2.810344827586207
line_27,r14,qft,16,1,22,166,58,2.8620689655172415
line_27,r14,qft,16,1,33,167,58,2.8793103448275863
line_27,r14,qft,16,1,44,179,58,3.086206896551724
line_27,r14,qft,16,1,55,163,58,2.810344827586207
line_27,r14,qft,16,3,11,135,58,2.3275862068965516
line_27,r14,qft,16,3,22,133,58,2.293103448275862
line_27,r14,qft,16,3,33,135,58,2.3275862068965516
line_27,r14,qft,16,3,44,135,58,2.3275862068965516
line_27,r14,qft,16,3,55,115,58,1.9827586206896552
line_27,r14,qft,20,0,11,602,74,8.135135135135135
line_27,r14,qft,20,0,22,704,74,9.513513513513514
line_27,r14,qft,20,0,33,718,74,9.702702702702704
line_27,r14,qft,20,0,44,706,74,9.54054054054054
line_27,r14,qft,20,0,55,628,74,8.486486486486486
line_27,r14,qft,20,1,11,215,74,2.9054054054054053
line_27,r14,qft,20,1,22,221,74,2.9864864864864864
line_27,r14,qft,20,1,33,235,74,3.175675675675676
line_27,r14,qft,20,1,44,227,74,3.0675675675675675
line_27,r14,qft,20,1,55,215,74,2.9054054054054053
line_27,r14,qft,20,3,11,152,74,2.054054054054054
line_27,r14,qft,20,3,22,152,74,2.054054054054054
line_27,r14,qft,20,3,33,163,74,2.2027027027027026
line_27,r14,qft,20,3,44,176,74,2.3783783783783785
line_27,r14,qft,20,3,55,167,74,2.2567567567567566
line_27,r14,qft,24,0,11,955,90,10.61111111111111
line_27,r14,qft,24,0,22,1054,90,11.71111111111111
line_27,r14,qft,24,0,33,764,90,8.488888888888889
line_27,r14,qft,24,0,44,903,90,10.033333333333333
line_27,r14,qft,24,0,55,866,90,9.622222222222222
line_27,r14,qft,24,1,11,255,90,2.8333333333333335
line_27,r14,qft,24,1,22,267,90,2.966666666666667
line_27,r14,qft,24,1,33,267,90,2.966666666666667
line_27,r14,qft,24,1,44,278,90,3.088888888888889
line_27,r14,qft,24,1,55,253,90,2.811111111111111
line_27,r14,qft,24,3,11,191,90,2.1222222222222222
line_27,r14,qft,24,3,22,195,90,2.1666666666666665
line_27,r14,qft,24,3,33,226,90,2.511111111111111
line_27,r14,qft,24,3,44,190,90,2.111111111111111
line_27,r14,qft,24,3,55,210,90,2.3333333333333335
line_27,r14,ghz_chain,4,0,11,54,3,18.0
line_27,r14,ghz_chain,4,0,22,48,3,16.0
line_27,r14,ghz_chain,4,0,33,39,3,13.0
line_27,r14,ghz_chain,4,0,44,42,3,14.0
line_27,r14,ghz_chain,4,0,55,39,3,13.0
line_27,r14,ghz_chain,4,1,11,3,3,1.0
line_27,r14,ghz_chain,4,1,22,3,3,1.0
line_27,r14,ghz_chain,4,1,33,3,3,1.0
line_27,r14,ghz_chain,4,1,44,3,3,1.0
line_27,r14,ghz_chain,4,1,55,3,3,1.0
line_27,r14,ghz_chain,4,3,11,3,3,1.0
line_27,r14,ghz_chain,4,3,22,3,3,1.0
line_27,r14,ghz_chain,4,3,33,3,3,1.0
line_27,r14,ghz_chain,4,3,44,3,3,1.0
line_27,r14,ghz_chain,4,3,55,3,3,1.0
line_27,r14,ghz_chain,8,0,11,112,7,16.0
line_27,r14,ghz_chain,8,0,22,112,7,16.0
line_27,r14,ghz_chain,8,0,33,118,7,16.857142857142858
line_27,r14,ghz_chain,8,0,44,85,7,12.142857142857142
line_27,r14,ghz_chain,8,0,55,97,7,13.857142857142858
line_27,r14,ghz_chain,8,1,11,7,7,1.0
line_27,r14,ghz_chain,8,1,22,7,7,1.0
line_27,r14,ghz_chain,8,1,33,7,7,1.0
line_27,r14,ghz_chain,8,1,44,7,7,1.0
line_27,r14,ghz_chain,8,1,55,7,7,1.0
line_27,r14,ghz_chain,8,3,11,7,7,1.0
line_27,r14,ghz_chain,8,3,22,7,7,1.0
line_27,r14,ghz_chain,8,3,33,7,7,1.0
line_27,r14,ghz_chain,8,3,44,7,7,1.0
line_27,r14,ghz_chain,8,3,55,7,7,1.0
line_27,r14,ghz_chain,12,0,11,161,11,14.636363636363637
line_27,r14,ghz_chain,12,0,22,167,11,15.181818181818182
line_27,r14,ghz_chain,12,0,33,152,11,13.818181818181818
line_27,r14,ghz_chain,12,0,44,167,11,15.181818181818182
line_27,r14,ghz_chain,12,0,55,161,11,14.636363636363637
line_27,r14,ghz_chain,12,1,11,11,11,1.0
line_27,r14,ghz_chain,12,1,22,11,11,1.0
line_27,r14,ghz_chain,12,1,33,11,11,1.0
line_27,r14,ghz_chain,12,1,44,11,11,1.0
line_27,r14,ghz_chain,12,1,55,11,11,1.0
line_27,r14,ghz_chain,12,3,11,11,11,1.0
line_27,r14,ghz_chain,12,3,22,11,11,1.0
line_27,r14,ghz_chain,12,3,33,11,11,1.0
line_27,r14,ghz_chain,12,3,44,11,11,1.0
line_27,r14,ghz_chain,12,3,55,11,11,1.0
line_27,r14,ghz_chain,16,0,11,231,15,15.4
line_27,r14,ghz_chain,16,0,22,225,15,15.0
line_27,r14,ghz_chain,16,0,33,225,15,15.0
line_27,r14,ghz_chain,16,0,44,231,15,15.4
line_27,r14,ghz_chain,16,0,55,213,15,14.2
line_27,r14,ghz_chain,16,1,11,15,15,1.0
line_27,r14,ghz_chain,16,1,22,15,15,1.0
line_27,r14,ghz_chain,16,1,33,15,15,1.0
line_27,r14,ghz_chain,16,1,44,15,15,1.0
line_27,r14,ghz_chain,16,1,55,15,15,1.0
line_27,r14,ghz_chain,16,3,11,15,15,1.0
line_27,r14,ghz_chain,16,3,22,15,15,1.0
line_27,r14,ghz_chain,16,3,33,15,15,1.0
line_27,r14,ghz_chain,16,3,44,15,15,1.0
line_27,r14,ghz_chain,16,3,55,15,15,1.0
line_27,r14,ghz_chain,20,0,11,319,19,16.789473684210527
line_27,r14,ghz_chain,20,0,22,334,19,17.57894736842105
line_27,r14,ghz_chain,20,0,33,286,19,15.052631578947368
line_27,r14,ghz_chain,20,0,44,340,19,17.894736842105264
line_27,r14,ghz_chain,20,0,55,310,19,16.31578947368421
line_27,r14,ghz_chain,20,1,11,19,19,1.0
line_27,r14,ghz_chain,20,1,22,19,19,1.0
line_27,r14,ghz_chain,20,1,33,19,19,1.0
line_27,r14,ghz_chain,20,1,44,19,19,1.0
line_27,r14,ghz_chain,20,1,55,19,19,1.0
line_27,r14,ghz_chain,20,3,11,19,19,1.0
line_27,r14,ghz_chain,20,3,22,19,19,1.0
line_27,r14,ghz_chain,20,3,33,19,19,1.0
line_27,r14,ghz_chain,20,3,44,19,19,1.0
line_27,r14,ghz_chain,20,3,55,19,19,1.0
line_27,r14,ghz_chain,24,0,11,365,23,15.869565217391305
line_27,r14,ghz_chain,24,0,22,376,23,16.347826086956523
line_27,r14,ghz_chain,24,0,33,351,23,15.26086956521739
line_27,r14,ghz_chain,24,0,44,401,23,17.434782608695652
line_27,r14,ghz_chain,24,0,55,356,23,15.478260869565217
line_27,r14,ghz_chain,24,1,11,23,23,1.0
line_27,r14,ghz_chain,24,1,22,23,23,1.0
line_27,r14,ghz_chain,24,1,33,23,23,1.0
line_27,r14,ghz_chain,24,1,44,23,23,1.0
line_27,r14,ghz_chain,24,1,55,23,23,1.0
line_27,r14,ghz_chain,24,3,11,23,23,1.0
line_27,r14,ghz_chain,24,3,22,23,23,1.0
line_27,r14,ghz_chain,24,3,33,23,23,1.0
line_27,r14,ghz_chain,24,3,44,23,23,1.0
line_27,r14,ghz_chain,24,3,55,23,23,1.0
line_27,r14,ghz_star,4,0,11,51,3,17.0
line_27,r14,ghz_star,4,0,22,42,3,14.0
line_27,r14,ghz_star,4,0,33,39,3,13.0
line_27,r14,ghz_star,4,0,44,42,3,14.0
line_27,r14,ghz_star,4,0,55,42,3,14.0
line_27,r14,ghz_star,4,1,11,6,3,2.0
line_27,r14,ghz_star,4,1,22,5,3,1.6666666666666667
line_27,r14,ghz_star,4,1,33,5,3,1.6666666666666667
line_27,r14,ghz_star,4,1,44,6,3,2.0
line_27,r14,ghz_star,4,1,55,6,3,2.0
line_27,r14,ghz_star,4,3,11,6,3,2.0
line_27,r14,ghz_star,4,3,22,6,3,2.0
line_27,r14,ghz_star,4,3,33,4,3,1.3333333333333333
line_27,r14,ghz_star,4,3,44,4,3,1.3333333333333333
line_27,r14,ghz_star,4,3,55,5,3,1.6666666666666667
line_27,r14,ghz_star,8,0,11,76,7,10.857142857142858
line_27,r14,ghz_star,8,0,22,105,7,15.0
line_27,r14,ghz_star,8,0,33,118,7,16.857142857142858
line_27,r14,ghz_star,8,0,44,84,7,12.0
line_27,r14,ghz_star,8,0,55,91,7,13.0
line_27,r14,ghz_star,8,1,11,28,7,4.0
line_27,r14,ghz_star,8,1,22,28,7,4.0
line_27,r14,ghz_star,8,1,33,28,7,4.0
line_27,r14,ghz_star,8,1,44,31,7,4.428571428571429
line_27,r14,ghz_star,8,1,55,28,7,4.0
line_27,r14,ghz_star,8,3,11,20,7,2.857142857142857
line_27,r14,ghz_star,8,3,22,27,7,3.857142857142857
line_27,r14,ghz_star,8,3,33,23,7,3.2857142857142856
line_27,r14,ghz_star,8,3,44,19,7,2.7142857142857144
line_27,r14,ghz_star,8,3,55,18,7,2.5714285714285716
line_27,r14,ghz_star,12,0,11,149,11,13.545454545454545
line_27,r14,ghz_star,12,0,22,160,11,14.545454545454545
line_27,r14,ghz_star,12,0,33,149,11,13.545454545454545
line_27,r14,ghz_star,12,0,44,155,11,14.090909090909092
line_27,r14,ghz_star,12,0,55,145,11,13.181818181818182
line_27,r14,ghz_star,12,1,11,71,11,6.454545454545454
line_27,r14,ghz_star,12,1,22,65,11,5.909090909090909
line_27,r14,ghz_star,12,1,33,55,11,5.0
line_27,r14,ghz_star,12,1,44,58,11,5.2727272727272725
line_27,r14,ghz_star,12,1,55,77,11,7.0
line_27,r14,ghz_star,12,3,11,53,11,4.818181818181818
line_27,r14,ghz_star,12,3,22,41,11,3.727272727272727
line_27,r14,ghz_star,12,3,33,43,11,3.909090909090909
line_27,r14,ghz_star,12,3,44,41,11,3.727272727272727
line_27,r14,ghz_star,12,3,55,39,11,3.5454545454545454
line_27,r14,ghz_star,16,0,11,222,15,14.8
line_27,r14,ghz_star,16,0,22,200,15,13.333333333333334
line_27,r14,ghz_star,16,0,33,201,15,13.4
line_27,r14,ghz_star,16,0,44,218,15,14.533333333333333
line_27,r14,ghz_star,16,0,55,188,15,12.533333333333333
line_27,r14,ghz_star,16,1,11,98,15,6.533333333333333
line_27,r14,ghz_star,16,1,22,104,15,6.933333333333334
line_27,r14,ghz_star,16,1,33,68,15,4.533333333333333
line_27,r14,ghz_star,16,1,44,82,15,5.466666666666667
line_27,r14,ghz_star,16,1,55,101,15,6.733333333333333
line_27,r14,ghz_star,16,3,11,72,15,4.8
line_27,r14,ghz_star,16,3,22,62,15,4.133333333333334
line_27,r14,ghz_star,16,3,33,57,15,3.8
line_27,r14,ghz_star,16,3,44,74,15,4.933333333333334
line_27,r14,ghz_star,16,3,55,68,15,4.533333333333333
line_27,r14,ghz_star,20,0,11,306,19,16.105263157894736
line_27,r14,ghz_star,20,0,22,282,19,14.842105263157896
line_27,r14,ghz_star,20,0,33,300,19,15.789473684210526
line_27,r14,ghz_star,20,0,44,282,19,14.842105263157896
line_27,r14,ghz_star,20,0,55,255,19,13.421052631578947
line_27,r14,ghz_star,20,1,11,79,19,4.157894736842105
line_27,r14,ghz_star,20,1,22,126,19,6.631578947368421
line_27,r14,ghz_star,20,1,33,86,19,4.526315789473684
line_27,r14,ghz_star,20,1,44,133,19,7.0
line_27,r14,ghz_star,20,1,55,79,19,4.157894736842105
line_27,r14,ghz_star,20,3,11,84,19,4.421052631578948
line_27,r14,ghz_star,20,3,22,115,19,6.052631578947368
line_27,r14,ghz_star,20,3,33,73,19,3.8421052631578947
line_27,r14,ghz_star,20,3,44,99,19,5.2105263157894735
line_27,r14,ghz_star,20,3,55,86,19,4.526315789473684
line_27,r14,ghz_star,24,0,11,353,23,15.347826086956522
line_27,r14,ghz_star,24,0,22,369,23,16.043478260869566
line_27,r14,ghz_star,24,0,33,367,23,15.956521739130435
line_27,r14,ghz_star,24,0,44,346,23,15.043478260869565
line_27,r14,ghz_star,24,0,55,328,23,14.26086956521739
line_27,r14,ghz_star,24,1,11,95,23,4.130434782608695
line_27,r14,ghz_star,24,1,22,154,23,6.695652173913044
line_27,r14,ghz_star,24,1,33,159,23,6.913043478260869
line_27,r14,ghz_star,24,1,44,95,23,4.130434782608695
line_27,r14,ghz_star,24,1,55,98,23,4.260869565217392
line_27,r14,ghz_star,24,3,11,129,23,5.608695652173913
line_27,r14,ghz_star,24,3,22,144,23,6.260869565217392
line_27,r14,ghz_star,24,3,33,141,23,6.130434782608695
line_27,r14,ghz_star,24,3,44,156,23,6.782608695652174
line_27,r14,ghz_star,24,3,55,133,23,5.782608695652174
line_27,r14,efficient_su2,4,0,11,70,8,8.75
line_27,r14,efficient_su2,4,0,22,72,8,9.0
line_27,r14,efficient_su2,4,0,33,64,8,8.0
line_27,r14,efficient_su2,4,0,44,56,8,7.0
line_27,r14,efficient_su2,4,0,55,51,8,6.375
line_27,r14,efficient_su2,4,1,11,18,8,2.25
line_27,r14,efficient_su2,4,1,22,17,8,2.125
line_27,r14,efficient_su2,4,1,33,17,8,2.125
line_27,r14,efficient_su2,4,1,44,17,8,2.125
line_27,r14,efficient_su2,4,1,55,16,8,2.0
line_27,r14,efficient_su2,4,3,11,14,8,1.75
line_27,r14,efficient_su2,4,3,22,16,8,2.0
line_27,r14,efficient_su2,4,3,33,14,8,1.75
line_27,r14,efficient_su2,4,3,44,14,8,1.75
line_27,r14,efficient_su2,4,3,55,14,8,1.75
line_27,r14,efficient_su2,8,0,11,165,16,10.3125
line_27,r14,efficient_su2,8,0,22,188,16,11.75
line_27,r14,efficient_su2,8,0,33,164,16,10.25
line_27,r14,efficient_su2,8,0,44,154,16,9.625
line_27,r14,efficient_su2,8,0,55,196,16,12.25
line_27,r14,efficient_su2,8,1,11,50,16,3.125
line_27,r14,efficient_su2,8,1,22,50,16,3.125
line_27,r14,efficient_su2,8,1,33,50,16,3.125
line_27,r14,efficient_su2,8,1,44,50,16,3.125
line_27,r14,efficient_su2,8,1,55,50,16,3.125
line_27,r14,efficient_su2,8,3,11,46,16,2.875
line_27,r14,efficient_su2,8,3,22,46,16,2.875
line_27,r14,efficient_su2,8,3,33,46,16,2.875
line_27,r14,efficient_su2,8,3,44,46,16,2.875
line_27,r14,efficient_su2,8,3,55,46,16,2.875
line_27,r14,efficient_su2,12,0,11,225,24,9.375
line_27,r14,efficient_su2,12,0,22,256,24,10.666666666666666
line_27,r14,efficient_su2,12,0,33,272,24,11.333333333333334
line_27,r14,efficient_su2,12,0,44,279,24,11.625
line_27,r14,efficient_su2,12,0,55,261,24,10.875
line_27,r14,efficient_su2,12,1,11,82,24,3.4166666666666665
line_27,r14,efficient_su2,12,1,22,82,24,3.4166666666666665
line_27,r14,efficient_su2,12,1,33,82,24,3.4166666666666665
line_27,r14,efficient_su2,12,1,44,82,24,3.4166666666666665
line_27,r14,efficient_su2,12,1,55,82,24,3.4166666666666665
line_27,r14,efficient_su2,12,3,11,78,24,3.25
line_27,r14,efficient_su2,12,3,22,78,24,3.25
line_27,r14,efficient_su2,12,3,33,78,24,3.25
line_27,r14,efficient_su2,12,3,44,78,24,3.25
line_27,r14,efficient_su2,12,3,55,78,24,3.25
line_27,r14,efficient_su2,16,0,11,362,32,11.3125
line_27,r14,efficient_su2,16,0,22,328,32,10.25
line_27,r14,efficient_su2,16,0,33,347,32,10.84375
line_27,r14,efficient_su2,16,0,44,353,32,11.03125
line_27,r14,efficient_su2,16,0,55,334,32,10.4375
line_27,r14,efficient_su2,16,1,11,114,32,3.5625
line_27,r14,efficient_su2,16,1,22,114,32,3.5625
line_27,r14,efficient_su2,16,1,33,114,32,3.5625
line_27,r14,efficient_su2,16,1,44,114,32,3.5625
line_27,r14,efficient_su2,16,1,55,114,32,3.5625
line_27,r14,efficient_su2,16,3,11,110,32,3.4375
line_27,r14,efficient_su2,16,3,22,110,32,3.4375
line_27,r14,efficient_su2,16,3,33,110,32,3.4375
line_27,r14,efficient_su2,16,3,44,110,32,3.4375
line_27,r14,efficient_su2,16,3,55,110,32,3.4375
line_27,r14,efficient_su2,20,0,11,485,40,12.125
line_27,r14,efficient_su2,20,0,22,529,40,13.225
line_27,r14,efficient_su2,20,0,33,525,40,13.125
line_27,r14,efficient_su2,20,0,44,504,40,12.6
line_27,r14,efficient_su2,20,0,55,525,40,13.125
line_27,r14,efficient_su2,20,1,11,154,40,3.85
line_27,r14,efficient_su2,20,1,22,154,40,3.85
line_27,r14,efficient_su2,20,1,33,154,40,3.85
line_27,r14,efficient_su2,20,1,44,154,40,3.85
line_27,r14,efficient_su2,20,1,55,154,40,3.85
line_27,r14,efficient_su2,20,3,11,146,40,3.65
line_27,r14,efficient_su2,20,3,22,146,40,3.65
line_27,r14,efficient_su2,20,3,33,146,40,3.65
line_27,r14,efficient_su2,20,3,44,146,40,3.65
line_27,r14,efficient_su2,20,3,55,146,40,3.65
line_27,r14,efficient_su2,24,0,11,613,48,12.770833333333334
line_27,r14,efficient_su2,24,0,22,646,48,13.458333333333334
line_27,r14,efficient_su2,24,0,33,657,48,13.6875
line_27,r14,efficient_su2,24,0,44,652,48,13.583333333333334
line_27,r14,efficient_su2,24,0,55,586,48,12.208333333333334
line_27,r14,efficient_su2,24,1,11,186,48,3.875
line_27,r14,efficient_su2,24,1,22,186,48,3.875
line_27,r14,efficient_su2,24,1,33,186,48,3.875
line_27,r14,efficient_su2,24,1,44,186,48,3.875
line_27,r14,efficient_su2,24,1,55,186,48,3.875
line_27,r14,efficient_su2,24,3,11,178,48,3.7083333333333335
line_27,r14,efficient_su2,24,3,22,178,48,3.7083333333333335
line_27,r14,efficient_su2,24,3,33,178,48,3.7083333333333335
line_27,r14,efficient_su2,24,3,44,178,48,3.7083333333333335
line_27,r14,efficient_su2,24,3,55,178,48,3.7083333333333335
line_27,r15,qft,4,0,11,37,10,3.7
line_27,r15,qft,4,0,22,36,10,3.6
line_27,r15,qft,4,0,33,36,10,3.6
line_27,r15,qft,4,0,44,37,10,3.7
line_27,r15,qft,4,0,55,34,10,3.4
line_27,r15,qft,4,1,11,19,10,1.9
line_27,r15,qft,4,1,22,19,10,1.9
line_27,r15,qft,4,1,33,19,10,1.9
line_27,r15,qft,4,1,44,19,10,1.9
line_27,r15,qft,4,1,55,19,10,1.9
line_27,r15,qft,4,3,11,17,10,1.7
line_27,r15,qft,4,3,22,15,10,1.5
line_27,r15,qft,4,3,33,15,10,1.5
line_27,r15,qft,4,3,44,15,10,1.5
line_27,r15,qft,4,3,55,15,10,1.5
line_27,r15,qft,8,0,11,143,26,5.5
line_27,r15,qft,8,0,22,149,26,5.730769230769231
line_27,r15,qft,8,0,33,180,26,6.923076923076923
line_27,r15,qft,8,0,44,165,26,6.346153846153846
line_27,r15,qft,8,0,55,180,26,6.923076923076923
line_27,r15,qft,8,1,11,63,26,2.423076923076923
line_27,r15,qft,8,1,22,68,26,2.6153846153846154
line_27,r15,qft,8,1,33,70,26,2.6923076923076925
line_27,r15,qft,8,1,44,63,26,2.423076923076923
line_27,r15,qft,8,1,55,69,26,2.6538461538461537
line_27,r15,qft,8,3,11,52,26,2.0
line_27,r15,qft,8,3,22,52,26,2.0
line_27,r15,qft,8,3,33,57,26,2.1923076923076925
line_27,r15,qft,8,3,44,49,26,1.8846153846153846
line_27,r15,qft,8,3,55,57,26,2.1923076923076925
line_27,r15,qft,12,0,11,275,42,6.5476190476190474
line_27,r15,qft,12,0,22,273,42,6.5
line_27,r15,qft,12,0,33,292,42,6.9523809523809526
line_27,r15,qft,12,0,44,253,42,6.023809523809524
line_27,r15,qft,12,0,55,258,42,6.142857142857143
line_27,r15,qft,12,1,11,119,42,2.8333333333333335
line_27,r15,qft,12,1,22,115,42,2.738095238095238
line_27,r15,qft,12,1,33,127,42,3.0238095238095237
line_27,r15,qft,12,1,44,119,42,2.8333333333333335
line_27,r15,qft,12,1,55,117,42,2.7857142857142856
line_27,r15,qft,12,3,11,91,42,2.1666666666666665
line_27,r15,qft,12,3,22,91,42,2.1666666666666665
line_27,r15,qft,12,3,33,93,42,2.2142857142857144
line_27,r15,qft,12,3,44,94,42,2.238095238095238
line_27,r15,qft,12,3,55,93,42,2.2142857142857144
line_27,r15,qft,16,0,11,479,58,8.258620689655173
line_27,r15,qft,16,0,22,512,58,8.827586206896552
line_27,r15,qft,16,0,33,474,58,8.172413793103448
line_27,r15,qft,16,0,44,492,58,8.482758620689655
line_27,r15,qft,16,0,55,545,58,9.39655172413793
line_27,r15,qft,16,1,11,165,58,2.8448275862068964
line_27,r15,qft,16,1,22,165,58,2.8448275862068964
line_27,r15,qft,16,1,33,173,58,2.9827586206896552
line_27,r15,qft,16,1,44,163,58,2.810344827586207
line_27,r15,qft,16,1,55,171,58,2.9482758620689653
line_27,r15,qft,16,3,11,127,58,2.189655172413793
line_27,r15,qft,16,3,22,129,58,2.2241379310344827
line_27,r15,qft,16,3,33,117,58,2.0172413793103448
line_27,r15,qft,16,3,44,137,58,2.3620689655172415
line_27,r15,qft,16,3,55,115,58,1.9827586206896552
line_27,r15,qft,20,0,11,688,74,9.297297297297296
line_27,r15,qft,20,0,22,638,74,8.621621621621621
line_27,r15,qft,20,0,33,726,74,9.81081081081081
line_27,r15,qft,20,0,44,720,74,9.72972972972973
line_27,r15,qft,20,0,55,750,74,10.135135135135135
line_27,r15,qft,20,1,11,211,74,2.8513513513513513
line_27,r15,qft,20,1,22,223,74,3.0135135135135136
line_27,r15,qft,20,1,33,221,74,2.9864864864864864
line_27,r15,qft,20,1,44,229,74,3.0945945945945947
line_27,r15,qft,20,1,55,223,74,3.0135135135135136
line_27,r15,qft,20,3,11,161,74,2.175675675675676
line_27,r15,qft,20,3,22,161,74,2.175675675675676
line_27,r15,qft,20,3,33,177,74,2.391891891891892
line_27,r15,qft,20,3,44,177,74,2.391891891891892
line_27,r15,qft,20,3,55,159,74,2.1486486486486487
line_27,r15,qft,24,0,11,667,90,7.411111111111111
line_27,r15,qft,24,0,22,843,90,9.366666666666667
line_27,r15,qft,24,0,33,846,90,9.4
line_27,r15,qft,24,0,44,935,90,10.38888888888889
line_27,r15,qft,24,0,55,813,90,9.033333333333333
line_27,r15,qft,24,1,11,279,90,3.1
line_27,r15,qft,24,1,22,269,90,2.988888888888889
line_27,r15,qft,24,1,33,267,90,2.966666666666667
line_27,r15,qft,24,1,44,269,90,2.988888888888889
line_27,r15,qft,24,1,55,261,90,2.9
line_27,r15,qft,24,3,11,180,90,2.0
line_27,r15,qft,24,3,22,182,90,2.022222222222222
line_27,r15,qft,24,3,33,197,90,2.188888888888889
line_27,r15,qft,24,3,44,186,90,2.066666666666667
line_27,r15,qft,24,3,55,202,90,2.2444444444444445
line_27,r15,ghz_chain,4,0,11,27,3,9.0
line_27,r15,ghz_chain,4,0,22,27,3,9.0
line_27,r15,ghz_chain,4,0,33,27,3,9.0
line_27,r15,ghz_chain,4,0,44,24,3,8.0
line_27,r15,ghz_chain,4,0,55,27,3,9.0
line_27,r15,ghz_chain,4,1,11,3,3,1.0
line_27,r15,ghz_chain,4,1,22,3,3,1.0
line_27,r15,ghz_chain,4,1,33,3,3,1.0
line_27,r15,ghz_chain,4,1,44,3,3,1.0
line_27,r15,ghz_chain,4,1,55,3,3,1.0
line_27,r15,ghz_chain,4,3,11,3,3,1.0
line_27,r15,ghz_chain,4,3,22,3,3,1.0
line_27,r15,ghz_chain,4,3,33,3,3,1.0
line_27,r15,ghz_chain,4,3,44,3,3,1.0
line_27,r15,ghz_chain,4,3,55,3,3,1.0
line_27,r15,ghz_chain,8,0,11,94,7,13.428571428571429
line_27,r15,ghz_chain,8,0,22,85,7,12.142857142857142
line_27,r15,ghz_chain,8,0,33,100,7,14.285714285714286
line_27,r15,ghz_chain,8,0,44,76,7,10.857142857142858
line_27,r15,ghz_chain,8,0,55,82,7,11.714285714285714
line_27,r15,ghz_chain,8,1,11,7,7,1.0
line_27,r15,ghz_chain,8,1,22,7,7,1.0
line_27,r15,ghz_chain,8,1,33,7,7,1.0
line_27,r15,ghz_chain,8,1,44,7,7,1.0
line_27,r15,ghz_chain,8,1,55,7,7,1.0
line_27,r15,ghz_chain,8,3,11,7,7,1.0
line_27,r15,ghz_chain,8,3,22,7,7,1.0
line_27,r15,ghz_chain,8,3,33,7,7,1.0
line_27,r15,ghz_chain,8,3,44,7,7,1.0
line_27,r15,ghz_chain,8,3,55,7,7,1.0
line_27,r15,ghz_chain,12,0,11,134,11,12.181818181818182
line_27,r15,ghz_chain,12,0,22,152,11,13.818181818181818
line_27,r15,ghz_chain,12,0,33,143,11,13.0
line_27,r15,ghz_chain,12,0,44,119,11,10.818181818181818
line_27,r15,ghz_chain,12,0,55,140,11,12.727272727272727
line_27,r15,ghz_chain,12,1,11,11,11,1.0
line_27,r15,ghz_chain,12,1,22,11,11,1.0
line_27,r15,ghz_chain,12,1,33,11,11,1.0
line_27,r15,ghz_chain,12,1,44,11,11,1.0
line_27,r15,ghz_chain,12,1,55,11,11,1.0
line_27,r15,ghz_chain,12,3,11,11,11,1.0
line_27,r15,ghz_chain,12,3,22,11,11,1.0
line_27,r15,ghz_chain,12,3,33,11,11,1.0
line_27,r15,ghz_chain,12,3,44,11,11,1.0
line_27,r15,ghz_chain,12,3,55,11,11,1.0
line_27,r15,ghz_chain,16,0,11,189,15,12.6
line_27,r15,ghz_chain,16,0,22,222,15,14.8
line_27,r15,ghz_chain,16,0,33,216,15,14.4
line_27,r15,ghz_chain,16,0,44,189,15,12.6
line_27,r15,ghz_chain,16,0,55,201,15,13.4
line_27,r15,ghz_chain,16,1,11,15,15,1.0
line_27,r15,ghz_chain,16,1,22,15,15,1.0
line_27,r15,ghz_chain,16,1,33,15,15,1.0
line_27,r15,ghz_chain,16,1,44,15,15,1.0
line_27,r15,ghz_chain,16,1,55,15,15,1.0
line_27,r15,ghz_chain,16,3,11,15,15,1.0
line_27,r15,ghz_chain,16,3,22,15,15,1.0
line_27,r15,ghz_chain,16,3,33,15,15,1.0
line_27,r15,ghz_chain,16,3,44,15,15,1.0
line_27,r15,ghz_chain,16,3,55,15,15,1.0
line_27,r15,ghz_chain,20,0,11,235,19,12.368421052631579
line_27,r15,ghz_chain,20,0,22,280,19,14.736842105263158
line_27,r15,ghz_chain,20,0,33,262,19,13.789473684210526
line_27,r15,ghz_chain,20,0,44,253,19,13.31578947368421
line_27,r15,ghz_chain,20,0,55,280,19,14.736842105263158
line_27,r15,ghz_chain,20,1,11,19,19,1.0
line_27,r15,ghz_chain,20,1,22,19,19,1.0
line_27,r15,ghz_chain,20,1,33,19,19,1.0
line_27,r15,ghz_chain,20,1,44,19,19,1.0
line_27,r15,ghz_chain,20,1,55,19,19,1.0
line_27,r15,ghz_chain,20,3,11,19,19,1.0
line_27,r15,ghz_chain,20,3,22,19,19,1.0
line_27,r15,ghz_chain,20,3,33,19,19,1.0
line_27,r15,ghz_chain,20,3,44,19,19,1.0
line_27,r15,ghz_chain,20,3,55,19,19,1.0
line_27,r15,ghz_chain,24,0,11,296,23,12.869565217391305
line_27,r15,ghz_chain,24,0,22,329,23,14.304347826086957
line_27,r15,ghz_chain,24,0,33,299,23,13.0
line_27,r15,ghz_chain,24,0,44,320,23,13.91304347826087
line_27,r15,ghz_chain,24,0,55,365,23,15.869565217391305
line_27,r15,ghz_chain,24,1,11,23,23,1.0
line_27,r15,ghz_chain,24,1,22,23,23,1.0
line_27,r15,ghz_chain,24,1,33,23,23,1.0
line_27,r15,ghz_chain,24,1,44,23,23,1.0
line_27,r15,ghz_chain,24,1,55,23,23,1.0
line_27,r15,ghz_chain,24,3,11,23,23,1.0
line_27,r15,ghz_chain,24,3,22,23,23,1.0
line_27,r15,ghz_chain,24,3,33,23,23,1.0
line_27,r15,ghz_chain,24,3,44,23,23,1.0
line_27,r15,ghz_chain,24,3,55,23,23,1.0
line_27,r15,ghz_star,4,0,11,35,3,11.666666666666666
line_27,r15,ghz_star,4,0,22,33,3,11.0
line_27,r15,ghz_star,4,0,33,30,3,10.0
line_27,r15,ghz_star,4,0,44,36,3,12.0
line_27,r15,ghz_star,4,0,55,30,3,10.0
line_27,r15,ghz_star,4,1,11,6,3,2.0
line_27,r15,ghz_star,4,1,22,5,3,1.6666666666666667
line_27,r15,ghz_star,4,1,33,6,3,2.0
line_27,r15,ghz_star,4,1,44,6,3,2.0
line_27,r15,ghz_star,4,1,55,5,3,1.6666666666666667
line_27,r15,ghz_star,4,3,11,6,3,2.0
line_27,r15,ghz_star,4,3,22,5,3,1.6666666666666667
line_27,r15,ghz_star,4,3,33,4,3,1.3333333333333333
line_27,r15,ghz_star,4,3,44,6,3,2.0
line_27,r15,ghz_star,4,3,55,5,3,1.6666666666666667
line_27,r15,ghz_star,8,0,11,96,7,13.714285714285714
line_27,r15,ghz_star,8,0,22,91,7,13.0
line_27,r15,ghz_star,8,0,33,103,7,14.714285714285714
line_27,r15,ghz_star,8,0,44,79,7,11.285714285714286
line_27,r15,ghz_star,8,0,55,97,7,13.857142857142858
line_27,r15,ghz_star,8,1,11,28,7,4.0
line_27,r15,ghz_star,8,1,22,19,7,2.7142857142857144
line_27,r15,ghz_star,8,1,33,19,7,2.7142857142857144
line_27,r15,ghz_star,8,1,44,26,7,3.7142857142857144
line_27,r15,ghz_star,8,1,55,25,7,3.5714285714285716
line_27,r15,ghz_star,8,3,11,23,7,3.2857142857142856
line_27,r15,ghz_star,8,3,22,26,7,3.7142857142857144
line_27,r15,ghz_star,8,3,33,24,7,3.4285714285714284
line_27,r15,ghz_star,8,3,44,23,7,3.2857142857142856
line_27,r15,ghz_star,8,3,55,22,7,3.142857142857143
line_27,r15,ghz_star,12,0,11,139,11,12.636363636363637
line_27,r15,ghz_star,12,0,22,155,11,14.090909090909092
line_27,r15,ghz_star,12,0,33,146,11,13.272727272727273
line_27,r15,ghz_star,12,0,44,124,11,11.272727272727273
line_27,r15,ghz_star,12,0,55,140,11,12.727272727272727
line_27,r15,ghz_star,12,1,11,52,11,4.7272727272727275
line_27,r15,ghz_star,12,1,22,71,11,6.454545454545454
line_27,r15,ghz_star,12,1,33,74,11,6.7272727272727275
line_27,r15,ghz_star,12,1,44,61,11,5.545454545454546
line_27,r15,ghz_star,12,1,55,79,11,7.181818181818182
line_27,r15,ghz_star,12,3,11,45,11,4.090909090909091
line_27,r15,ghz_star,12,3,22,58,11,5.2727272727272725
line_27,r15,ghz_star,12,3,33,40,11,3.6363636363636362
line_27,r15,ghz_star,12,3,44,52,11,4.7272727272727275
line_27,r15,ghz_star,12,3,55,45,11,4.090909090909091
line_27,r15,ghz_star,16,0,11,194,15,12.933333333333334
line_27,r15,ghz_star,16,0,22,222,15,14.8
line_27,r15,ghz_star,16,0,33,210,15,14.0
line_27,r15,ghz_star,16,0,44,194,15,12.933333333333334
line_27,r15,ghz_star,16,0,55,210,15,14.0
line_27,r15,ghz_star,16,1,11,92,15,6.133333333333334
line_27,r15,ghz_star,16,1,22,117,15,7.8
line_27,r15,ghz_star,16,1,33,117,15,7.8
line_27,r15,ghz_star,16,1,44,95,15,6.333333333333333
line_27,r15,ghz_star,16,1,55,99,15,6.6
line_27,r15,ghz_star,16,3,11,75,15,5.0
line_27,r15,ghz_star,16,3,22,71,15,4.733333333333333
line_27,r15,ghz_star,16,3,33,73,15,4.866666666666666
line_27,r15,ghz_star,16,3,44,72,15,4.8
line_27,r15,ghz_star,16,3,55,71,15,4.733333333333333
line_27,r15,ghz_star,20,0,11,246,19,12.947368421052632
line_27,r15,ghz_star,20,0,22,277,19,14.578947368421053
line_27,r15,ghz_star,20,0,33,271,19,14.263157894736842
line_27,r15,ghz_star,20,0,44,249,19,13.105263157894736
line_27,r15,ghz_star,20,0,55,298,19,15.68421052631579
line_27,r15,ghz_star,20,1,11,136,19,7.157894736842105
line_27,r15,ghz_star,20,1,22,140,19,7.368421052631579
line_27,r15,ghz_star,20,1,33,157,19,8.263157894736842
line_27,r15,ghz_star,20,1,44,137,19,7.2105263157894735
line_27,r15,ghz_star,20,1,55,159,19,8.368421052631579
line_27,r15,ghz_star,20,3,11,111,19,5.842105263157895
line_27,r15,ghz_star,20,3,22,114,19,6.0
line_27,r15,ghz_star,20,3,33,97,19,5.105263157894737
line_27,r15,ghz_star,20,3,44,96,19,5.052631578947368
line_27,r15,ghz_star,20,3,55,93,19,4.894736842105263
line_27,r15,ghz_star,24,0,11,307,23,13.347826086956522
line_27,r15,ghz_star,24,0,22,341,23,14.826086956521738
line_27,r15,ghz_star,24,0,33,296,23,12.869565217391305
line_27,r15,ghz_star,24,0,44,322,23,14.0
line_27,r15,ghz_star,24,0,55,362,23,15.73913043478261
line_27,r15,ghz_star,24,1,11,194,23,8.434782608695652
line_27,r15,ghz_star,24,1,22,227,23,9.869565217391305
line_27,r15,ghz_star,24,1,33,181,23,7.869565217391305
line_27,r15,ghz_star,24,1,44,159,23,6.913043478260869
line_27,r15,ghz_star,24,1,55,175,23,7.608695652173913
line_27,r15,ghz_star,24,3,11,126,23,5.478260869565218
line_27,r15,ghz_star,24,3,22,157,23,6.826086956521739
line_27,r15,ghz_star,24,3,33,156,23,6.782608695652174
line_27,r15,ghz_star,24,3,44,136,23,5.913043478260869
line_27,r15,ghz_star,24,3,55,117,23,5.086956521739131
line_27,r15,efficient_su2,4,0,11,48,8,6.0
line_27,r15,efficient_su2,4,0,22,55,8,6.875
line_27,r15,efficient_su2,4,0,33,58,8,7.25
line_27,r15,efficient_su2,4,0,44,45,8,5.625
line_27,r15,efficient_su2,4,0,55,48,8,6.0
line_27,r15,efficient_su2,4,1,11,17,8,2.125
line_27,r15,efficient_su2,4,1,22,17,8,2.125
line_27,r15,efficient_su2,4,1,33,16,8,2.0
line_27,r15,efficient_su2,4,1,44,17,8,2.125
line_27,r15,efficient_su2,4,1,55,17,8,2.125
line_27,r15,efficient_su2,4,3,11,17,8,2.125
line_27,r15,efficient_su2,4,3,22,16,8,2.0
line_27,r15,efficient_su2,4,3,33,14,8,1.75
line_27,r15,efficient_su2,4,3,44,14,8,1.75
line_27,r15,efficient_su2,4,3,55,14,8,1.75
line_27,r15,efficient_su2,8,0,11,137,16,8.5625
line_27,r15,efficient_su2,8,0,22,181,16,11.3125
line_27,r15,efficient_su2,8,0,33,157,16,9.8125
line_27,r15,efficient_su2,8,0,44,160,16,10.0
line_27,r15,efficient_su2,8,0,55,142,16,8.875
line_27,r15,efficient_su2,8,1,11,50,16,3.125
line_27,r15,efficient_su2,8,1,22,50,16,3.125
line_27,r15,efficient_su2,8,1,33,50,16,3.125
line_27,r15,efficient_su2,8,1,44,50,16,3.125
line_27,r15,efficient_su2,8,1,55,50,16,3.125
line_27,r15,efficient_su2,8,3,11,46,16,2.875
line_27,r15,efficient_su2,8,3,22,46,16,2.875
line_27,r15,efficient_su2,8,3,33,46,16,2.875
line_27,r15,efficient_su2,8,3,44,46,16,2.875
line_27,r15,efficient_su2,8,3,55,46,16,2.875
line_27,r15,efficient_su2,12,0,11,270,24,11.25
line_27,r15,efficient_su2,12,0,22,317,24,13.208333333333334
line_27,r15,efficient_su2,12,0,33,262,24,10.916666666666666
line_27,r15,efficient_su2,12,0,44,282,24,11.75
line_27,r15,efficient_su2,12,0,55,276,24,11.5
line_27,r15,efficient_su2,12,1,11,82,24,3.4166666666666665
line_27,r15,efficient_su2,12,1,22,82,24,3.4166666666666665
line_27,r15,efficient_su2,12,1,33,82,24,3.4166666666666665
line_27,r15,efficient_su2,12,1,44,82,24,3.4166666666666665
line_27,r15,efficient_su2,12,1,55,82,24,3.4166666666666665
line_27,r15,efficient_su2,12,3,11,78,24,3.25
line_27,r15,efficient_su2,12,3,22,78,24,3.25
line_27,r15,efficient_su2,12,3,33,78,24,3.25
line_27,r15,efficient_su2,12,3,44,78,24,3.25
line_27,r15,efficient_su2,12,3,55,78,24,3.25
line_27,r15,efficient_su2,16,0,11,285,32,8.90625
line_27,r15,efficient_su2,16,0,22,300,32,9.375
line_27,r15,efficient_su2,16,0,33,323,32,10.09375
line_27,r15,efficient_su2,16,0,44,327,32,10.21875
line_27,r15,efficient_su2,16,0,55,285,32,8.90625
line_27,r15,efficient_su2,16,1,11,114,32,3.5625
line_27,r15,efficient_su2,16,1,22,114,32,3.5625
line_27,r15,efficient_su2,16,1,33,114,32,3.5625
line_27,r15,efficient_su2,16,1,44,114,32,3.5625
line_27,r15,efficient_su2,16,1,55,114,32,3.5625
line_27,r15,efficient_su2,16,3,11,110,32,3.4375
line_27,r15,efficient_su2,16,3,22,110,32,3.4375
line_27,r15,efficient_su2,16,3,33,110,32,3.4375
line_27,r15,efficient_su2,16,3,44,110,32,3.4375
line_27,r15,efficient_su2,16,3,55,110,32,3.4375
line_27,r15,efficient_su2,20,0,11,408,40,10.2
line_27,r15,efficient_su2,20,0,22,480,40,12.0
line_27,r15,efficient_su2,20,0,33,518,40,12.95
line_27,r15,efficient_su2,20,0,44,439,40,10.975
line_27,r15,efficient_su2,20,0,55,438,40,10.95
line_27,r15,efficient_su2,20,1,11,146,40,3.65
line_27,r15,efficient_su2,20,1,22,146,40,3.65
line_27,r15,efficient_su2,20,1,33,146,40,3.65
line_27,r15,efficient_su2,20,1,44,146,40,3.65
line_27,r15,efficient_su2,20,1,55,146,40,3.65
line_27,r15,efficient_su2,20,3,11,142,40,3.55
line_27,r15,efficient_su2,20,3,22,142,40,3.55
line_27,r15,efficient_su2,20,3,33,142,40,3.55
line_27,r15,efficient_su2,20,3,44,142,40,3.55
line_27,r15,efficient_su2,20,3,55,142,40,3.55
line_27,r15,efficient_su2,24,0,11,627,48,13.0625
line_27,r15,efficient_su2,24,0,22,653,48,13.604166666666666
line_27,r15,efficient_su2,24,0,33,676,48,14.083333333333334
line_27,r15,efficient_su2,24,0,44,613,48,12.770833333333334
line_27,r15,efficient_su2,24,0,55,600,48,12.5
line_27,r15,efficient_su2,24,1,11,187,48,3.8958333333333335
line_27,r15,efficient_su2,24,1,22,183,48,3.8125
line_27,r15,efficient_su2,24,1,33,183,48,3.8125
line_27,r15,efficient_su2,24,1,44,187,48,3.8958333333333335
line_27,r15,efficient_su2,24,1,55,183,48,3.8125
line_27,r15,efficient_su2,24,3,11,174,48,3.625
line_27,r15,efficient_su2,24,3,22,179,48,3.7291666666666665
line_27,r15,efficient_su2,24,3,33,175,48,3.6458333333333335
line_27,r15,efficient_su2,24,3,44,175,48,3.6458333333333335
line_27,r15,efficient_su2,24,3,55,179,48,3.7291666666666665
line_27,r16,qft,4,0,11,64,10,6.4
line_27,r16,qft,4,0,22,67,10,6.7
line_27,r16,qft,4,0,33,58,10,5.8
line_27,r16,qft,4,0,44,61,10,6.1
line_27,r16,qft,4,0,55,67,10,6.7
line_27,r16,qft,4,1,11,19,10,1.9
line_27,r16,qft,4,1,22,19,10,1.9
line_27,r16,qft,4,1,33,19,10,1.9
line_27,r16,qft,4,1,44,19,10,1.9
line_27,r16,qft,4,1,55,19,10,1.9
line_27,r16,qft,4,3,11,15,10,1.5
line_27,r16,qft,4,3,22,17,10,1.7
line_27,r16,qft,4,3,33,17,10,1.7
line_27,r16,qft,4,3,44,17,10,1.7
line_27,r16,qft,4,3,55,17,10,1.7
line_27,r16,qft,8,0,11,195,26,7.5
line_27,r16,qft,8,0,22,189,26,7.269230769230769
line_27,r16,qft,8,0,33,171,26,6.576923076923077
line_27,r16,qft,8,0,44,185,26,7.115384615384615
line_27,r16,qft,8,0,55,212,26,8.153846153846153
line_27,r16,qft,8,1,11,70,26,2.6923076923076925
line_27,r16,qft,8,1,22,63,26,2.423076923076923
line_27,r16,qft,8,1,33,62,26,2.3846153846153846
line_27,r16,qft,8,1,44,63,26,2.423076923076923
line_27,r16,qft,8,1,55,69,26,2.6538461538461537
line_27,r16,qft,8,3,11,52,26,2.0
line_27,r16,qft,8,3,22,52,26,2.0
line_27,r16,qft,8,3,33,57,26,2.1923076923076925
line_27,r16,qft,8,3,44,49,26,1.8846153846153846
line_27,r16,qft,8,3,55,52,26,2.0
line_27,r16,qft,12,0,11,272,42,6.476190476190476
line_27,r16,qft,12,0,22,283,42,6.738095238095238
line_27,r16,qft,12,0,33,264,42,6.285714285714286
line_27,r16,qft,12,0,44,271,42,6.4523809523809526
line_27,r16,qft,12,0,55,269,42,6.404761904761905
line_27,r16,qft,12,1,11,119,42,2.8333333333333335
line_27,r16,qft,12,1,22,115,42,2.738095238095238
line_27,r16,qft,12,1,33,119,42,2.8333333333333335
line_27,r16,qft,12,1,44,127,42,3.0238095238095237
line_27,r16,qft,12,1,55,117,42,2.7857142857142856
line_27,r16,qft,12,3,11,93,42,2.2142857142857144
line_27,r16,qft,12,3,22,91,42,2.1666666666666665
line_27,r16,qft,12,3,33,91,42,2.1666666666666665
line_27,r16,qft,12,3,44,97,42,2.3095238095238093
line_27,r16,qft,12,3,55,97,42,2.3095238095238093
line_27,r16,qft,16,0,11,519,58,8.948275862068966
line_27,r16,qft,16,0,22,541,58,9.327586206896552
line_27,r16,qft,16,0,33,536,58,9.241379310344827
line_27,r16,qft,16,0,44,463,58,7.982758620689655
line_27,r16,qft,16,0,55,512,58,8.827586206896552
line_27,r16,qft,16,1,11,187,58,3.2241379310344827
line_27,r16,qft,16,1,22,169,58,2.913793103448276
line_27,r16,qft,16,1,33,174,58,3.0
line_27,r16,qft,16,1,44,173,58,2.9827586206896552
line_27,r16,qft,16,1,55,179,58,3.086206896551724
line_27,r16,qft,16,3,11,127,58,2.189655172413793
line_27,r16,qft,16,3,22,133,58,2.293103448275862
line_27,r16,qft,16,3,33,135,58,2.3275862068965516
line_27,r16,qft,16,3,44,125,58,2.1551724137931036
line_27,r16,qft,16,3,55,115,58,1.9827586206896552
line_27,r16,qft,20,0,11,708,74,9.567567567567568
line_27,r16,qft,20,0,22,691,74,9.337837837837839
line_27,r16,qft,20,0,33,605,74,8.175675675675675
line_27,r16,qft,20,0,44,568,74,7.675675675675675
line_27,r16,qft,20,0,55,628,74,8.486486486486486
line_27,r16,qft,20,1,11,211,74,2.8513513513513513
line_27,r16,qft,20,1,22,203,74,2.7432432432432434
line_27,r16,qft,20,1,33,211,74,2.8513513513513513
line_27,r16,qft,20,1,44,221,74,2.9864864864864864
line_27,r16,qft,20,1,55,222,74,3.0
line_27,r16,qft,20,3,11,167,74,2.2567567567567566
line_27,r16,qft,20,3,22,159,74,2.1486486486486487
line_27,r16,qft,20,3,33,169,74,2.2837837837837838
line_27,r16,qft,20,3,44,159,74,2.1486486486486487
line_27,r16,qft,20,3,55,159,74,2.1486486486486487
line_27,r16,qft,24,0,11,880,90,9.777777777777779
line_27,r16,qft,24,0,22,905,90,10.055555555555555
line_27,r16,qft,24,0,33,957,90,10.633333333333333
line_27,r16,qft,24,0,44,849,90,9.433333333333334
line_27,r16,qft,24,0,55,846,90,9.4
line_27,r16,qft,24,1,11,278,90,3.088888888888889
line_27,r16,qft,24,1,22,275,90,3.0555555555555554
line_27,r16,qft,24,1,33,277,90,3.077777777777778
line_27,r16,qft,24,1,44,275,90,3.0555555555555554
line_27,r16,qft,24,1,55,267,90,2.966666666666667
line_27,r16,qft,24,3,11,172,90,1.9111111111111112
line_27,r16,qft,24,3,22,203,90,2.2555555555555555
line_27,r16,qft,24,3,33,210,90,2.3333333333333335
line_27,r16,qft,24,3,44,215,90,2.388888888888889
line_27,r16,qft,24,3,55,217,90,2.411111111111111
line_27,r16,ghz_chain,4,0,11,38,3,12.666666666666666
line_27,r16,ghz_chain,4,0,22,47,3,15.666666666666666
line_27,r16,ghz_chain,4,0,33,35,3,11.666666666666666
line_27,r16,ghz_chain,4,0,44,38,3,12.666666666666666
line_27,r16,ghz_chain,4,0,55,41,3,13.666666666666666
line_27,r16,ghz_chain,4,1,11,3,3,1.0
line_27,r16,ghz_chain,4,1,22,3,3,1.0
line_27,r16,ghz_chain,4,1,33,3,3,1.0
line_27,r16,ghz_chain,4,1,44,3,3,1.0
line_27,r16,ghz_chain,4,1,55,3,3,1.0
line_27,r16,ghz_chain,4,3,11,3,3,1.0
line_27,r16,ghz_chain,4,3,22,3,3,1.0
line_27,r16,ghz_chain,4,3,33,3,3,1.0
line_27,r16,ghz_chain,4,3,44,3,3,1.0
line_27,r16,ghz_chain,4,3,55,3,3,1.0
line_27,r16,ghz_chain,8,0,11,68,7,9.714285714285714
line_27,r16,ghz_chain,8,0,22,99,7,14.142857142857142
line_27,r16,ghz_chain,8,0,33,100,7,14.285714285714286
line_27,r16,ghz_chain,8,0,44,96,7,13.714285714285714
line_27,r16,ghz_chain,8,0,55,92,7,13.142857142857142
line_27,r16,ghz_chain,8,1,11,7,7,1.0
line_27,r16,ghz_chain,8,1,22,7,7,1.0
line_27,r16,ghz_chain,8,1,33,7,7,1.0
line_27,r16,ghz_chain,8,1,44,7,7,1.0
line_27,r16,ghz_chain,8,1,55,7,7,1.0
line_27,r16,ghz_chain,8,3,11,7,7,1.0
line_27,r16,ghz_chain,8,3,22,7,7,1.0
line_27,r16,ghz_chain,8,3,33,7,7,1.0
line_27,r16,ghz_chain,8,3,44,7,7,1.0
line_27,r16,ghz_chain,8,3,55,7,7,1.0
line_27,r16,ghz_chain,12,0,11,96,11,8.727272727272727
line_27,r16,ghz_chain,12,0,22,145,11,13.181818181818182
line_27,r16,ghz_chain,12,0,33,152,11,13.818181818181818
line_27,r16,ghz_chain,12,0,44,136,11,12.363636363636363
line_27,r16,ghz_chain,12,0,55,146,11,13.272727272727273
line_27,r16,ghz_chain,12,1,11,11,11,1.0
line_27,r16,ghz_chain,12,1,22,11,11,1.0
line_27,r16,ghz_chain,12,1,33,11,11,1.0
line_27,r16,ghz_chain,12,1,44,11,11,1.0
line_27,r16,ghz_chain,12,1,55,11,11,1.0
line_27,r16,ghz_chain,12,3,11,11,11,1.0
line_27,r16,ghz_chain,12,3,22,11,11,1.0
line_27,r16,ghz_chain,12,3,33,11,11,1.0
line_27,r16,ghz_chain,12,3,44,11,11,1.0
line_27,r16,ghz_chain,12,3,55,11,11,1.0
line_27,r16,ghz_chain,16,0,11,175,15,11.666666666666666
line_27,r16,ghz_chain,16,0,22,234,15,15.6
line_27,r16,ghz_chain,16,0,33,222,15,14.8
line_27,r16,ghz_chain,16,0,44,234,15,15.6
line_27,r16,ghz_chain,16,0,55,234,15,15.6
line_27,r16,ghz_chain,16,1,11,15,15,1.0
line_27,r16,ghz_chain,16,1,22,15,15,1.0
line_27,r16,ghz_chain,16,1,33,15,15,1.0
line_27,r16,ghz_chain,16,1,44,15,15,1.0
line_27,r16,ghz_chain,16,1,55,15,15,1.0
line_27,r16,ghz_chain,16,3,11,15,15,1.0
line_27,r16,ghz_chain,16,3,22,15,15,1.0
line_27,r16,ghz_chain,16,3,33,15,15,1.0
line_27,r16,ghz_chain,16,3,44,15,15,1.0
line_27,r16,ghz_chain,16,3,55,15,15,1.0
line_27,r16,ghz_chain,20,0,11,226,19,11.894736842105264
line_27,r16,ghz_chain,20,0,22,277,19,14.578947368421053
line_27,r16,ghz_chain,20,0,33,315,19,16.57894736842105
line_27,r16,ghz_chain,20,0,44,295,19,15.526315789473685
line_27,r16,ghz_chain,20,0,55,277,19,14.578947368421053
line_27,r16,ghz_chain,20,1,11,19,19,1.0
line_27,r16,ghz_chain,20,1,22,19,19,1.0
line_27,r16,ghz_chain,20,1,33,19,19,1.0
line_27,r16,ghz_chain,20,1,44,19,19,1.0
line_27,r16,ghz_chain,20,1,55,19,19,1.0
line_27,r16,ghz_chain,20,3,11,19,19,1.0
line_27,r16,ghz_chain,20,3,22,19,19,1.0
line_27,r16,ghz_chain,20,3,33,19,19,1.0
line_27,r16,ghz_chain,20,3,44,19,19,1.0
line_27,r16,ghz_chain,20,3,55,19,19,1.0
line_27,r16,ghz_chain,24,0,11,308,23,13.391304347826088
line_27,r16,ghz_chain,24,0,22,350,23,15.217391304347826
line_27,r16,ghz_chain,24,0,33,382,23,16.608695652173914
line_27,r16,ghz_chain,24,0,44,343,23,14.91304347826087
line_27,r16,ghz_chain,24,0,55,347,23,15.08695652173913
line_27,r16,ghz_chain,24,1,11,23,23,1.0
line_27,r16,ghz_chain,24,1,22,23,23,1.0
line_27,r16,ghz_chain,24,1,33,23,23,1.0
line_27,r16,ghz_chain,24,1,44,23,23,1.0
line_27,r16,ghz_chain,24,1,55,23,23,1.0
line_27,r16,ghz_chain,24,3,11,23,23,1.0
line_27,r16,ghz_chain,24,3,22,23,23,1.0
line_27,r16,ghz_chain,24,3,33,23,23,1.0
line_27,r16,ghz_chain,24,3,44,23,23,1.0
line_27,r16,ghz_chain,24,3,55,23,23,1.0
line_27,r16,ghz_star,4,0,11,35,3,11.666666666666666
line_27,r16,ghz_star,4,0,22,44,3,14.666666666666666
line_27,r16,ghz_star,4,0,33,35,3,11.666666666666666
line_27,r16,ghz_star,4,0,44,38,3,12.666666666666666
line_27,r16,ghz_star,4,0,55,38,3,12.666666666666666
line_27,r16,ghz_star,4,1,11,6,3,2.0
line_27,r16,ghz_star,4,1,22,5,3,1.6666666666666667
line_27,r16,ghz_star,4,1,33,6,3,2.0
line_27,r16,ghz_star,4,1,44,6,3,2.0
line_27,r16,ghz_star,4,1,55,6,3,2.0
line_27,r16,ghz_star,4,3,11,4,3,1.3333333333333333
line_27,r16,ghz_star,4,3,22,5,3,1.6666666666666667
line_27,r16,ghz_star,4,3,33,6,3,2.0
line_27,r16,ghz_star,4,3,44,4,3,1.3333333333333333
line_27,r16,ghz_star,4,3,55,6,3,2.0
line_27,r16,ghz_star,8,0,11,63,7,9.0
line_27,r16,ghz_star,8,0,22,108,7,15.428571428571429
line_27,r16,ghz_star,8,0,33,100,7,14.285714285714286
line_27,r16,ghz_star,8,0,44,96,7,13.714285714285714
line_27,r16,ghz_star,8,0,55,82,7,11.714285714285714
line_27,r16,ghz_star,8,1,11,21,7,3.0
line_27,r16,ghz_star,8,1,22,19,7,2.7142857142857144
line_27,r16,ghz_star,8,1,33,19,7,2.7142857142857144
line_27,r16,ghz_star,8,1,44,25,7,3.5714285714285716
line_27,r16,ghz_star,8,1,55,28,7,4.0
line_27,r16,ghz_star,8,3,11,18,7,2.5714285714285716
line_27,r16,ghz_star,8,3,22,26,7,3.7142857142857144
line_27,r16,ghz_star,8,3,33,23,7,3.2857142857142856
line_27,r16,ghz_star,8,3,44,23,7,3.2857142857142856
line_27,r16,ghz_star,8,3,55,17,7,2.4285714285714284
line_27,r16,ghz_star,12,0,11,91,11,8.272727272727273
line_27,r16,ghz_star,12,0,22,142,11,12.909090909090908
line_27,r16,ghz_star,12,0,33,152,11,13.818181818181818
line_27,r16,ghz_star,12,0,44,130,11,11.818181818181818
line_27,r16,ghz_star,12,0,55,148,11,13.454545454545455
line_27,r16,ghz_star,12,1,11,59,11,5.363636363636363
line_27,r16,ghz_star,12,1,22,70,11,6.363636363636363
line_27,r16,ghz_star,12,1,33,67,11,6.090909090909091
line_27,r16,ghz_star,12,1,44,64,11,5.818181818181818
line_27,r16,ghz_star,12,1,55,52,11,4.7272727272727275
line_27,r16,ghz_star,12,3,11,35,11,3.1818181818181817
line_27,r16,ghz_star,12,3,22,56,11,5.090909090909091
line_27,r16,ghz_star,12,3,33,53,11,4.818181818181818
line_27,r16,ghz_star,12,3,44,45,11,4.090909090909091
line_27,r16,ghz_star,12,3,55,49,11,4.454545454545454
line_27,r16,ghz_star,16,0,11,173,15,11.533333333333333
line_27,r16,ghz_star,16,0,22,235,15,15.666666666666666
line_27,r16,ghz_star,16,0,33,219,15,14.6
line_27,r16,ghz_star,16,0,44,228,15,15.2
line_27,r16,ghz_star,16,0,55,236,15,15.733333333333333
line_27,r16,ghz_star,16,1,11,108,15,7.2
line_27,r16,ghz_star,16,1,22,110,15,7.333333333333333
line_27,r16,ghz_star,16,1,33,118,15,7.866666666666666
line_27,r16,ghz_star,16,1,44,92,15,6.133333333333334
line_27,r16,ghz_star,16,1,55,100,15,6.666666666666667
line_27,r16,ghz_star,16,3,11,72,15,4.8
line_27,r16,ghz_star,16,3,22,81,15,5.4
line_27,r16,ghz_star,16,3,33,69,15,4.6
line_27,r16,ghz_star,16,3,44,73,15,4.866666666666666
line_27,r16,ghz_star,16,3,55,83,15,5.533333333333333
line_27,r16,ghz_star,20,0,11,219,19,11.526315789473685
line_27,r16,ghz_star,20,0,22,284,19,14.947368421052632
line_27,r16,ghz_star,20,0,33,274,19,14.421052631578947
line_27,r16,ghz_star,20,0,44,277,19,14.578947368421053
line_27,r16,ghz_star,20,0,55,279,19,14.68421052631579
line_27,r16,ghz_star,20,1,11,147,19,7.7368421052631575
line_27,r16,ghz_star,20,1,22,147,19,7.7368421052631575
line_27,r16,ghz_star,20,1,33,139,19,7.315789473684211
line_27,r16,ghz_star,20,1,44,126,19,6.631578947368421
line_27,r16,ghz_star,20,1,55,117,19,6.157894736842105
line_27,r16,ghz_star,20,3,11,89,19,4.684210526315789
line_27,r16,ghz_star,20,3,22,93,19,4.894736842105263
line_27,r16,ghz_star,20,3,33,132,19,6.947368421052632
line_27,r16,ghz_star,20,3,44,115,19,6.052631578947368
line_27,r16,ghz_star,20,3,55,106,19,5.578947368421052
line_27,r16,ghz_star,24,0,11,289,23,12.565217391304348
line_27,r16,ghz_star,24,0,22,351,23,15.26086956521739
line_27,r16,ghz_star,24,0,33,382,23,16.608695652173914
line_27,r16,ghz_star,24,0,44,359,23,15.608695652173912
line_27,r16,ghz_star,24,0,55,382,23,16.608695652173914
line_27,r16,ghz_star,24,1,11,159,23,6.913043478260869
line_27,r16,ghz_star,24,1,22,102,23,4.434782608695652
line_27,r16,ghz_star,24,1,33,102,23,4.434782608695652
line_27,r16,ghz_star,24,1,44,184,23,8.0
line_27,r16,ghz_star,24,1,55,178,23,7.739130434782608
line_27,r16,ghz_star,24,3,11,132,23,5.739130434782608
line_27,r16,ghz_star,24,3,22,119,23,5.173913043478261
line_27,r16,ghz_star,24,3,33,160,23,6.956521739130435
line_27,r16,ghz_star,24,3,44,131,23,5.695652173913044
line_27,r16,ghz_star,24,3,55,140,23,6.086956521739131
line_27,r16,efficient_su2,4,0,11,64,8,8.0
line_27,r16,efficient_su2,4,0,22,58,8,7.25
line_27,r16,efficient_su2,4,0,33,57,8,7.125
line_27,r16,efficient_su2,4,0,44,66,8,8.25
line_27,r16,efficient_su2,4,0,55,54,8,6.75
line_27,r16,efficient_su2,4,1,11,18,8,2.25
line_27,r16,efficient_su2,4,1,22,19,8,2.375
line_27,r16,efficient_su2,4,1,33,16,8,2.0
line_27,r16,efficient_su2,4,1,44,16,8,2.0
line_27,r16,efficient_su2,4,1,55,16,8,2.0
line_27,r16,efficient_su2,4,3,11,14,8,1.75
line_27,r16,efficient_su2,4,3,22,14,8,1.75
line_27,r16,efficient_su2,4,3,33,14,8,1.75
line_27,r16,efficient_su2,4,3,44,14,8,1.75
line_27,r16,efficient_su2,4,3,55,14,8,1.75
line_27,r16,efficient_su2,8,0,11,180,16,11.25
line_27,r16,efficient_su2,8,0,22,178,16,11.125
line_27,r16,efficient_su2,8,0,33,196,16,12.25
line_27,r16,efficient_su2,8,0,44,194,16,12.125
line_27,r16,efficient_su2,8,0,55,158,16,9.875
line_27,r16,efficient_su2,8,1,11,50,16,3.125
line_27,r16,efficient_su2,8,1,22,50,16,3.125
line_27,r16,efficient_su2,8,1,33,50,16,3.125
line_27,r16,efficient_su2,8,1,44,50,16,3.125
line_27,r16,efficient_su2,8,1,55,50,16,3.125
line_27,r16,efficient_su2,8,3,11,46,16,2.875
line_27,r16,efficient_su2,8,3,22,46,16,2.875
line_27,r16,efficient_su2,8,3,33,46,16,2.875
line_27,r16,efficient_su2,8,3,44,46,16,2.875
line_27,r16,efficient_su2,8,3,55,46,16,2.875
line_27,r16,efficient_su2,12,0,11,285,24,11.875
line_27,r16,efficient_su2,12,0,22,312,24,13.0
line_27,r16,efficient_su2,12,0,33,255,24,10.625
line_27,r16,efficient_su2,12,0,44,272,24,11.333333333333334
line_27,r16,efficient_su2,12,0,55,249,24,10.375
line_27,r16,efficient_su2,12,1,11,82,24,3.4166666666666665
line_27,r16,efficient_su2,12,1,22,82,24,3.4166666666666665
line_27,r16,efficient_su2,12,1,33,82,24,3.4166666666666665
line_27,r16,efficient_su2,12,1,44,82,24,3.4166666666666665
line_27,r16,efficient_su2,12,1,55,82,24,3.4166666666666665
line_27,r16,efficient_su2,12,3,11,78,24,3.25
line_27,r16,efficient_su2,12,3,22,78,24,3.25
line_27,r16,efficient_su2,12,3,33,78,24,3.25
line_27,r16,efficient_su2,12,3,44,78,24,3.25
line_27,r16,efficient_su2,12,3,55,78,24,3.25
line_27,r16,efficient_su2,16,0,11,407,32,12.71875
line_27,r16,efficient_su2,16,0,22,391,32,12.21875
line_27,r16,efficient_su2,16,0,33,390,32,12.1875
line_27,r16,efficient_su2,16,0,44,398,32,12.4375
line_27,r16,efficient_su2,16,0,55,335,32,10.46875
line_27,r16,efficient_su2,16,1,11,114,32,3.5625
line_27,r16,efficient_su2,16,1,22,114,32,3.5625
line_27,r16,efficient_su2,16,1,33,114,32,3.5625
line_27,r16,efficient_su2,16,1,44,114,32,3.5625
line_27,r16,efficient_su2,16,1,55,114,32,3.5625
line_27,r16,efficient_su2,16,3,11,110,32,3.4375
line_27,r16,efficient_su2,16,3,22,110,32,3.4375
line_27,r16,efficient_su2,16,3,33,110,32,3.4375
line_27,r16,efficient_su2,16,3,44,110,32,3.4375
line_27,r16,efficient_su2,16,3,55,110,32,3.4375
line_27,r16,efficient_su2,20,0,11,434,40,10.85
line_27,r16,efficient_su2,20,0,22,509,40,12.725
line_27,r16,efficient_su2,20,0,33,455,40,11.375
line_27,r16,efficient_su2,20,0,44,514,40,12.85
line_27,r16,efficient_su2,20,0,55,449,40,11.225
line_27,r16,efficient_su2,20,1,11,154,40,3.85
line_27,r16,efficient_su2,20,1,22,154,40,3.85
line_27,r16,efficient_su2,20,1,33,154,40,3.85
line_27,r16,efficient_su2,20,1,44,154,40,3.85
line_27,r16,efficient_su2,20,1,55,154,40,3.85
line_27,r16,efficient_su2,20,3,11,146,40,3.65
line_27,r16,efficient_su2,20,3,22,146,40,3.65
line_27,r16,efficient_su2,20,3,33,146,40,3.65
line_27,r16,efficient_su2,20,3,44,146,40,3.65
line_27,r16,efficient_su2,20,3,55,146,40,3.65
line_27,r16,efficient_su2,24,0,11,619,48,12.895833333333334
line_27,r16,efficient_su2,24,0,22,680,48,14.166666666666666
line_27,r16,efficient_su2,24,0,33,649,48,13.520833333333334
line_27,r16,efficient_su2,24,0,44,617,48,12.854166666666666
line_27,r16,efficient_su2,24,0,55,639,48,13.3125
line_27,r16,efficient_su2,24,1,11,186,48,3.875
line_27,r16,efficient_su2,24,1,22,186,48,3.875
line_27,r16,efficient_su2,24,1,33,186,48,3.875
line_27,r16,efficient_su2,24,1,44,186,48,3.875
line_27,r16,efficient_su2,24,1,55,186,48,3.875
line_27,r16,efficient_su2,24,3,11,178,48,3.7083333333333335
line_27,r16,efficient_su2,24,3,22,178,48,3.7083333333333335
line_27,r16,efficient_su2,24,3,33,178,48,3.7083333333333335
line_27,r16,efficient_su2,24,3,44,178,48,3.7083333333333335
line_27,r16,efficient_su2,24,3,55,178,48,3.7083333333333335
line_27,r17,qft,4,0,11,52,10,5.2
line_27,r17,qft,4,0,22,66,10,6.6
line_27,r17,qft,4,0,33,66,10,6.6
line_27,r17,qft,4,0,44,55,10,5.5
line_27,r17,qft,4,0,55,64,10,6.4
line_27,r17,qft,4,1,11,19,10,1.9
line_27,r17,qft,4,1,22,19,10,1.9
line_27,r17,qft,4,1,33,19,10,1.9
line_27,r17,qft,4,1,44,19,10,1.9
line_27,r17,qft,4,1,55,19,10,1.9
line_27,r17,qft,4,3,11,17,10,1.7
line_27,r17,qft,4,3,22,17,10,1.7
line_27,r17,qft,4,3,33,15,10,1.5
line_27,r17,qft,4,3,44,15,10,1.5
line_27,r17,qft,4,3,55,15,10,1.5
line_27,r17,qft,8,0,11,147,26,5.653846153846154
line_27,r17,qft,8,0,22,144,26,5.538461538461538
line_27,r17,qft,8,0,33,159,26,6.115384615384615
line_27,r17,qft,8,0,44,165,26,6.346153846153846
line_27,r17,qft,8,0,55,140,26,5.384615384615385
line_27,r17,qft,8,1,11,63,26,2.423076923076923
line_27,r17,qft,8,1,22,68,26,2.6153846153846154
line_27,r17,qft,8,1,33,70,26,2.6923076923076925
line_27,r17,qft,8,1,44,63,26,2.423076923076923
line_27,r17,qft,8,1,55,61,26,2.3461538461538463
line_27,r17,qft,8,3,11,52,26,2.0
line_27,r17,qft,8,3,22,52,26,2.0
line_27,r17,qft,8,3,33,57,26,2.1923076923076925
line_27,r17,qft,8,3,44,49,26,1.8846153846153846
line_27,r17,qft,8,3,55,57,26,2.1923076923076925
line_27,r17,qft,12,0,11,276,42,6.571428571428571
line_27,r17,qft,12,0,22,295,42,7.023809523809524
line_27,r17,qft,12,0,33,289,42,6.880952380952381
line_27,r17,qft,12,0,44,274,42,6.523809523809524
line_27,r17,qft,12,0,55,351,42,8.357142857142858
line_27,r17,qft,12,1,11,119,42,2.8333333333333335
line_27,r17,qft,12,1,22,115,42,2.738095238095238
line_27,r17,qft,12,1,33,119,42,2.8333333333333335
line_27,r17,qft,12,1,44,127,42,3.0238095238095237
line_27,r17,qft,12,1,55,117,42,2.7857142857142856
line_27,r17,qft,12,3,11,93,42,2.2142857142857144
line_27,r17,qft,12,3,22,91,42,2.1666666666666665
line_27,r17,qft,12,3,33,91,42,2.1666666666666665
line_27,r17,qft,12,3,44,97,42,2.3095238095238093
line_27,r17,qft,12,3,55,97,42,2.3095238095238093
line_27,r17,qft,16,0,11,439,58,7.568965517241379
line_27,r17,qft,16,0,22,454,58,7.827586206896552
line_27,r17,qft,16,0,33,431,58,7.431034482758621
line_27,r17,qft,16,0,44,478,58,8.241379310344827
line_27,r17,qft,16,0,55,501,58,8.637931034482758
line_27,r17,qft,16,1,11,161,58,2.7758620689655173
line_27,r17,qft,16,1,22,147,58,2.5344827586206895
line_27,r17,qft,16,1,33,187,58,3.2241379310344827
line_27,r17,qft,16,1,44,163,58,2.810344827586207
line_27,r17,qft,16,1,55,159,58,2.7413793103448274
line_27,r17,qft,16,3,11,138,58,2.3793103448275863
line_27,r17,qft,16,3,22,133,58,2.293103448275862
line_27,r17,qft,16,3,33,135,58,2.3275862068965516
line_27,r17,qft,16,3,44,125,58,2.1551724137931036
line_27,r17,qft,16,3,55,129,58,2.2241379310344827
line_27,r17,qft,20,0,11,726,74,9.81081081081081
line_27,r17,qft,20,0,22,612,74,8.27027027027027
line_27,r17,qft,20,0,33,670,74,9.054054054054054
line_27,r17,qft,20,0,44,574,74,7.756756756756757
line_27,r17,qft,20,0,55,649,74,8.77027027027027
line_27,r17,qft,20,1,11,222,74,3.0
line_27,r17,qft,20,1,22,214,74,2.891891891891892
line_27,r17,qft,20,1,33,235,74,3.175675675675676
line_27,r17,qft,20,1,44,229,74,3.0945945945945947
line_27,r17,qft,20,1,55,211,74,2.8513513513513513
line_27,r17,qft,20,3,11,158,74,2.135135135135135
line_27,r17,qft,20,3,22,169,74,2.2837837837837838
line_27,r17,qft,20,3,33,169,74,2.2837837837837838
line_27,r17,qft,20,3,44,161,74,2.175675675675676
line_27,r17,qft,20,3,55,172,74,2.324324324324324
line_27,r17,qft,24,0,11,808,90,8.977777777777778
line_27,r17,qft,24,0,22,775,90,8.61111111111111
line_27,r17,qft,24,0,33,986,90,10.955555555555556
line_27,r17,qft,24,0,44,953,90,10.588888888888889
line_27,r17,qft,24,0,55,945,90,10.5
line_27,r17,qft,24,1,11,267,90,2.966666666666667
line_27,r17,qft,24,1,22,263,90,2.922222222222222
line_27,r17,qft,24,1,33,276,90,3.066666666666667
line_27,r17,qft,24,1,44,271,90,3.011111111111111
line_27,r17,qft,24,1,55,277,90,3.077777777777778
line_27,r17,qft,24,3,11,195,90,2.1666666666666665
line_27,r17,qft,24,3,22,207,90,2.3
line_27,r17,qft,24,3,33,187,90,2.077777777777778
line_27,r17,qft,24,3,44,198,90,2.2
line_27,r17,qft,24,3,55,207,90,2.3
line_27,r17,ghz_chain,4,0,11,57,3,19.0
line_27,r17,ghz_chain,4,0,22,60,3,20.0
line_27,r17,ghz_chain,4,0,33,54,3,18.0
line_27,r17,ghz_chain,4,0,44,45,3,15.0
line_27,r17,ghz_chain,4,0,55,51,3,17.0
line_27,r17,ghz_chain,4,1,11,3,3,1.0
line_27,r17,ghz_chain,4,1,22,3,3,1.0
line_27,r17,ghz_chain,4,1,33,3,3,1.0
line_27,r17,ghz_chain,4,1,44,3,3,1.0
line_27,r17,ghz_chain,4,1,55,3,3,1.0
line_27,r17,ghz_chain,4,3,11,3,3,1.0
line_27,r17,ghz_chain,4,3,22,3,3,1.0
line_27,r17,ghz_chain,4,3,33,3,3,1.0
line_27,r17,ghz_chain,4,3,44,3,3,1.0
line_27,r17,ghz_chain,4,3,55,3,3,1.0
line_27,r17,ghz_chain,8,0,11,79,7,11.285714285714286
line_27,r17,ghz_chain,8,0,22,88,7,12.571428571428571
line_27,r17,ghz_chain,8,0,33,85,7,12.142857142857142
line_27,r17,ghz_chain,8,0,44,69,7,9.857142857142858
line_27,r17,ghz_chain,8,0,55,85,7,12.142857142857142
line_27,r17,ghz_chain,8,1,11,7,7,1.0
line_27,r17,ghz_chain,8,1,22,7,7,1.0
line_27,r17,ghz_chain,8,1,33,7,7,1.0
line_27,r17,ghz_chain,8,1,44,7,7,1.0
line_27,r17,ghz_chain,8,1,55,7,7,1.0
line_27,r17,ghz_chain,8,3,11,7,7,1.0
line_27,r17,ghz_chain,8,3,22,7,7,1.0
line_27,r17,ghz_chain,8,3,33,7,7,1.0
line_27,r17,ghz_chain,8,3,44,7,7,1.0
line_27,r17,ghz_chain,8,3,55,7,7,1.0
line_27,r17,ghz_chain,12,0,11,131,11,11.909090909090908
line_27,r17,ghz_chain,12,0,22,137,11,12.454545454545455
line_27,r17,ghz_chain,12,0,33,140,11,12.727272727272727
line_27,r17,ghz_chain,12,0,44,117,11,10.636363636363637
line_27,r17,ghz_chain,12,0,55,128,11,11.636363636363637
line_27,r17,ghz_chain,12,1,11,11,11,1.0
line_27,r17,ghz_chain,12,1,22,11,11,1.0
line_27,r17,ghz_chain,12,1,33,11,11,1.0
line_27,r17,ghz_chain,12,1,44,11,11,1.0
line_27,r17,ghz_chain,12,1,55,11,11,1.0
line_27,r17,ghz_chain,12,3,11,11,11,1.0
line_27,r17,ghz_chain,12,3,22,11,11,1.0
line_27,r17,ghz_chain,12,3,33,11,11,1.0
line_27,r17,ghz_chain,12,3,44,11,11,1.0
line_27,r17,ghz_chain,12,3,55,11,11,1.0
line_27,r17,ghz_chain,16,0,11,180,15,12.0
line_27,r17,ghz_chain,16,0,22,188,15,12.533333333333333
line_27,r17,ghz_chain,16,0,33,173,15,11.533333333333333
line_27,r17,ghz_chain,16,0,44,169,15,11.266666666666667
line_27,r17,ghz_chain,16,0,55,222,15,14.8
line_27,r17,ghz_chain,16,1,11,15,15,1.0
line_27,r17,ghz_chain,16,1,22,15,15,1.0
line_27,r17,ghz_chain,16,1,33,15,15,1.0
line_27,r17,ghz_chain,16,1,44,15,15,1.0
line_27,r17,ghz_chain,16,1,55,15,15,1.0
line_27,r17,ghz_chain,16,3,11,15,15,1.0
line_27,r17,ghz_chain,16,3,22,15,15,1.0
line_27,r17,ghz_chain,16,3,33,15,15,1.0
line_27,r17,ghz_chain,16,3,44,15,15,1.0
line_27,r17,ghz_chain,16,3,55,15,15,1.0
line_27,r17,ghz_chain,20,0,11,232,19,12.210526315789474
line_27,r17,ghz_chain,20,0,22,282,19,14.842105263157896
line_27,r17,ghz_chain,20,0,33,272,19,14.31578947368421
line_27,r17,ghz_chain,20,0,44,241,19,12.68421052631579
line_27,r17,ghz_chain,20,0,55,283,19,14.894736842105264
line_27,r17,ghz_chain,20,1,11,19,19,1.0
line_27,r17,ghz_chain,20,1,22,19,19,1.0
line_27,r17,ghz_chain,20,1,33,19,19,1.0
line_27,r17,ghz_chain,20,1,44,19,19,1.0
line_27,r17,ghz_chain,20,1,55,19,19,1.0
line_27,r17,ghz_chain,20,3,11,19,19,1.0
line_27,r17,ghz_chain,20,3,22,19,19,1.0
line_27,r17,ghz_chain,20,3,33,19,19,1.0
line_27,r17,ghz_chain,20,3,44,19,19,1.0
line_27,r17,ghz_chain,20,3,55,19,19,1.0
line_27,r17,ghz_chain,24,0,11,338,23,14.695652173913043
line_27,r17,ghz_chain,24,0,22,355,23,15.434782608695652
line_27,r17,ghz_chain,24,0,33,307,23,13.347826086956522
line_27,r17,ghz_chain,24,0,44,323,23,14.043478260869565
line_27,r17,ghz_chain,24,0,55,361,23,15.695652173913043
line_27,r17,ghz_chain,24,1,11,23,23,1.0
line_27,r17,ghz_chain,24,1,22,23,23,1.0
line_27,r17,ghz_chain,24,1,33,23,23,1.0
line_27,r17,ghz_chain,24,1,44,23,23,1.0
line_27,r17,ghz_chain,24,1,55,23,23,1.0
line_27,r17,ghz_chain,24,3,11,23,23,1.0
line_27,r17,ghz_chain,24,3,22,23,23,1.0
line_27,r17,ghz_chain,24,3,33,23,23,1.0
line_27,r17,ghz_chain,24,3,44,23,23,1.0
line_27,r17,ghz_chain,24,3,55,23,23,1.0
line_27,r17,ghz_star,4,0,11,60,3,20.0
line_27,r17,ghz_star,4,0,22,60,3,20.0
line_27,r17,ghz_star,4,0,33,57,3,19.0
line_27,r17,ghz_star,4,0,44,45,3,15.0
line_27,r17,ghz_star,4,0,55,51,3,17.0
line_27,r17,ghz_star,4,1,11,6,3,2.0
line_27,r17,ghz_star,4,1,22,6,3,2.0
line_27,r17,ghz_star,4,1,33,6,3,2.0
line_27,r17,ghz_star,4,1,44,6,3,2.0
line_27,r17,ghz_star,4,1,55,6,3,2.0
line_27,r17,ghz_star,4,3,11,6,3,2.0
line_27,r17,ghz_star,4,3,22,6,3,2.0
line_27,r17,ghz_star,4,3,33,4,3,1.3333333333333333
line_27,r17,ghz_star,4,3,44,6,3,2.0
line_27,r17,ghz_star,4,3,55,5,3,1.6666666666666667
line_27,r17,ghz_star,8,0,11,65,7,9.285714285714286
line_27,r17,ghz_star,8,0,22,91,7,13.0
line_27,r17,ghz_star,8,0,33,76,7,10.857142857142858
line_27,r17,ghz_star,8,0,44,73,7,10.428571428571429
line_27,r17,ghz_star,8,0,55,85,7,12.142857142857142
line_27,r17,ghz_star,8,1,11,25,7,3.5714285714285716
line_27,r17,ghz_star,8,1,22,31,7,4.428571428571429
line_27,r17,ghz_star,8,1,33,19,7,2.7142857142857144
line_27,r17,ghz_star,8,1,44,25,7,3.5714285714285716
line_27,r17,ghz_star,8,1,55,28,7,4.0
line_27,r17,ghz_star,8,3,11,20,7,2.857142857142857
line_27,r17,ghz_star,8,3,22,18,7,2.5714285714285716
line_27,r17,ghz_star,8,3,33,16,7,2.2857142857142856
line_27,r17,ghz_star,8,3,44,21,7,3.0
line_27,r17,ghz_star,8,3,55,24,7,3.4285714285714284
line_27,r17,ghz_star,12,0,11,114,11,10.363636363636363
line_27,r17,ghz_star,12,0,22,137,11,12.454545454545455
line_27,r17,ghz_star,12,0,33,140,11,12.727272727272727
line_27,r17,ghz_star,12,0,44,107,11,9.727272727272727
line_27,r17,ghz_star,12,0,55,146,11,13.272727272727273
line_27,r17,ghz_star,12,1,11,62,11,5.636363636363637
line_27,r17,ghz_star,12,1,22,55,11,5.0
line_27,r17,ghz_star,12,1,33,68,11,6.181818181818182
line_27,r17,ghz_star,12,1,44,65,11,5.909090909090909
line_27,r17,ghz_star,12,1,55,76,11,6.909090909090909
line_27,r17,ghz_star,12,3,11,35,11,3.1818181818181817
line_27,r17,ghz_star,12,3,22,50,11,4.545454545454546
line_27,r17,ghz_star,12,3,33,49,11,4.454545454545454
line_27,r17,ghz_star,12,3,44,52,11,4.7272727272727275
line_27,r17,ghz_star,12,3,55,57,11,5.181818181818182
line_27,r17,ghz_star,16,0,11,145,15,9.666666666666666
line_27,r17,ghz_star,16,0,22,183,15,12.2
line_27,r17,ghz_star,16,0,33,189,15,12.6
line_27,r17,ghz_star,16,0,44,156,15,10.4
line_27,r17,ghz_star,16,0,55,207,15,13.8
line_27,r17,ghz_star,16,1,11,102,15,6.8
line_27,r17,ghz_star,16,1,22,119,15,7.933333333333334
line_27,r17,ghz_star,16,1,33,99,15,6.6
line_27,r17,ghz_star,16,1,44,114,15,7.6
line_27,r17,ghz_star,16,1,55,102,15,6.8
line_27,r17,ghz_star,16,3,11,61,15,4.066666666666666
line_27,r17,ghz_star,16,3,22,74,15,4.933333333333334
line_27,r17,ghz_star,16,3,33,71,15,4.733333333333333
line_27,r17,ghz_star,16,3,44,75,15,5.0
line_27,r17,ghz_star,16,3,55,79,15,5.266666666666667
line_27,r17,ghz_star,20,0,11,235,19,12.368421052631579
line_27,r17,ghz_star,20,0,22,255,19,13.421052631578947
line_27,r17,ghz_star,20,0,33,273,19,14.368421052631579
line_27,r17,ghz_star,20,0,44,236,19,12.421052631578947
line_27,r17,ghz_star,20,0,55,283,19,14.894736842105264
line_27,r17,ghz_star,20,1,11,157,19,8.263157894736842
line_27,r17,ghz_star,20,1,22,144,19,7.578947368421052
line_27,r17,ghz_star,20,1,33,148,19,7.7894736842105265
line_27,r17,ghz_star,20,1,44,183,19,9.631578947368421
line_27,r17,ghz_star,20,1,55,130,19,6.842105263157895
line_27,r17,ghz_star,20,3,11,87,19,4.578947368421052
line_27,r17,ghz_star,20,3,22,115,19,6.052631578947368
line_27,r17,ghz_star,20,3,33,110,19,5.7894736842105265
line_27,r17,ghz_star,20,3,44,122,19,6.421052631578948
line_27,r17,ghz_star,20,3,55,118,19,6.2105263157894735
line_27,r17,ghz_star,24,0,11,317,23,13.782608695652174
line_27,r17,ghz_star,24,0,22,325,23,14.130434782608695
line_27,r17,ghz_star,24,0,33,352,23,15.304347826086957
line_27,r17,ghz_star,24,0,44,306,23,13.304347826086957
line_27,r17,ghz_star,24,0,55,338,23,14.695652173913043
line_27,r17,ghz_star,24,1,11,221,23,9.608695652173912
line_27,r17,ghz_star,24,1,22,177,23,7.695652173913044
line_27,r17,ghz_star,24,1,33,219,23,9.521739130434783
line_27,r17,ghz_star,24,1,44,213,23,9.26086956521739
line_27,r17,ghz_star,24,1,55,191,23,8.304347826086957
line_27,r17,ghz_star,24,3,11,149,23,6.478260869565218
line_27,r17,ghz_star,24,3,22,147,23,6.391304347826087
line_27,r17,ghz_star,24,3,33,139,23,6.043478260869565
line_27,r17,ghz_star,24,3,44,139,23,6.043478260869565
line_27,r17,ghz_star,24,3,55,162,23,7.043478260869565
line_27,r17,efficient_su2,4,0,11,48,8,6.0
line_27,r17,efficient_su2,4,0,22,92,8,11.5
line_27,r17,efficient_su2,4,0,33,77,8,9.625
line_27,r17,efficient_su2,4,0,44,79,8,9.875
line_27,r17,efficient_su2,4,0,55,91,8,11.375
line_27,r17,efficient_su2,4,1,11,16,8,2.0
line_27,r17,efficient_su2,4,1,22,19,8,2.375
line_27,r17,efficient_su2,4,1,33,17,8,2.125
line_27,r17,efficient_su2,4,1,44,17,8,2.125
line_27,r17,efficient_su2,4,1,55,16,8,2.0
line_27,r17,efficient_su2,4,3,11,14,8,1.75
line_27,r17,efficient_su2,4,3,22,14,8,1.75
line_27,r17,efficient_su2,4,3,33,14,8,1.75
line_27,r17,efficient_su2,4,3,44,14,8,1.75
line_27,r17,efficient_su2,4,3,55,14,8,1.75
line_27,r17,efficient_su2,8,0,11,124,16,7.75
line_27,r17,efficient_su2,8,0,22,169,16,10.5625
line_27,r17,efficient_su2,8,0,33,162,16,10.125
line_27,r17,efficient_su2,8,0,44,124,16,7.75
line_27,r17,efficient_su2,8,0,55,151,16,9.4375
line_27,r17,efficient_su2,8,1,11,50,16,3.125
line_27,r17,efficient_su2,8,1,22,50,16,3.125
line_27,r17,efficient_su2,8,1,33,50,16,3.125
line_27,r17,efficient_su2,8,1,44,50,16,3.125
line_27,r17,efficient_su2,8,1,55,50,16,3.125
line_27,r17,efficient_su2,8,3,11,46,16,2.875
line_27,r17,efficient_su2,8,3,22,46,16,2.875
line_27,r17,efficient_su2,8,3,33,46,16,2.875
line_27,r17,efficient_su2,8,3,44,46,16,2.875
line_27,r17,efficient_su2,8,3,55,46,16,2.875
line_27,r17,efficient_su2,12,0,11,209,24,8.708333333333334
line_27,r17,efficient_su2,12,0,22,227,24,9.458333333333334
line_27,r17,efficient_su2,12,0,33,231,24,9.625
line_27,r17,efficient_su2,12,0,44,213,24,8.875
line_27,r17,efficient_su2,12,0,55,189,24,7.875
line_27,r17,efficient_su2,12,1,11,82,24,3.4166666666666665
line_27,r17,efficient_su2,12,1,22,82,24,3.4166666666666665
line_27,r17,efficient_su2,12,1,33,82,24,3.4166666666666665
line_27,r17,efficient_su2,12,1,44,82,24,3.4166666666666665
line_27,r17,efficient_su2,12,1,55,82,24,3.4166666666666665
line_27,r17,efficient_su2,12,3,11,78,24,3.25
line_27,r17,efficient_su2,12,3,22,78,24,3.25
line_27,r17,efficient_su2,12,3,33,78,24,3.25
line_27,r17,efficient_su2,12,3,44,78,24,3.25
line_27,r17,efficient_su2,12,3,55,78,24,3.25
line_27,r17,efficient_su2,16,0,11,319,32,9.96875
line_27,r17,efficient_su2,16,0,22,342,32,10.6875
line_27,r17,efficient_su2,16,0,33,326,32,10.1875
line_27,r17,efficient_su2,16,0,44,358,32,11.1875
line_27,r17,efficient_su2,16,0,55,406,32,12.6875
line_27,r17,efficient_su2,16,1,11,114,32,3.5625
line_27,r17,efficient_su2,16,1,22,114,32,3.5625
line_27,r17,efficient_su2,16,1,33,114,32,3.5625
line_27,r17,efficient_su2,16,1,44,114,32,3.5625
line_27,r17,efficient_su2,16,1,55,114,32,3.5625
line_27,r17,efficient_su2,16,3,11,110,32,3.4375
line_27,r17,efficient_su2,16,3,22,110,32,3.4375
line_27,r17,efficient_su2,16,3,33,110,32,3.4375
line_27,r17,efficient_su2,16,3,44,110,32,3.4375
line_27,r17,efficient_su2,16,3,55,110,32,3.4375
line_27,r17,efficient_su2,20,0,11,468,40,11.7
line_27,r17,efficient_su2,20,0,22,461,40,11.525
line_27,r17,efficient_su2,20,0,33,502,40,12.55
line_27,r17,efficient_su2,20,0,44,492,40,12.3
line_27,r17,efficient_su2,20,0,55,495,40,12.375
line_27,r17,efficient_su2,20,1,11,146,40,3.65
line_27,r17,efficient_su2,20,1,22,146,40,3.65
line_27,r17,efficient_su2,20,1,33,146,40,3.65
line_27,r17,efficient_su2,20,1,44,146,40,3.65
line_27,r17,efficient_su2,20,1,55,146,40,3.65
line_27,r17,efficient_su2,20,3,11,142,40,3.55
line_27,r17,efficient_su2,20,3,22,142,40,3.55
line_27,r17,efficient_su2,20,3,33,142,40,3.55
line_27,r17,efficient_su2,20,3,44,142,40,3.55
line_27,r17,efficient_su2,20,3,55,142,40,3.55
line_27,r17,efficient_su2,24,0,11,578,48,12.041666666666666
line_27,r17,efficient_su2,24,0,22,588,48,12.25
line_27,r17,efficient_su2,24,0,33,615,48,12.8125
line_27,r17,efficient_su2,24,0,44,617,48,12.854166666666666
line_27,r17,efficient_su2,24,0,55,647,48,13.479166666666666
line_27,r17,efficient_su2,24,1,11,178,48,3.7083333333333335
line_27,r17,efficient_su2,24,1,22,178,48,3.7083333333333335
line_27,r17,efficient_su2,24,1,33,178,48,3.7083333333333335
line_27,r17,efficient_su2,24,1,44,178,48,3.7083333333333335
line_27,r17,efficient_su2,24,1,55,178,48,3.7083333333333335
line_27,r17,efficient_su2,24,3,11,174,48,3.625
line_27,r17,efficient_su2,24,3,22,174,48,3.625
line_27,r17,efficient_su2,24,3,33,174,48,3.625
line_27,r17,efficient_su2,24,3,44,174,48,3.625
line_27,r17,efficient_su2,24,3,55,174,48,3.625
line_27,r18,qft,4,0,11,65,10,6.5
line_27,r18,qft,4,0,22,65,10,6.5
line_27,r18,qft,4,0,33,59,10,5.9
line_27,r18,qft,4,0,44,61,10,6.1
line_27,r18,qft,4,0,55,52,10,5.2
line_27,r18,qft,4,1,11,19,10,1.9
line_27,r18,qft,4,1,22,19,10,1.9
line_27,r18,qft,4,1,33,19,10,1.9
line_27,r18,qft,4,1,44,19,10,1.9
line_27,r18,qft,4,1,55,19,10,1.9
line_27,r18,qft,4,3,11,15,10,1.5
line_27,r18,qft,4,3,22,17,10,1.7
line_27,r18,qft,4,3,33,15,10,1.5
line_27,r18,qft,4,3,44,17,10,1.7
line_27,r18,qft,4,3,55,17,10,1.7
line_27,r18,qft,8,0,11,159,26,6.115384615384615
line_27,r18,qft,8,0,22,150,26,5.769230769230769
line_27,r18,qft,8,0,33,168,26,6.461538461538462
line_27,r18,qft,8,0,44,181,26,6.961538461538462
line_27,r18,qft,8,0,55,186,26,7.153846153846154
line_27,r18,qft,8,1,11,63,26,2.423076923076923
line_27,r18,qft,8,1,22,63,26,2.423076923076923
line_27,r18,qft,8,1,33,63,26,2.423076923076923
line_27,r18,qft,8,1,44,63,26,2.423076923076923
line_27,r18,qft,8,1,55,65,26,2.5
line_27,r18,qft,8,3,11,49,26,1.8846153846153846
line_27,r18,qft,8,3,22,52,26,2.0
line_27,r18,qft,8,3,33,57,26,2.1923076923076925
line_27,r18,qft,8,3,44,49,26,1.8846153846153846
line_27,r18,qft,8,3,55,52,26,2.0
line_27,r18,qft,12,0,11,293,42,6.976190476190476
line_27,r18,qft,12,0,22,312,42,7.428571428571429
line_27,r18,qft,12,0,33,379,42,9.023809523809524
line_27,r18,qft,12,0,44,307,42,7.309523809523809
line_27,r18,qft,12,0,55,302,42,7.190476190476191
line_27,r18,qft,12,1,11,123,42,2.9285714285714284
line_27,r18,qft,12,1,22,125,42,2.9761904761904763
line_27,r18,qft,12,1,33,127,42,3.0238095238095237
line_27,r18,qft,12,1,44,115,42,2.738095238095238
line_27,r18,qft,12,1,55,116,42,2.761904761904762
line_27,r18,qft,12,3,11,91,42,2.1666666666666665
line_27,r18,qft,12,3,22,86,42,2.0476190476190474
line_27,r18,qft,12,3,33,93,42,2.2142857142857144
line_27,r18,qft,12,3,44,94,42,2.238095238095238
line_27,r18,qft,12,3,55,97,42,2.3095238095238093
line_27,r18,qft,16,0,11,456,58,7.862068965517241
line_27,r18,qft,16,0,22,469,58,8.086206896551724
line_27,r18,qft,16,0,33,429,58,7.396551724137931
line_27,r18,qft,16,0,44,415,58,7.155172413793103
line_27,r18,qft,16,0,55,402,58,6.931034482758621
line_27,r18,qft,16,1,11,171,58,2.9482758620689653
line_27,r18,qft,16,1,22,171,58,2.9482758620689653
line_27,r18,qft,16,1,33,175,58,3.0172413793103448
line_27,r18,qft,16,1,44,163,58,2.810344827586207
line_27,r18,qft,16,1,55,171,58,2.9482758620689653
line_27,r18,qft,16,3,11,135,58,2.3275862068965516
line_27,r18,qft,16,3,22,130,58,2.2413793103448274
line_27,r18,qft,16,3,33,117,58,2.0172413793103448
line_27,r18,qft,16,3,44,135,58,2.3275862068965516
line_27,r18,qft,16,3,55,115,58,1.9827586206896552
line_27,r18,qft,20,0,11,568,74,7.675675675675675
line_27,r18,qft,20,0,22,699,74,9.445945945945946
line_27,r18,qft,20,0,33,589,74,7.95945945945946
line_27,r18,qft,20,0,44,617,74,8.337837837837839
line_27,r18,qft,20,0,55,640,74,8.64864864864865
line_27,r18,qft,20,1,11,232,74,3.135135135135135
line_27,r18,qft,20,1,22,211,74,2.8513513513513513
line_27,r18,qft,20,1,33,219,74,2.9594594594594597
line_27,r18,qft,20,1,44,211,74,2.8513513513513513
line_27,r18,qft,20,1,55,221,74,2.9864864864864864
line_27,r18,qft,20,3,11,177,74,2.391891891891892
line_27,r18,qft,20,3,22,157,74,2.1216216216216215
line_27,r18,qft,20,3,33,169,74,2.2837837837837838
line_27,r18,qft,20,3,44,177,74,2.391891891891892
line_27,r18,qft,20,3,55,166,74,2.2432432432432434
line_27,r18,qft,24,0,11,884,90,9.822222222222223
line_27,r18,qft,24,0,22,823,90,9.144444444444444
line_27,r18,qft,24,0,33,902,90,10.022222222222222
line_27,r18,qft,24,0,44,931,90,10.344444444444445
line_27,r18,qft,24,0,55,910,90,10.11111111111111
line_27,r18,qft,24,1,11,262,90,2.911111111111111
line_27,r18,qft,24,1,22,253,90,2.811111111111111
line_27,r18,qft,24,1,33,267,90,2.966666666666667
line_27,r18,qft,24,1,44,265,90,2.9444444444444446
line_27,r18,qft,24,1,55,244,90,2.7111111111111112
line_27,r18,qft,24,3,11,216,90,2.4
line_27,r18,qft,24,3,22,217,90,2.411111111111111
line_27,r18,qft,24,3,33,210,90,2.3333333333333335
line_27,r18,qft,24,3,44,203,90,2.2555555555555555
line_27,r18,qft,24,3,55,207,90,2.3
line_27,r18,ghz_chain,4,0,11,36,3,12.0
line_27,r18,ghz_chain,4,0,22,36,3,12.0
line_27,r18,ghz_chain,4,0,33,45,3,15.0
line_27,r18,ghz_chain,4,0,44,42,3,14.0
line_27,r18,ghz_chain,4,0,55,39,3,13.0
line_27,r18,ghz_chain,4,1,11,3,3,1.0
line_27,r18,ghz_chain,4,1,22,3,3,1.0
line_27,r18,ghz_chain,4,1,33,3,3,1.0
line_27,r18,ghz_chain,4,1,44,3,3,1.0
line_27,r18,ghz_chain,4,1,55,3,3,1.0
line_27,r18,ghz_chain,4,3,11,3,3,1.0
line_27,r18,ghz_chain,4,3,22,3,3,1.0
line_27,r18,ghz_chain,4,3,33,3,3,1.0
line_27,r18,ghz_chain,4,3,44,3,3,1.0
line_27,r18,ghz_chain,4,3,55,3,3,1.0
line_27,r18,ghz_chain,8,0,11,66,7,9.428571428571429
line_27,r18,ghz_chain,8,0,22,90,7,12.857142857142858
line_27,r18,ghz_chain,8,0,33,100,7,14.285714285714286
line_27,r18,ghz_chain,8,0,44,103,7,14.714285714285714
line_27,r18,ghz_chain,8,0,55,81,7,11.571428571428571
line_27,r18,ghz_chain,8,1,11,7,7,1.0
line_27,r18,ghz_chain,8,1,22,7,7,1.0
line_27,r18,ghz_chain,8,1,33,7,7,1.0
line_27,r18,ghz_chain,8,1,44,7,7,1.0
line_27,r18,ghz_chain,8,1,55,7,7,1.0
line_27,r18,ghz_chain,8,3,11,7,7,1.0
line_27,r18,ghz_chain,8,3,22,7,7,1.0
line_27,r18,ghz_chain,8,3,33,7,7,1.0
line_27,r18,ghz_chain,8,3,44,7,7,1.0
line_27,r18,ghz_chain,8,3,55,7,7,1.0
line_27,r18,ghz_chain,12,0,11,143,11,13.0
line_27,r18,ghz_chain,12,0,22,158,11,14.363636363636363
line_27,r18,ghz_chain,12,0,33,146,11,13.272727272727273
line_27,r18,ghz_chain,12,0,44,140,11,12.727272727272727
line_27,r18,ghz_chain,12,0,55,139,11,12.636363636363637
line_27,r18,ghz_chain,12,1,11,11,11,1.0
line_27,r18,ghz_chain,12,1,22,11,11,1.0
line_27,r18,ghz_chain,12,1,33,11,11,1.0
line_27,r18,ghz_chain,12,1,44,11,11,1.0
line_27,r18,ghz_chain,12,1,55,11,11,1.0
line_27,r18,ghz_chain,12,3,11,11,11,1.0
line_27,r18,ghz_chain,12,3,22,11,11,1.0
line_27,r18,ghz_chain,12,3,33,11,11,1.0
line_27,r18,ghz_chain,12,3,44,11,11,1.0
line_27,r18,ghz_chain,12,3,55,11,11,1.0
line_27,r18,ghz_chain,16,0,11,201,15,13.4
line_27,r18,ghz_chain,16,0,22,210,15,14.0
line_27,r18,ghz_chain,16,0,33,183,15,12.2
line_27,r18,ghz_chain,16,0,44,201,15,13.4
line_27,r18,ghz_chain,16,0,55,179,15,11.933333333333334
line_27,r18,ghz_chain,16,1,11,15,15,1.0
line_27,r18,ghz_chain,16,1,22,15,15,1.0
line_27,r18,ghz_chain,16,1,33,15,15,1.0
line_27,r18,ghz_chain,16,1,44,15,15,1.0
line_27,r18,ghz_chain,16,1,55,15,15,1.0
line_27,r18,ghz_chain,16,3,11,15,15,1.0
line_27,r18,ghz_chain,16,3,22,15,15,1.0
line_27,r18,ghz_chain,16,3,33,15,15,1.0
line_27,r18,ghz_chain,16,3,44,15,15,1.0
line_27,r18,ghz_chain,16,3,55,15,15,1.0
line_27,r18,ghz_chain,20,0,11,259,19,13.631578947368421
line_27,r18,ghz_chain,20,0,22,253,19,13.31578947368421
line_27,r18,ghz_chain,20,0,33,269,19,14.157894736842104
line_27,r18,ghz_chain,20,0,44,257,19,13.526315789473685
line_27,r18,ghz_chain,20,0,55,225,19,11.842105263157896
line_27,r18,ghz_chain,20,1,11,19,19,1.0
line_27,r18,ghz_chain,20,1,22,19,19,1.0
line_27,r18,ghz_chain,20,1,33,19,19,1.0
line_27,r18,ghz_chain,20,1,44,19,19,1.0
line_27,r18,ghz_chain,20,1,55,19,19,1.0
line_27,r18,ghz_chain,20,3,11,19,19,1.0
line_27,r18,ghz_chain,20,3,22,19,19,1.0
line_27,r18,ghz_chain,20,3,33,19,19,1.0
line_27,r18,ghz_chain,20,3,44,19,19,1.0
line_27,r18,ghz_chain,20,3,55,19,19,1.0
line_27,r18,ghz_chain,24,0,11,323,23,14.043478260869565
line_27,r18,ghz_chain,24,0,22,317,23,13.782608695652174
line_27,r18,ghz_chain,24,0,33,290,23,12.608695652173912
line_27,r18,ghz_chain,24,0,44,315,23,13.695652173913043
line_27,r18,ghz_chain,24,0,55,341,23,14.826086956521738
line_27,r18,ghz_chain,24,1,11,23,23,1.0
line_27,r18,ghz_chain,24,1,22,23,23,1.0
line_27,r18,ghz_chain,24,1,33,23,23,1.0
line_27,r18,ghz_chain,24,1,44,23,23,1.0
line_27,r18,ghz_chain,24,1,55,23,23,1.0
line_27,r18,ghz_chain,24,3,11,23,23,1.0
line_27,r18,ghz_chain,24,3,22,23,23,1.0
line_27,r18,ghz_chain,24,3,33,23,23,1.0
line_27,r18,ghz_chain,24,3,44,23,23,1.0
line_27,r18,ghz_chain,24,3,55,23,23,1.0
line_27,r18,ghz_star,4,0,11,39,3,13.0
line_27,r18,ghz_star,4,0,22,36,3,12.0
line_27,r18,ghz_star,4,0,33,39,3,13.0
line_27,r18,ghz_star,4,0,44,42,3,14.0
line_27,r18,ghz_star,4,0,55,39,3,13.0
line_27,r18,ghz_star,4,1,11,6,3,2.0
line_27,r18,ghz_star,4,1,22,6,3,2.0
line_27,r18,ghz_star,4,1,33,6,3,2.0
line_27,r18,ghz_star,4,1,44,6,3,2.0
line_27,r18,ghz_star,4,1,55,6,3,2.0
line_27,r18,ghz_star,4,3,11,4,3,1.3333333333333333
line_27,r18,ghz_star,4,3,22,6,3,2.0
line_27,r18,ghz_star,4,3,33,4,3,1.3333333333333333
line_27,r18,ghz_star,4,3,44,4,3,1.3333333333333333
line_27,r18,ghz_star,4,3,55,6,3,2.0
line_27,r18,ghz_star,8,0,11,65,7,9.285714285714286
line_27,r18,ghz_star,8,0,22,88,7,12.571428571428571
line_27,r18,ghz_star,8,0,33,88,7,12.571428571428571
line_27,r18,ghz_star,8,0,44,105,7,15.0
line_27,r18,ghz_star,8,0,55,76,7,10.857142857142858
line_27,r18,ghz_star,8,1,11,22,7,3.142857142857143
line_27,r18,ghz_star,8,1,22,22,7,3.142857142857143
line_27,r18,ghz_star,8,1,33,22,7,3.142857142857143
line_27,r18,ghz_star,8,1,44,22,7,3.142857142857143
line_27,r18,ghz_star,8,1,55,22,7,3.142857142857143
line_27,r18,ghz_star,8,3,11,16,7,2.2857142857142856
line_27,r18,ghz_star,8,3,22,18,7,2.5714285714285716
line_27,r18,ghz_star,8,3,33,12,7,1.7142857142857142
line_27,r18,ghz_star,8,3,44,16,7,2.2857142857142856
line_27,r18,ghz_star,8,3,55,12,7,1.7142857142857142
line_27,r18,ghz_star,12,0,11,114,11,10.363636363636363
line_27,r18,ghz_star,12,0,22,158,11,14.363636363636363
line_27,r18,ghz_star,12,0,33,149,11,13.545454545454545
line_27,r18,ghz_star,12,0,44,137,11,12.454545454545455
line_27,r18,ghz_star,12,0,55,134,11,12.181818181818182
line_27,r18,ghz_star,12,1,11,38,11,3.4545454545454546
line_27,r18,ghz_star,12,1,22,38,11,3.4545454545454546
line_27,r18,ghz_star,12,1,33,38,11,3.4545454545454546
line_27,r18,ghz_star,12,1,44,38,11,3.4545454545454546
line_27,r18,ghz_star,12,1,55,38,11,3.4545454545454546
line_27,r18,ghz_star,12,3,11,20,11,1.8181818181818181
line_27,r18,ghz_star,12,3,22,24,11,2.1818181818181817
line_27,r18,ghz_star,12,3,33,20,11,1.8181818181818181
line_27,r18,ghz_star,12,3,44,20,11,1.8181818181818181
line_27,r18,ghz_star,12,3,55,20,11,1.8181818181818181
line_27,r18,ghz_star,16,0,11,204,15,13.6
line_27,r18,ghz_star,16,0,22,210,15,14.0
line_27,r18,ghz_star,16,0,33,198,15,13.2
line_27,r18,ghz_star,16,0,44,194,15,12.933333333333334
line_27,r18,ghz_star,16,0,55,171,15,11.4
line_27,r18,ghz_star,16,1,11,54,15,3.6
line_27,r18,ghz_star,16,1,22,54,15,3.6
line_27,r18,ghz_star,16,1,33,54,15,3.6
line_27,r18,ghz_star,16,1,44,54,15,3.6
line_27,r18,ghz_star,16,1,55,54,15,3.6
line_27,r18,ghz_star,16,3,11,28,15,1.8666666666666667
line_27,r18,ghz_star,16,3,22,28,15,1.8666666666666667
line_27,r18,ghz_star,16,3,33,28,15,1.8666666666666667
line_27,r18,ghz_star,16,3,44,28,15,1.8666666666666667
line_27,r18,ghz_star,16,3,55,28,15,1.8666666666666667
line_27,r18,ghz_star,20,0,11,253,19,13.31578947368421
line_27,r18,ghz_star,20,0,22,253,19,13.31578947368421
line_27,r18,ghz_star,20,0,33,244,19,12.842105263157896
line_27,r18,ghz_star,20,0,44,245,19,12.894736842105264
line_27,r18,ghz_star,20,0,55,211,19,11.105263157894736
line_27,r18,ghz_star,20,1,11,70,19,3.6842105263157894
line_27,r18,ghz_star,20,1,22,70,19,3.6842105263157894
line_27,r18,ghz_star,20,1,33,70,19,3.6842105263157894
line_27,r18,ghz_star,20,1,44,70,19,3.6842105263157894
line_27,r18,ghz_star,20,1,55,70,19,3.6842105263157894
line_27,r18,ghz_star,20,3,11,40,19,2.1052631578947367
line_27,r18,ghz_star,20,3,22,40,19,2.1052631578947367
line_27,r18,ghz_star,20,3,33,36,19,1.894736842105263
line_27,r18,ghz_star,20,3,44,36,19,1.894736842105263
line_27,r18,ghz_star,20,3,55,36,19,1.894736842105263
line_27,r18,ghz_star,24,0,11,332,23,14.434782608695652
line_27,r18,ghz_star,24,0,22,320,23,13.91304347826087
line_27,r18,ghz_star,24,0,33,305,23,13.26086956521739
line_27,r18,ghz_star,24,0,44,309,23,13.434782608695652
line_27,r18,ghz_star,24,0,55,284,23,12.347826086956522
line_27,r18,ghz_star,24,1,11,86,23,3.739130434782609
line_27,r18,ghz_star,24,1,22,86,23,3.739130434782609
line_27,r18,ghz_star,24,1,33,86,23,3.739130434782609
line_27,r18,ghz_star,24,1,44,86,23,3.739130434782609
line_27,r18,ghz_star,24,1,55,86,23,3.739130434782609
line_27,r18,ghz_star,24,3,11,48,23,2.0869565217391304
line_27,r18,ghz_star,24,3,22,48,23,2.0869565217391304
line_27,r18,ghz_star,24,3,33,48,23,2.0869565217391304
line_27,r18,ghz_star,24,3,44,48,23,2.0869565217391304
line_27,r18,ghz_star,24,3,55,48,23,2.0869565217391304
line_27,r18,efficient_su2,4,0,11,47,8,5.875
line_27,r18,efficient_su2,4,0,22,61,8,7.625
line_27,r18,efficient_su2,4,0,33,51,8,6.375
line_27,r18,efficient_su2,4,0,44,46,8,5.75
line_27,r18,efficient_su2,4,0,55,47,8,5.875
line_27,r18,efficient_su2,4,1,11,17,8,2.125
line_27,r18,efficient_su2,4,1,22,19,8,2.375
line_27,r18,efficient_su2,4,1,33,17,8,2.125
line_27,r18,efficient_su2,4,1,44,17,8,2.125
line_27,r18,efficient_su2,4,1,55,17,8,2.125
line_27,r18,efficient_su2,4,3,11,17,8,2.125
line_27,r18,efficient_su2,4,3,22,14,8,1.75
line_27,r18,efficient_su2,4,3,33,14,8,1.75
line_27,r18,efficient_su2,4,3,44,14,8,1.75
line_27,r18,efficient_su2,4,3,55,14,8,1.75
line_27,r18,efficient_su2,8,0,11,108,16,6.75
line_27,r18,efficient_su2,8,0,22,139,16,8.6875
line_27,r18,efficient_su2,8,0,33,153,16,9.5625
line_27,r18,efficient_su2,8,0,44,131,16,8.1875
line_27,r18,efficient_su2,8,0,55,125,16,7.8125
line_27,r18,efficient_su2,8,1,11,50,16,3.125
line_27,r18,efficient_su2,8,1,22,50,16,3.125
line_27,r18,efficient_su2,8,1,33,50,16,3.125
line_27,r18,efficient_su2,8,1,44,50,16,3.125
line_27,r18,efficient_su2,8,1,55,50,16,3.125
line_27,r18,efficient_su2,8,3,11,46,16,2.875
line_27,r18,efficient_su2,8,3,22,46,16,2.875
line_27,r18,efficient_su2,8,3,33,46,16,2.875
line_27,r18,efficient_su2,8,3,44,46,16,2.875
line_27,r18,efficient_su2,8,3,55,46,16,2.875
line_27,r18,efficient_su2,12,0,11,247,24,10.291666666666666
line_27,r18,efficient_su2,12,0,22,245,24,10.208333333333334
line_27,r18,efficient_su2,12,0,33,266,24,11.083333333333334
line_27,r18,efficient_su2,12,0,44,220,24,9.166666666666666
line_27,r18,efficient_su2,12,0,55,213,24,8.875
line_27,r18,efficient_su2,12,1,11,82,24,3.4166666666666665
line_27,r18,efficient_su2,12,1,22,82,24,3.4166666666666665
line_27,r18,efficient_su2,12,1,33,82,24,3.4166666666666665
line_27,r18,efficient_su2,12,1,44,82,24,3.4166666666666665
line_27,r18,efficient_su2,12,1,55,82,24,3.4166666666666665
line_27,r18,efficient_su2,12,3,11,78,24,3.25
line_27,r18,efficient_su2,12,3,22,78,24,3.25
line_27,r18,efficient_su2,12,3,33,78,24,3.25
line_27,r18,efficient_su2,12,3,44,78,24,3.25
line_27,r18,efficient_su2,12,3,55,78,24,3.25
line_27,r18,efficient_su2,16,0,11,291,32,9.09375
line_27,r18,efficient_su2,16,0,22,311,32,9.71875
line_27,r18,efficient_su2,16,0,33,368,32,11.5
line_27,r18,efficient_su2,16,0,44,331,32,10.34375
line_27,r18,efficient_su2,16,0,55,274,32,8.5625
line_27,r18,efficient_su2,16,1,11,114,32,3.5625
line_27,r18,efficient_su2,16,1,22,114,32,3.5625
line_27,r18,efficient_su2,16,1,33,114,32,3.5625
line_27,r18,efficient_su2,16,1,44,114,32,3.5625
line_27,r18,efficient_su2,16,1,55,114,32,3.5625
line_27,r18,efficient_su2,16,3,11,110,32,3.4375
line_27,r18,efficient_su2,16,3,22,110,32,3.4375
line_27,r18,efficient_su2,16,3,33,110,32,3.4375
line_27,r18,efficient_su2,16,3,44,110,32,3.4375
line_27,r18,efficient_su2,16,3,55,110,32,3.4375
line_27,r18,efficient_su2,20,0,11,424,40,10.6
line_27,r18,efficient_su2,20,0,22,413,40,10.325
line_27,r18,efficient_su2,20,0,33,425,40,10.625
line_27,r18,efficient_su2,20,0,44,416,40,10.4
line_27,r18,efficient_su2,20,0,55,391,40,9.775
line_27,r18,efficient_su2,20,1,11,146,40,3.65
line_27,r18,efficient_su2,20,1,22,146,40,3.65
line_27,r18,efficient_su2,20,1,33,146,40,3.65
line_27,r18,efficient_su2,20,1,44,146,40,3.65
line_27,r18,efficient_su2,20,1,55,146,40,3.65
line_27,r18,efficient_su2,20,3,11,142,40,3.55
line_27,r18,efficient_su2,20,3,22,142,40,3.55
line_27,r18,efficient_su2,20,3,33,142,40,3.55
line_27,r18,efficient_su2,20,3,44,142,40,3.55
line_27,r18,efficient_su2,20,3,55,142,40,3.55
line_27,r18,efficient_su2,24,0,11,645,48,13.4375
line_27,r18,efficient_su2,24,0,22,558,48,11.625
line_27,r18,efficient_su2,24,0,33,629,48,13.104166666666666
line_27,r18,efficient_su2,24,0,44,523,48,10.895833333333334
line_27,r18,efficient_su2,24,0,55,628,48,13.083333333333334
line_27,r18,efficient_su2,24,1,11,187,48,3.8958333333333335
line_27,r18,efficient_su2,24,1,22,183,48,3.8125
line_27,r18,efficient_su2,24,1,33,183,48,3.8125
line_27,r18,efficient_su2,24,1,44,187,48,3.8958333333333335
line_27,r18,efficient_su2,24,1,55,183,48,3.8125
line_27,r18,efficient_su2,24,3,11,175,48,3.6458333333333335
line_27,r18,efficient_su2,24,3,22,179,48,3.7291666666666665
line_27,r18,efficient_su2,24,3,33,175,48,3.6458333333333335
line_27,r18,efficient_su2,24,3,44,175,48,3.6458333333333335
line_27,r18,efficient_su2,24,3,55,179,48,3.7291666666666665
line_27,r19,qft,4,0,11,56,10,5.6
line_27,r19,qft,4,0,22,50,10,5.0
line_27,r19,qft,4,0,33,56,10,5.6
line_27,r19,qft,4,0,44,50,10,5.0
line_27,r19,qft,4,0,55,50,10,5.0
line_27,r19,qft,4,1,11,19,10,1.9
line_27,r19,qft,4,1,22,19,10,1.9
line_27,r19,qft,4,1,33,19,10,1.9
line_27,r19,qft,4,1,44,19,10,1.9
line_27,r19,qft,4,1,55,19,10,1.9
line_27,r19,qft,4,3,11,15,10,1.5
line_27,r19,qft,4,3,22,17,10,1.7
line_27,r19,qft,4,3,33,17,10,1.7
line_27,r19,qft,4,3,44,15,10,1.5
line_27,r19,qft,4,3,55,15,10,1.5
line_27,r19,qft,8,0,11,182,26,7.0
line_27,r19,qft,8,0,22,172,26,6.615384615384615
line_27,r19,qft,8,0,33,183,26,7.038461538461538
line_27,r19,qft,8,0,44,171,26,6.576923076923077
line_27,r19,qft,8,0,55,179,26,6.884615384615385
line_27,r19,qft,8,1,11,63,26,2.423076923076923
line_27,r19,qft,8,1,22,68,26,2.6153846153846154
line_27,r19,qft,8,1,33,62,26,2.3846153846153846
line_27,r19,qft,8,1,44,63,26,2.423076923076923
line_27,r19,qft,8,1,55,59,26,2.269230769230769
line_27,r19,qft,8,3,11,52,26,2.0
line_27,r19,qft,8,3,22,52,26,2.0
line_27,r19,qft,8,3,33,57,26,2.1923076923076925
line_27,r19,qft,8,3,44,49,26,1.8846153846153846
line_27,r19,qft,8,3,55,57,26,2.1923076923076925
line_27,r19,qft,12,0,11,279,42,6.642857142857143
line_27,r19,qft,12,0,22,266,42,6.333333333333333
line_27,r19,qft,12,0,33,314,42,7.476190476190476
line_27,r19,qft,12,0,44,248,42,5.904761904761905
line_27,r19,qft,12,0,55,291,42,6.928571428571429
line_27,r19,qft,12,1,11,125,42,2.9761904761904763
line_27,r19,qft,12,1,22,115,42,2.738095238095238
line_27,r19,qft,12,1,33,123,42,2.9285714285714284
line_27,r19,qft,12,1,44,119,42,2.8333333333333335
line_27,r19,qft,12,1,55,115,42,2.738095238095238
line_27,r19,qft,12,3,11,91,42,2.1666666666666665
line_27,r19,qft,12,3,22,91,42,2.1666666666666665
line_27,r19,qft,12,3,33,91,42,2.1666666666666665
line_27,r19,qft,12,3,44,97,42,2.3095238095238093
line_27,r19,qft,12,3,55,97,42,2.3095238095238093
line_27,r19,qft,16,0,11,523,58,9.017241379310345
line_27,r19,qft,16,0,22,354,58,6.103448275862069
line_27,r19,qft,16,0,33,407,58,7.017241379310345
line_27,r19,qft,16,0,44,411,58,7.086206896551724
line_27,r19,qft,16,0,55,405,58,6.982758620689655
line_27,r19,qft,16,1,11,163,58,2.810344827586207
line_27,r19,qft,16,1,22,175,58,3.0172413793103448
line_27,r19,qft,16,1,33,174,58,3.0
line_27,r19,qft,16,1,44,174,58,3.0
line_27,r19,qft,16,1,55,165,58,2.8448275862068964
line_27,r19,qft,16,3,11,137,58,2.3620689655172415
line_27,r19,qft,16,3,22,131,58,2.2586206896551726
line_27,r19,qft,16,3,33,117,58,2.0172413793103448
line_27,r19,qft,16,3,44,135,58,2.3275862068965516
line_27,r19,qft,16,3,55,115,58,1.9827586206896552
line_27,r19,qft,20,0,11,572,74,7.72972972972973
line_27,r19,qft,20,0,22,639,74,8.635135135135135
line_27,r19,qft,20,0,33,644,74,8.702702702702704
line_27,r19,qft,20,0,44,696,74,9.405405405405405
line_27,r19,qft,20,0,55,582,74,7.864864864864865
line_27,r19,qft,20,1,11,222,74,3.0
line_27,r19,qft,20,1,22,221,74,2.9864864864864864
line_27,r19,qft,20,1,33,235,74,3.175675675675676
line_27,r19,qft,20,1,44,219,74,2.9594594594594597
line_27,r19,qft,20,1,55,219,74,2.9594594594594597
line_27,r19,qft,20,3,11,159,74,2.1486486486486487
line_27,r19,qft,20,3,22,166,74,2.2432432432432434
line_27,r19,qft,20,3,33,165,74,2.22972972972973
line_27,r19,qft,20,3,44,159,74,2.1486486486486487
line_27,r19,qft,20,3,55,163,74,2.2027027027027026
line_27,r19,qft,24,0,11,950,90,10.555555555555555
line_27,r19,qft,24,0,22,775,90,8.61111111111111
line_27,r19,qft,24,0,33,889,90,9.877777777777778
line_27,r19,qft,24,0,44,757,90,8.411111111111111
line_27,r19,qft,24,0,55,776,90,8.622222222222222
line_27,r19,qft,24,1,11,278,90,3.088888888888889
line_27,r19,qft,24,1,22,247,90,2.7444444444444445
line_27,r19,qft,24,1,33,275,90,3.0555555555555554
line_27,r19,qft,24,1,44,265,90,2.9444444444444446
line_27,r19,qft,24,1,55,263,90,2.922222222222222
line_27,r19,qft,24,3,11,212,90,2.3555555555555556
line_27,r19,qft,24,3,22,182,90,2.022222222222222
line_27,r19,qft,24,3,33,207,90,2.3
line_27,r19,qft,24,3,44,193,90,2.1444444444444444
line_27,r19,qft,24,3,55,217,90,2.411111111111111
line_27,r19,ghz_chain,4,0,11,42,3,14.0
line_27,r19,ghz_chain,4,0,22,42,3,14.0
line_27,r19,ghz_chain,4,0,33,45,3,15.0
line_27,r19,ghz_chain,4,0,44,45,3,15.0
line_27,r19,ghz_chain,4,0,55,39,3,13.0
line_27,r19,ghz_chain,4,1,11,3,3,1.0
line_27,r19,ghz_chain,4,1,22,3,3,1.0
line_27,r19,ghz_chain,4,1,33,3,3,1.0
line_27,r19,ghz_chain,4,1,44,3,3,1.0
line_27,r19,ghz_chain,4,1,55,3,3,1.0
line_27,r19,ghz_chain,4,3,11,3,3,1.0
line_27,r19,ghz_chain,4,3,22,3,3,1.0
line_27,r19,ghz_chain,4,3,33,3,3,1.0
line_27,r19,ghz_chain,4,3,44,3,3,1.0
line_27,r19,ghz_chain,4,3,55,3,3,1.0
line_27,r19,ghz_chain,8,0,11,109,7,15.571428571428571
line_27,r19,ghz_chain,8,0,22,94,7,13.428571428571429
line_27,r19,ghz_chain,8,0,33,91,7,13.0
line_27,r19,ghz_chain,8,0,44,97,7,13.857142857142858
line_27,r19,ghz_chain,8,0,55,82,7,11.714285714285714
line_27,r19,ghz_chain,8,1,11,7,7,1.0
line_27,r19,ghz_chain,8,1,22,7,7,1.0
line_27,r19,ghz_chain,8,1,33,7,7,1.0
line_27,r19,ghz_chain,8,1,44,7,7,1.0
line_27,r19,ghz_chain,8,1,55,7,7,1.0
line_27,r19,ghz_chain,8,3,11,7,7,1.0
line_27,r19,ghz_chain,8,3,22,7,7,1.0
line_27,r19,ghz_chain,8,3,33,7,7,1.0
line_27,r19,ghz_chain,8,3,44,7,7,1.0
line_27,r19,ghz_chain,8,3,55,7,7,1.0
line_27,r19,ghz_chain,12,0,11,140,11,12.727272727272727
line_27,r19,ghz_chain,12,0,22,128,11,11.636363636363637
line_27,r19,ghz_chain,12,0,33,137,11,12.454545454545455
line_27,r19,ghz_chain,12,0,44,122,11,11.090909090909092
line_27,r19,ghz_chain,12,0,55,116,11,10.545454545454545
line_27,r19,ghz_chain,12,1,11,11,11,1.0
line_27,r19,ghz_chain,12,1,22,11,11,1.0
line_27,r19,ghz_chain,12,1,33,11,11,1.0
line_27,r19,ghz_chain,12,1,44,11,11,1.0
line_27,r19,ghz_chain,12,1,55,11,11,1.0
line_27,r19,ghz_chain,12,3,11,11,11,1.0
line_27,r19,ghz_chain,12,3,22,11,11,1.0
line_27,r19,ghz_chain,12,3,33,11,11,1.0
line_27,r19,ghz_chain,12,3,44,11,11,1.0
line_27,r19,ghz_chain,12,3,55,11,11,1.0
line_27,r19,ghz_chain,16,0,11,177,15,11.8
line_27,r19,ghz_chain,16,0,22,168,15,11.2
line_27,r19,ghz_chain,16,0,33,189,15,12.6
line_27,r19,ghz_chain,16,0,44,168,15,11.2
line_27,r19,ghz_chain,16,0,55,170,15,11.333333333333334
line_27,r19,ghz_chain,16,1,11,15,15,1.0
line_27,r19,ghz_chain,16,1,22,15,15,1.0
line_27,r19,ghz_chain,16,1,33,15,15,1.0
line_27,r19,ghz_chain,16,1,44,15,15,1.0
line_27,r19,ghz_chain,16,1,55,15,15,1.0
line_27,r19,ghz_chain,16,3,11,15,15,1.0
line_27,r19,ghz_chain,16,3,22,15,15,1.0
line_27,r19,ghz_chain,16,3,33,15,15,1.0
line_27,r19,ghz_chain,16,3,44,15,15,1.0
line_27,r19,ghz_chain,16,3,55,15,15,1.0
line_27,r19,ghz_chain,20,0,11,252,19,13.263157894736842
line_27,r19,ghz_chain,20,0,22,220,19,11.578947368421053
line_27,r19,ghz_chain,20,0,33,246,19,12.947368421052632
line_27,r19,ghz_chain,20,0,44,232,19,12.210526315789474
line_27,r19,ghz_chain,20,0,55,208,19,10.947368421052632
line_27,r19,ghz_chain,20,1,11,19,19,1.0
line_27,r19,ghz_chain,20,1,22,19,19,1.0
line_27,r19,ghz_chain,20,1,33,19,19,1.0
line_27,r19,ghz_chain,20,1,44,19,19,1.0
line_27,r19,ghz_chain,20,1,55,19,19,1.0
line_27,r19,ghz_chain,20,3,11,19,19,1.0
line_27,r19,ghz_chain,20,3,22,19,19,1.0
line_27,r19,ghz_chain,20,3,33,19,19,1.0
line_27,r19,ghz_chain,20,3,44,19,19,1.0
line_27,r19,ghz_chain,20,3,55,19,19,1.0
line_27,r19,ghz_chain,24,0,11,331,23,14.391304347826088
line_27,r19,ghz_chain,24,0,22,299,23,13.0
line_27,r19,ghz_chain,24,0,33,304,23,13.217391304347826
line_27,r19,ghz_chain,24,0,44,332,23,14.434782608695652
line_27,r19,ghz_chain,24,0,55,281,23,12.217391304347826
line_27,r19,ghz_chain,24,1,11,23,23,1.0
line_27,r19,ghz_chain,24,1,22,23,23,1.0
line_27,r19,ghz_chain,24,1,33,23,23,1.0
line_27,r19,ghz_chain,24,1,44,23,23,1.0
line_27,r19,ghz_chain,24,1,55,23,23,1.0
line_27,r19,ghz_chain,24,3,11,23,23,1.0
line_27,r19,ghz_chain,24,3,22,23,23,1.0
line_27,r19,ghz_chain,24,3,33,23,23,1.0
line_27,r19,ghz_chain,24,3,44,23,23,1.0
line_27,r19,ghz_chain,24,3,55,23,23,1.0
line_27,r19,ghz_star,4,0,11,42,3,14.0
line_27,r19,ghz_star,4,0,22,42,3,14.0
line_27,r19,ghz_star,4,0,33,45,3,15.0
line_27,r19,ghz_star,4,0,44,45,3,15.0
line_27,r19,ghz_star,4,0,55,39,3,13.0
line_27,r19,ghz_star,4,1,11,6,3,2.0
line_27,r19,ghz_star,4,1,22,5,3,1.6666666666666667
line_27,r19,ghz_star,4,1,33,6,3,2.0
line_27,r19,ghz_star,4,1,44,5,3,1.6666666666666667
line_27,r19,ghz_star,4,1,55,6,3,2.0
line_27,r19,ghz_star,4,3,11,4,3,1.3333333333333333
line_27,r19,ghz_star,4,3,22,6,3,2.0
line_27,r19,ghz_star,4,3,33,6,3,2.0
line_27,r19,ghz_star,4,3,44,6,3,2.0
line_27,r19,ghz_star,4,3,55,5,3,1.6666666666666667
line_27,r19,ghz_star,8,0,11,106,7,15.142857142857142
line_27,r19,ghz_star,8,0,22,94,7,13.428571428571429
line_27,r19,ghz_star,8,0,33,91,7,13.0
line_27,r19,ghz_star,8,0,44,97,7,13.857142857142858
line_27,r19,ghz_star,8,0,55,94,7,13.428571428571429
line_27,r19,ghz_star,8,1,11,21,7,3.0
line_27,r19,ghz_star,8,1,22,19,7,2.7142857142857144
line_27,r19,ghz_star,8,1,33,30,7,4.285714285714286
line_27,r19,ghz_star,8,1,44,28,7,4.0
line_27,r19,ghz_star,8,1,55,27,7,3.857142857142857
line_27,r19,ghz_star,8,3,11,23,7,3.2857142857142856
line_27,r19,ghz_star,8,3,22,20,7,2.857142857142857
line_27,r19,ghz_star,8,3,33,24,7,3.4285714285714284
line_27,r19,ghz_star,8,3,44,22,7,3.142857142857143
line_27,r19,ghz_star,8,3,55,21,7,3.0
line_27,r19,ghz_star,12,0,11,134,11,12.181818181818182
line_27,r19,ghz_star,12,0,22,131,11,11.909090909090908
line_27,r19,ghz_star,12,0,33,134,11,12.181818181818182
line_27,r19,ghz_star,12,0,44,122,11,11.090909090909092
line_27,r19,ghz_star,12,0,55,116,11,10.545454545454545
line_27,r19,ghz_star,12,1,11,49,11,4.454545454545454
line_27,r19,ghz_star,12,1,22,49,11,4.454545454545454
line_27,r19,ghz_star,12,1,33,52,11,4.7272727272727275
line_27,r19,ghz_star,12,1,44,49,11,4.454545454545454
line_27,r19,ghz_star,12,1,55,49,11,4.454545454545454
line_27,r19,ghz_star,12,3,11,39,11,3.5454545454545454
line_27,r19,ghz_star,12,3,22,40,11,3.6363636363636362
line_27,r19,ghz_star,12,3,33,40,11,3.6363636363636362
line_27,r19,ghz_star,12,3,44,35,11,3.1818181818181817
line_27,r19,ghz_star,12,3,55,40,11,3.6363636363636362
line_27,r19,ghz_star,16,0,11,180,15,12.0
line_27,r19,ghz_star,16,0,22,177,15,11.8
line_27,r19,ghz_star,16,0,33,186,15,12.4
line_27,r19,ghz_star,16,0,44,168,15,11.2
line_27,r19,ghz_star,16,0,55,174,15,11.6
line_27,r19,ghz_star,16,1,11,98,15,6.533333333333333
line_27,r19,ghz_star,16,1,22,104,15,6.933333333333334
line_27,r19,ghz_star,16,1,33,96,15,6.4
line_27,r19,ghz_star,16,1,44,87,15,5.8
line_27,r19,ghz_star,16,1,55,98,15,6.533333333333333
line_27,r19,ghz_star,16,3,11,81,15,5.4
line_27,r19,ghz_star,16,3,22,70,15,4.666666666666667
line_27,r19,ghz_star,16,3,33,82,15,5.466666666666667
line_27,r19,ghz_star,16,3,44,51,15,3.4
line_27,r19,ghz_star,16,3,55,91,15,6.066666666666666
line_27,r19,ghz_star,20,0,11,238,19,12.526315789473685
line_27,r19,ghz_star,20,0,22,253,19,13.31578947368421
line_27,r19,ghz_star,20,0,33,241,19,12.68421052631579
line_27,r19,ghz_star,20,0,44,235,19,12.368421052631579
line_27,r19,ghz_star,20,0,55,202,19,10.631578947368421
line_27,r19,ghz_star,20,1,11,123,19,6.473684210526316
line_27,r19,ghz_star,20,1,22,133,19,7.0
line_27,r19,ghz_star,20,1,33,136,19,7.157894736842105
line_27,r19,ghz_star,20,1,44,102,19,5.368421052631579
line_27,r19,ghz_star,20,1,55,156,19,8.210526315789474
line_27,r19,ghz_star,20,3,11,111,19,5.842105263157895
line_27,r19,ghz_star,20,3,22,109,19,5.7368421052631575
line_27,r19,ghz_star,20,3,33,99,19,5.2105263157894735
line_27,r19,ghz_star,20,3,44,80,19,4.2105263157894735
line_27,r19,ghz_star,20,3,55,108,19,5.684210526315789
line_27,r19,ghz_star,24,0,11,317,23,13.782608695652174
line_27,r19,ghz_star,24,0,22,290,23,12.608695652173912
line_27,r19,ghz_star,24,0,33,293,23,12.73913043478261
line_27,r19,ghz_star,24,0,44,329,23,14.304347826086957
line_27,r19,ghz_star,24,0,55,317,23,13.782608695652174
line_27,r19,ghz_star,24,1,11,157,23,6.826086956521739
line_27,r19,ghz_star,24,1,22,170,23,7.391304347826087
line_27,r19,ghz_star,24,1,33,185,23,8.043478260869565
line_27,r19,ghz_star,24,1,44,123,23,5.3478260869565215
line_27,r19,ghz_star,24,1,55,174,23,7.565217391304348
line_27,r19,ghz_star,24,3,11,139,23,6.043478260869565
line_27,r19,ghz_star,24,3,22,131,23,5.695652173913044
line_27,r19,ghz_star,24,3,33,169,23,7.3478260869565215
line_27,r19,ghz_star,24,3,44,109,23,4.739130434782608
line_27,r19,ghz_star,24,3,55,138,23,6.0
line_27,r19,efficient_su2,4,0,11,61,8,7.625
line_27,r19,efficient_su2,4,0,22,55,8,6.875
line_27,r19,efficient_su2,4,0,33,49,8,6.125
line_27,r19,efficient_su2,4,0,44,44,8,5.5
line_27,r19,efficient_su2,4,0,55,54,8,6.75
line_27,r19,efficient_su2,4,1,11,18,8,2.25
line_27,r19,efficient_su2,4,1,22,17,8,2.125
line_27,r19,efficient_su2,4,1,33,17,8,2.125
line_27,r19,efficient_su2,4,1,44,16,8,2.0
line_27,r19,efficient_su2,4,1,55,16,8,2.0
line_27,r19,efficient_su2,4,3,11,14,8,1.75
line_27,r19,efficient_su2,4,3,22,16,8,2.0
line_27,r19,efficient_su2,4,3,33,14,8,1.75
line_27,r19,efficient_su2,4,3,44,14,8,1.75
line_27,r19,efficient_su2,4,3,55,14,8,1.75
line_27,r19,efficient_su2,8,0,11,135,16,8.4375
line_27,r19,efficient_su2,8,0,22,178,16,11.125
line_27,r19,efficient_su2,8,0,33,175,16,10.9375
line_27,r19,efficient_su2,8,0,44,126,16,7.875
line_27,r19,efficient_su2,8,0,55,148,16,9.25
line_27,r19,efficient_su2,8,1,11,50,16,3.125
line_27,r19,efficient_su2,8,1,22,50,16,3.125
line_27,r19,efficient_su2,8,1,33,50,16,3.125
line_27,r19,efficient_su2,8,1,44,50,16,3.125
line_27,r19,efficient_su2,8,1,55,50,16,3.125
line_27,r19,efficient_su2,8,3,11,46,16,2.875
line_27,r19,efficient_su2,8,3,22,46,16,2.875
line_27,r19,efficient_su2,8,3,33,46,16,2.875
line_27,r19,efficient_su2,8,3,44,46,16,2.875
line_27,r19,efficient_su2,8,3,55,46,16,2.875
line_27,r19,efficient_su2,12,0,11,221,24,9.208333333333334
line_27,r19,efficient_su2,12,0,22,194,24,8.083333333333334
line_27,r19,efficient_su2,12,0,33,198,24,8.25
line_27,r19,efficient_su2,12,0,44,197,24,8.208333333333334
line_27,r19,efficient_su2,12,0,55,191,24,7.958333333333333
line_27,r19,efficient_su2,12,1,11,82,24,3.4166666666666665
line_27,r19,efficient_su2,12,1,22,82,24,3.4166666666666665
line_27,r19,efficient_su2,12,1,33,82,24,3.4166666666666665
line_27,r19,efficient_su2,12,1,44,82,24,3.4166666666666665
line_27,r19,efficient_su2,12,1,55,82,24,3.4166666666666665
line_27,r19,efficient_su2,12,3,11,78,24,3.25
line_27,r19,efficient_su2,12,3,22,78,24,3.25
line_27,r19,efficient_su2,12,3,33,78,24,3.25
line_27,r19,efficient_su2,12,3,44,78,24,3.25
line_27,r19,efficient_su2,12,3,55,78,24,3.25
line_27,r19,efficient_su2,16,0,11,290,32,9.0625
line_27,r19,efficient_su2,16,0,22,287,32,8.96875
line_27,r19,efficient_su2,16,0,33,322,32,10.0625
line_27,r19,efficient_su2,16,0,44,298,32,9.3125
line_27,r19,efficient_su2,16,0,55,279,32,8.71875
line_27,r19,efficient_su2,16,1,11,114,32,3.5625
line_27,r19,efficient_su2,16,1,22,114,32,3.5625
line_27,r19,efficient_su2,16,1,33,114,32,3.5625
line_27,r19,efficient_su2,16,1,44,114,32,3.5625
line_27,r19,efficient_su2,16,1,55,114,32,3.5625
line_27,r19,efficient_su2,16,3,11,110,32,3.4375
line_27,r19,efficient_su2,16,3,22,110,32,3.4375
line_27,r19,efficient_su2,16,3,33,110,32,3.4375
line_27,r19,efficient_su2,16,3,44,110,32,3.4375
line_27,r19,efficient_su2,16,3,55,110,32,3.4375
line_27,r19,efficient_su2,20,0,11,404,40,10.1
line_27,r19,efficient_su2,20,0,22,427,40,10.675
line_27,r19,efficient_su2,20,0,33,411,40,10.275
line_27,r19,efficient_su2,20,0,44,420,40,10.5
line_27,r19,efficient_su2,20,0,55,447,40,11.175
line_27,r19,efficient_su2,20,1,11,146,40,3.65
line_27,r19,efficient_su2,20,1,22,146,40,3.65
line_27,r19,efficient_su2,20,1,33,146,40,3.65
line_27,r19,efficient_su2,20,1,44,146,40,3.65
line_27,r19,efficient_su2,20,1,55,146,40,3.65
line_27,r19,efficient_su2,20,3,11,142,40,3.55
line_27,r19,efficient_su2,20,3,22,142,40,3.55
line_27,r19,efficient_su2,20,3,33,142,40,3.55
line_27,r19,efficient_su2,20,3,44,142,40,3.55
line_27,r19,efficient_su2,20,3,55,142,40,3.55
line_27,r19,efficient_su2,24,0,11,593,48,12.354166666666666
line_27,r19,efficient_su2,24,0,22,636,48,13.25
line_27,r19,efficient_su2,24,0,33,595,48,12.395833333333334
line_27,r19,efficient_su2,24,0,44,621,48,12.9375
line_27,r19,efficient_su2,24,0,55,596,48,12.416666666666666
line_27,r19,efficient_su2,24,1,11,178,48,3.7083333333333335
line_27,r19,efficient_su2,24,1,22,178,48,3.7083333333333335
line_27,r19,efficient_su2,24,1,33,178,48,3.7083333333333335
line_27,r19,efficient_su2,24,1,44,178,48,3.7083333333333335
line_27,r19,efficient_su2,24,1,55,178,48,3.7083333333333335
line_27,r19,efficient_su2,24,3,11,174,48,3.625
line_27,r19,efficient_su2,24,3,22,174,48,3.625
line_27,r19,efficient_su2,24,3,33,174,48,3.625
line_27,r19,efficient_su2,24,3,44,174,48,3.625
line_27,r19,efficient_su2,24,3,55,174,48,3.625
line_27,r20,qft,4,0,11,58,10,5.8
line_27,r20,qft,4,0,22,49,10,4.9
line_27,r20,qft,4,0,33,58,10,5.8
line_27,r20,qft,4,0,44,46,10,4.6
line_27,r20,qft,4,0,55,58,10,5.8
line_27,r20,qft,4,1,11,19,10,1.9
line_27,r20,qft,4,1,22,19,10,1.9
line_27,r20,qft,4,1,33,19,10,1.9
line_27,r20,qft,4,1,44,19,10,1.9
line_27,r20,qft,4,1,55,19,10,1.9
line_27,r20,qft,4,3,11,15,10,1.5
line_27,r20,qft,4,3,22,17,10,1.7
line_27,r20,qft,4,3,33,17,10,1.7
line_27,r20,qft,4,3,44,17,10,1.7
line_27,r20,qft,4,3,55,17,10,1.7
line_27,r20,qft,8,0,11,132,26,5.076923076923077
line_27,r20,qft,8,0,22,131,26,5.038461538461538
line_27,r20,qft,8,0,33,151,26,5.8076923076923075
line_27,r20,qft,8,0,44,149,26,5.730769230769231
line_27,r20,qft,8,0,55,141,26,5.423076923076923
line_27,r20,qft,8,1,11,67,26,2.576923076923077
line_27,r20,qft,8,1,22,63,26,2.423076923076923
line_27,r20,qft,8,1,33,70,26,2.6923076923076925
line_27,r20,qft,8,1,44,67,26,2.576923076923077
line_27,r20,qft,8,1,55,65,26,2.5
line_27,r20,qft,8,3,11,55,26,2.1153846153846154
line_27,r20,qft,8,3,22,52,26,2.0
line_27,r20,qft,8,3,33,57,26,2.1923076923076925
line_27,r20,qft,8,3,44,49,26,1.8846153846153846
line_27,r20,qft,8,3,55,57,26,2.1923076923076925
line_27,r20,qft,12,0,11,235,42,5.595238095238095
line_27,r20,qft,12,0,22,238,42,5.666666666666667
line_27,r20,qft,12,0,33,221,42,5.261904761904762
line_27,r20,qft,12,0,44,253,42,6.023809523809524
line_27,r20,qft,12,0,55,241,42,5.738095238095238
line_27,r20,qft,12,1,11,119,42,2.8333333333333335
line_27,r20,qft,12,1,22,111,42,2.642857142857143
line_27,r20,qft,12,1,33,119,42,2.8333333333333335
line_27,r20,qft,12,1,44,109,42,2.5952380952380953
line_27,r20,qft,12,1,55,115,42,2.738095238095238
line_27,r20,qft,12,3,11,91,42,2.1666666666666665
line_27,r20,qft,12,3,22,91,42,2.1666666666666665
line_27,r20,qft,12,3,33,93,42,2.2142857142857144
line_27,r20,qft,12,3,44,94,42,2.238095238095238
line_27,r20,qft,12,3,55,97,42,2.3095238095238093
line_27,r20,qft,16,0,11,430,58,7.413793103448276
line_27,r20,qft,16,0,22,465,58,8.017241379310345
line_27,r20,qft,16,0,33,438,58,7.551724137931035
line_27,r20,qft,16,0,44,503,58,8.672413793103448
line_27,r20,qft,16,0,55,406,58,7.0
line_27,r20,qft,16,1,11,171,58,2.9482758620689653
line_27,r20,qft,16,1,22,171,58,2.9482758620689653
line_27,r20,qft,16,1,33,171,58,2.9482758620689653
line_27,r20,qft,16,1,44,163,58,2.810344827586207
line_27,r20,qft,16,1,55,163,58,2.810344827586207
line_27,r20,qft,16,3,11,135,58,2.3275862068965516
line_27,r20,qft,16,3,22,127,58,2.189655172413793
line_27,r20,qft,16,3,33,117,58,2.0172413793103448
line_27,r20,qft,16,3,44,135,58,2.3275862068965516
line_27,r20,qft,16,3,55,120,58,2.0689655172413794
line_27,r20,qft,20,0,11,694,74,9.378378378378379
line_27,r20,qft,20,0,22,711,74,9.608108108108109
line_27,r20,qft,20,0,33,716,74,9.675675675675675
line_27,r20,qft,20,0,44,690,74,9.324324324324325
line_27,r20,qft,20,0,55,710,74,9.594594594594595
line_27,r20,qft,20,1,11,206,74,2.7837837837837838
line_27,r20,qft,20,1,22,222,74,3.0
line_27,r20,qft,20,1,33,219,74,2.9594594594594597
line_27,r20,qft,20,1,44,227,74,3.0675675675675675
line_27,r20,qft,20,1,55,207,74,2.7972972972972974
line_27,r20,qft,20,3,11,159,74,2.1486486486486487
line_27,r20,qft,20,3,22,181,74,2.445945945945946
line_27,r20,qft,20,3,33,169,74,2.2837837837837838
line_27,r20,qft,20,3,44,159,74,2.1486486486486487
line_27,r20,qft,20,3,55,148,74,2.0
line_27,r20,qft,24,0,11,789,90,8.766666666666667
line_27,r20,qft,24,0,22,748,90,8.311111111111112
line_27,r20,qft,24,0,33,825,90,9.166666666666666
line_27,r20,qft,24,0,44,841,90,9.344444444444445
line_27,r20,qft,24,0,55,867,90,9.633333333333333
line_27,r20,qft,24,1,11,259,90,2.8777777777777778
line_27,r20,qft,24,1,22,275,90,3.0555555555555554
line_27,r20,qft,24,1,33,251,90,2.7888888888888888
line_27,r20,qft,24,1,44,259,90,2.8777777777777778
line_27,r20,qft,24,1,55,283,90,3.1444444444444444
line_27,r20,qft,24,3,11,227,90,2.522222222222222
line_27,r20,qft,24,3,22,207,90,2.3
line_27,r20,qft,24,3,33,200,90,2.2222222222222223
line_27,r20,qft,24,3,44,197,90,2.188888888888889
line_27,r20,qft,24,3,55,210,90,2.3333333333333335
line_27,r20,ghz_chain,4,0,11,33,3,11.0
line_27,r20,ghz_chain,4,0,22,36,3,12.0
line_27,r20,ghz_chain,4,0,33,30,3,10.0
line_27,r20,ghz_chain,4,0,44,36,3,12.0
line_27,r20,ghz_chain,4,0,55,30,3,10.0
line_27,r20,ghz_chain,4,1,11,3,3,1.0
line_27,r20,ghz_chain,4,1,22,3,3,1.0
line_27,r20,ghz_chain,4,1,33,3,3,1.0
line_27,r20,ghz_chain,4,1,44,3,3,1.0
line_27,r20,ghz_chain,4,1,55,3,3,1.0
line_27,r20,ghz_chain,4,3,11,3,3,1.0
line_27,r20,ghz_chain,4,3,22,3,3,1.0
line_27,r20,ghz_chain,4,3,33,3,3,1.0
line_27,r20,ghz_chain,4,3,44,3,3,1.0
line_27,r20,ghz_chain,4,3,55,3,3,1.0
line_27,r20,ghz_chain,8,0,11,60,7,8.571428571428571
line_27,r20,ghz_chain,8,0,22,64,7,9.142857142857142
line_27,r20,ghz_chain,8,0,33,61,7,8.714285714285714
line_27,r20,ghz_chain,8,0,44,64,7,9.142857142857142
line_27,r20,ghz_chain,8,0,55,67,7,9.571428571428571
line_27,r20,ghz_chain,8,1,11,7,7,1.0
line_27,r20,ghz_chain,8,1,22,7,7,1.0
line_27,r20,ghz_chain,8,1,33,7,7,1.0
line_27,r20,ghz_chain,8,1,44,7,7,1.0
line_27,r20,ghz_chain,8,1,55,7,7,1.0
line_27,r20,ghz_chain,8,3,11,7,7,1.0
line_27,r20,ghz_chain,8,3,22,7,7,1.0
line_27,r20,ghz_chain,8,3,33,7,7,1.0
line_27,r20,ghz_chain,8,3,44,7,7,1.0
line_27,r20,ghz_chain,8,3,55,7,7,1.0
line_27,r20,ghz_chain,12,0,11,97,11,8.818181818181818
line_27,r20,ghz_chain,12,0,22,119,11,10.818181818181818
line_27,r20,ghz_chain,12,0,33,104,11,9.454545454545455
line_27,r20,ghz_chain,12,0,44,104,11,9.454545454545455
line_27,r20,ghz_chain,12,0,55,110,11,10.0
line_27,r20,ghz_chain,12,1,11,11,11,1.0
line_27,r20,ghz_chain,12,1,22,11,11,1.0
line_27,r20,ghz_chain,12,1,33,11,11,1.0
line_27,r20,ghz_chain,12,1,44,11,11,1.0
line_27,r20,ghz_chain,12,1,55,11,11,1.0
line_27,r20,ghz_chain,12,3,11,11,11,1.0
line_27,r20,ghz_chain,12,3,22,11,11,1.0
line_27,r20,ghz_chain,12,3,33,11,11,1.0
line_27,r20,ghz_chain,12,3,44,11,11,1.0
line_27,r20,ghz_chain,12,3,55,11,11,1.0
line_27,r20,ghz_chain,16,0,11,156,15,10.4
line_27,r20,ghz_chain,16,0,22,198,15,13.2
line_27,r20,ghz_chain,16,0,33,177,15,11.8
line_27,r20,ghz_chain,16,0,44,174,15,11.6
line_27,r20,ghz_chain,16,0,55,165,15,11.0
line_27,r20,ghz_chain,16,1,11,15,15,1.0
line_27,r20,ghz_chain,16,1,22,15,15,1.0
line_27,r20,ghz_chain,16,1,33,15,15,1.0
line_27,r20,ghz_chain,16,1,44,15,15,1.0
line_27,r20,ghz_chain,16,1,55,15,15,1.0
line_27,r20,ghz_chain,16,3,11,15,15,1.0
line_27,r20,ghz_chain,16,3,22,15,15,1.0
line_27,r20,ghz_chain,16,3,33,15,15,1.0
line_27,r20,ghz_chain,16,3,44,15,15,1.0
line_27,r20,ghz_chain,16,3,55,15,15,1.0
line_27,r20,ghz_chain,20,0,11,231,19,12.157894736842104
line_27,r20,ghz_chain,20,0,22,235,19,12.368421052631579
line_27,r20,ghz_chain,20,0,33,257,19,13.526315789473685
line_27,r20,ghz_chain,20,0,44,238,19,12.526315789473685
line_27,r20,ghz_chain,20,0,55,244,19,12.842105263157896
line_27,r20,ghz_chain,20,1,11,19,19,1.0
line_27,r20,ghz_chain,20,1,22,19,19,1.0
line_27,r20,ghz_chain,20,1,33,19,19,1.0
line_27,r20,ghz_chain,20,1,44,19,19,1.0
line_27,r20,ghz_chain,20,1,55,19,19,1.0
line_27,r20,ghz_chain,20,3,11,19,19,1.0
line_27,r20,ghz_chain,20,3,22,19,19,1.0
line_27,r20,ghz_chain,20,3,33,19,19,1.0
line_27,r20,ghz_chain,20,3,44,19,19,1.0
line_27,r20,ghz_chain,20,3,55,19,19,1.0
line_27,r20,ghz_chain,24,0,11,317,23,13.782608695652174
line_27,r20,ghz_chain,24,0,22,311,23,13.521739130434783
line_27,r20,ghz_chain,24,0,33,326,23,14.173913043478262
line_27,r20,ghz_chain,24,0,44,350,23,15.217391304347826
line_27,r20,ghz_chain,24,0,55,293,23,12.73913043478261
line_27,r20,ghz_chain,24,1,11,23,23,1.0
line_27,r20,ghz_chain,24,1,22,23,23,1.0
line_27,r20,ghz_chain,24,1,33,23,23,1.0
line_27,r20,ghz_chain,24,1,44,23,23,1.0
line_27,r20,ghz_chain,24,1,55,23,23,1.0
line_27,r20,ghz_chain,24,3,11,23,23,1.0
line_27,r20,ghz_chain,24,3,22,23,23,1.0
line_27,r20,ghz_chain,24,3,33,23,23,1.0
line_27,r20,ghz_chain,24,3,44,23,23,1.0
line_27,r20,ghz_chain,24,3,55,23,23,1.0
line_27,r20,ghz_star,4,0,11,36,3,12.0
line_27,r20,ghz_star,4,0,22,42,3,14.0
line_27,r20,ghz_star,4,0,33,33,3,11.0
line_27,r20,ghz_star,4,0,44,42,3,14.0
line_27,r20,ghz_star,4,0,55,33,3,11.0
line_27,r20,ghz_star,4,1,11,6,3,2.0
line_27,r20,ghz_star,4,1,22,6,3,2.0
line_27,r20,ghz_star,4,1,33,6,3,2.0
line_27,r20,ghz_star,4,1,44,5,3,1.6666666666666667
line_27,r20,ghz_star,4,1,55,5,3,1.6666666666666667
line_27,r20,ghz_star,4,3,11,4,3,1.3333333333333333
line_27,r20,ghz_star,4,3,22,5,3,1.6666666666666667
line_27,r20,ghz_star,4,3,33,4,3,1.3333333333333333
line_27,r20,ghz_star,4,3,44,4,3,1.3333333333333333
line_27,r20,ghz_star,4,3,55,6,3,2.0
line_27,r20,ghz_star,8,0,11,88,7,12.571428571428571
line_27,r20,ghz_star,8,0,22,85,7,12.142857142857142
line_27,r20,ghz_star,8,0,33,88,7,12.571428571428571
line_27,r20,ghz_star,8,0,44,87,7,12.428571428571429
line_27,r20,ghz_star,8,0,55,73,7,10.428571428571429
line_27,r20,ghz_star,8,1,11,22,7,3.142857142857143
line_27,r20,ghz_star,8,1,22,22,7,3.142857142857143
line_27,r20,ghz_star,8,1,33,22,7,3.142857142857143
line_27,r20,ghz_star,8,1,44,22,7,3.142857142857143
line_27,r20,ghz_star,8,1,55,22,7,3.142857142857143
line_27,r20,ghz_star,8,3,11,16,7,2.2857142857142856
line_27,r20,ghz_star,8,3,22,12,7,1.7142857142857142
line_27,r20,ghz_star,8,3,33,12,7,1.7142857142857142
line_27,r20,ghz_star,8,3,44,16,7,2.2857142857142856
line_27,r20,ghz_star,8,3,55,12,7,1.7142857142857142
line_27,r20,ghz_star,12,0,11,131,11,11.909090909090908
line_27,r20,ghz_star,12,0,22,119,11,10.818181818181818
line_27,r20,ghz_star,12,0,33,110,11,10.0
line_27,r20,ghz_star,12,0,44,113,11,10.272727272727273
line_27,r20,ghz_star,12,0,55,118,11,10.727272727272727
line_27,r20,ghz_star,12,1,11,38,11,3.4545454545454546
line_27,r20,ghz_star,12,1,22,38,11,3.4545454545454546
line_27,r20,ghz_star,12,1,33,38,11,3.4545454545454546
line_27,r20,ghz_star,12,1,44,38,11,3.4545454545454546
line_27,r20,ghz_star,12,1,55,38,11,3.4545454545454546
line_27,r20,ghz_star,12,3,11,20,11,1.8181818181818181
line_27,r20,ghz_star,12,3,22,24,11,2.1818181818181817
line_27,r20,ghz_star,12,3,33,20,11,1.8181818181818181
line_27,r20,ghz_star,12,3,44,20,11,1.8181818181818181
line_27,r20,ghz_star,12,3,55,20,11,1.8181818181818181
line_27,r20,ghz_star,16,0,11,155,15,10.333333333333334
line_27,r20,ghz_star,16,0,22,195,15,13.0
line_27,r20,ghz_star,16,0,33,165,15,11.0
line_27,r20,ghz_star,16,0,44,177,15,11.8
line_27,r20,ghz_star,16,0,55,158,15,10.533333333333333
line_27,r20,ghz_star,16,1,11,54,15,3.6
line_27,r20,ghz_star,16,1,22,54,15,3.6
line_27,r20,ghz_star,16,1,33,54,15,3.6
line_27,r20,ghz_star,16,1,44,54,15,3.6
line_27,r20,ghz_star,16,1,55,54,15,3.6
line_27,r20,ghz_star,16,3,11,28,15,1.8666666666666667
line_27,r20,ghz_star,16,3,22,28,15,1.8666666666666667
line_27,r20,ghz_star,16,3,33,28,15,1.8666666666666667
line_27,r20,ghz_star,16,3,44,28,15,1.8666666666666667
line_27,r20,ghz_star,16,3,55,28,15,1.8666666666666667
line_27,r20,ghz_star,20,0,11,243,19,12.789473684210526
line_27,r20,ghz_star,20,0,22,289,19,15.210526315789474
line_27,r20,ghz_star,20,0,33,241,19,12.68421052631579
line_27,r20,ghz_star,20,0,44,246,19,12.947368421052632
line_27,r20,ghz_star,20,0,55,237,19,12.473684210526315
line_27,r20,ghz_star,20,1,11,70,19,3.6842105263157894
line_27,r20,ghz_star,20,1,22,70,19,3.6842105263157894
line_27,r20,ghz_star,20,1,33,70,19,3.6842105263157894
line_27,r20,ghz_star,20,1,44,70,19,3.6842105263157894
line_27,r20,ghz_star,20,1,55,70,19,3.6842105263157894
line_27,r20,ghz_star,20,3,11,40,19,2.1052631578947367
line_27,r20,ghz_star,20,3,22,40,19,2.1052631578947367
line_27,r20,ghz_star,20,3,33,36,19,1.894736842105263
line_27,r20,ghz_star,20,3,44,36,19,1.894736842105263
line_27,r20,ghz_star,20,3,55,36,19,1.894736842105263
line_27,r20,ghz_star,24,0,11,304,23,13.217391304347826
line_27,r20,ghz_star,24,0,22,296,23,12.869565217391305
line_27,r20,ghz_star,24,0,33,308,23,13.391304347826088
line_27,r20,ghz_star,24,0,44,319,23,13.869565217391305
line_27,r20,ghz_star,24,0,55,278,23,12.08695652173913
line_27,r20,ghz_star,24,1,11,86,23,3.739130434782609
line_27,r20,ghz_star,24,1,22,86,23,3.739130434782609
line_27,r20,ghz_star,24,1,33,86,23,3.739130434782609
line_27,r20,ghz_star,24,1,44,86,23,3.739130434782609
line_27,r20,ghz_star,24,1,55,86,23,3.739130434782609
line_27,r20,ghz_star,24,3,11,48,23,2.0869565217391304
line_27,r20,ghz_star,24,3,22,48,23,2.0869565217391304
line_27,r20,ghz_star,24,3,33,48,23,2.0869565217391304
line_27,r20,ghz_star,24,3,44,48,23,2.0869565217391304
line_27,r20,ghz_star,24,3,55,48,23,2.0869565217391304
line_27,r20,efficient_su2,4,0,11,49,8,6.125
line_27,r20,efficient_su2,4,0,22,51,8,6.375
line_27,r20,efficient_su2,4,0,33,56,8,7.0
line_27,r20,efficient_su2,4,0,44,54,8,6.75
line_27,r20,efficient_su2,4,0,55,52,8,6.5
line_27,r20,efficient_su2,4,1,11,18,8,2.25
line_27,r20,efficient_su2,4,1,22,19,8,2.375
line_27,r20,efficient_su2,4,1,33,17,8,2.125
line_27,r20,efficient_su2,4,1,44,17,8,2.125
line_27,r20,efficient_su2,4,1,55,17,8,2.125
line_27,r20,efficient_su2,4,3,11,14,8,1.75
line_27,r20,efficient_su2,4,3,22,14,8,1.75
line_27,r20,efficient_su2,4,3,33,14,8,1.75
line_27,r20,efficient_su2,4,3,44,14,8,1.75
line_27,r20,efficient_su2,4,3,55,14,8,1.75
line_27,r20,efficient_su2,8,0,11,124,16,7.75
line_27,r20,efficient_su2,8,0,22,123,16,7.6875
line_27,r20,efficient_su2,8,0,33,112,16,7.0
line_27,r20,efficient_su2,8,0,44,118,16,7.375
line_27,r20,efficient_su2,8,0,55,111,16,6.9375
line_27,r20,efficient_su2,8,1,11,50,16,3.125
line_27,r20,efficient_su2,8,1,22,50,16,3.125
line_27,r20,efficient_su2,8,1,33,50,16,3.125
line_27,r20,efficient_su2,8,1,44,50,16,3.125
line_27,r20,efficient_su2,8,1,55,50,16,3.125
line_27,r20,efficient_su2,8,3,11,46,16,2.875
line_27,r20,efficient_su2,8,3,22,46,16,2.875
line_27,r20,efficient_su2,8,3,33,46,16,2.875
line_27,r20,efficient_su2,8,3,44,46,16,2.875
line_27,r20,efficient_su2,8,3,55,46,16,2.875
line_27,r20,efficient_su2,12,0,11,149,24,6.208333333333333
line_27,r20,efficient_su2,12,0,22,180,24,7.5
line_27,r20,efficient_su2,12,0,33,182,24,7.583333333333333
line_27,r20,efficient_su2,12,0,44,166,24,6.916666666666667
line_27,r20,efficient_su2,12,0,55,165,24,6.875
line_27,r20,efficient_su2,12,1,11,82,24,3.4166666666666665
line_27,r20,efficient_su2,12,1,22,82,24,3.4166666666666665
line_27,r20,efficient_su2,12,1,33,82,24,3.4166666666666665
line_27,r20,efficient_su2,12,1,44,82,24,3.4166666666666665
line_27,r20,efficient_su2,12,1,55,82,24,3.4166666666666665
line_27,r20,efficient_su2,12,3,11,78,24,3.25
line_27,r20,efficient_su2,12,3,22,78,24,3.25
line_27,r20,efficient_su2,12,3,33,78,24,3.25
line_27,r20,efficient_su2,12,3,44,78,24,3.25
line_27,r20,efficient_su2,12,3,55,78,24,3.25
line_27,r20,efficient_su2,16,0,11,246,32,7.6875
line_27,r20,efficient_su2,16,0,22,292,32,9.125
line_27,r20,efficient_su2,16,0,33,313,32,9.78125
line_27,r20,efficient_su2,16,0,44,309,32,9.65625
line_27,r20,efficient_su2,16,0,55,322,32,10.0625
line_27,r20,efficient_su2,16,1,11,114,32,3.5625
line_27,r20,efficient_su2,16,1,22,114,32,3.5625
line_27,r20,efficient_su2,16,1,33,114,32,3.5625
line_27,r20,efficient_su2,16,1,44,114,32,3.5625
line_27,r20,efficient_su2,16,1,55,114,32,3.5625
line_27,r20,efficient_su2,16,3,11,110,32,3.4375
line_27,r20,efficient_su2,16,3,22,110,32,3.4375
line_27,r20,efficient_su2,16,3,33,110,32,3.4375
line_27,r20,efficient_su2,16,3,44,110,32,3.4375
line_27,r20,efficient_su2,16,3,55,110,32,3.4375
line_27,r20,efficient_su2,20,0,11,462,40,11.55
line_27,r20,efficient_su2,20,0,22,488,40,12.2
line_27,r20,efficient_su2,20,0,33,440,40,11.0
line_27,r20,efficient_su2,20,0,44,452,40,11.3
line_27,r20,efficient_su2,20,0,55,436,40,10.9
line_27,r20,efficient_su2,20,1,11,146,40,3.65
line_27,r20,efficient_su2,20,1,22,146,40,3.65
line_27,r20,efficient_su2,20,1,33,146,40,3.65
line_27,r20,efficient_su2,20,1,44,146,40,3.65
line_27,r20,efficient_su2,20,1,55,146,40,3.65
line_27,r20,efficient_su2,20,3,11,142,40,3.55
line_27,r20,efficient_su2,20,3,22,142,40,3.55
line_27,r20,efficient_su2,20,3,33,142,40,3.55
line_27,r20,efficient_su2,20,3,44,142,40,3.55
line_27,r20,efficient_su2,20,3,55,142,40,3.55
line_27,r20,efficient_su2,24,0,11,565,48,11.770833333333334
line_27,r20,efficient_su2,24,0,22,621,48,12.9375
line_27,r20,efficient_su2,24,0,33,633,48,13.1875
line_27,r20,efficient_su2,24,0,44,568,48,11.833333333333334
line_27,r20,efficient_su2,24,0,55,570,48,11.875
line_27,r20,efficient_su2,24,1,11,187,48,3.8958333333333335
line_27,r20,efficient_su2,24,1,22,183,48,3.8125
line_27,r20,efficient_su2,24,1,33,183,48,3.8125
line_27,r20,efficient_su2,24,1,44,187,48,3.8958333333333335
line_27,r20,efficient_su2,24,1,55,183,48,3.8125
line_27,r20,efficient_su2,24,3,11,175,48,3.6458333333333335
line_27,r20,efficient_su2,24,3,22,179,48,3.7291666666666665
line_27,r20,efficient_su2,24,3,33,175,48,3.6458333333333335
line_27,r20,efficient_su2,24,3,44,175,48,3.6458333333333335
line_27,r20,efficient_su2,24,3,55,179,48,3.7291666666666665
line_27,r21,qft,4,0,11,80,10,8.0
line_27,r21,qft,4,0,22,74,10,7.4
line_27,r21,qft,4,0,33,76,10,7.6
line_27,r21,qft,4,0,44,68,10,6.8
line_27,r21,qft,4,0,55,65,10,6.5
line_27,r21,qft,4,1,11,19,10,1.9
line_27,r21,qft,4,1,22,19,10,1.9
line_27,r21,qft,4,1,33,19,10,1.9
line_27,r21,qft,4,1,44,19,10,1.9
line_27,r21,qft,4,1,55,19,10,1.9
line_27,r21,qft,4,3,11,15,10,1.5
line_27,r21,qft,4,3,22,15,10,1.5
line_27,r21,qft,4,3,33,15,10,1.5
line_27,r21,qft,4,3,44,15,10,1.5
line_27,r21,qft,4,3,55,17,10,1.7
line_27,r21,qft,8,0,11,163,26,6.269230769230769
line_27,r21,qft,8,0,22,184,26,7.076923076923077
line_27,r21,qft,8,0,33,138,26,5.3076923076923075
line_27,r21,qft,8,0,44,194,26,7.461538461538462
line_27,r21,qft,8,0,55,168,26,6.461538461538462
line_27,r21,qft,8,1,11,63,26,2.423076923076923
line_27,r21,qft,8,1,22,68,26,2.6153846153846154
line_27,r21,qft,8,1,33,63,26,2.423076923076923
line_27,r21,qft,8,1,44,67,26,2.576923076923077
line_27,r21,qft,8,1,55,67,26,2.576923076923077
line_27,r21,qft,8,3,11,55,26,2.1153846153846154
line_27,r21,qft,8,3,22,52,26,2.0
line_27,r21,qft,8,3,33,49,26,1.8846153846153846
line_27,r21,qft,8,3,44,49,26,1.8846153846153846
line_27,r21,qft,8,3,55,52,26,2.0
line_27,r21,qft,12,0,11,372,42,8.857142857142858
line_27,r21,qft,12,0,22,370,42,8.80952380952381
line_27,r21,qft,12,0,33,343,42,8.166666666666666
line_27,r21,qft,12,0,44,342,42,8.142857142857142
line_27,r21,qft,12,0,55,333,42,7.928571428571429
line_27,r21,qft,12,1,11,115,42,2.738095238095238
line_27,r21,qft,12,1,22,113,42,2.6904761904761907
line_27,r21,qft,12,1,33,125,42,2.9761904761904763
line_27,r21,qft,12,1,44,107,42,2.5476190476190474
line_27,r21,qft,12,1,55,117,42,2.7857142857142856
line_27,r21,qft,12,3,11,91,42,2.1666666666666665
line_27,r21,qft,12,3,22,83,42,1.9761904761904763
line_27,r21,qft,12,3,33,84,42,2.0
line_27,r21,qft,12,3,44,97,42,2.3095238095238093
line_27,r21,qft,12,3,55,73,42,1.7380952380952381
line_27,r21,qft,16,0,11,417,58,7.189655172413793
line_27,r21,qft,16,0,22,487,58,8.39655172413793
line_27,r21,qft,16,0,33,463,58,7.982758620689655
line_27,r21,qft,16,0,44,491,58,8.46551724137931
line_27,r21,qft,16,0,55,429,58,7.396551724137931
line_27,r21,qft,16,1,11,175,58,3.0172413793103448
line_27,r21,qft,16,1,22,171,58,2.9482758620689653
line_27,r21,qft,16,1,33,165,58,2.8448275862068964
line_27,r21,qft,16,1,44,157,58,2.706896551724138
line_27,r21,qft,16,1,55,163,58,2.810344827586207
line_27,r21,qft,16,3,11,135,58,2.3275862068965516
line_27,r21,qft,16,3,22,131,58,2.2586206896551726
line_27,r21,qft,16,3,33,135,58,2.3275862068965516
line_27,r21,qft,16,3,44,117,58,2.0172413793103448
line_27,r21,qft,16,3,55,115,58,1.9827586206896552
line_27,r21,qft,20,0,11,714,74,9.64864864864865
line_27,r21,qft,20,0,22,697,74,9.41891891891892
line_27,r21,qft,20,0,33,674,74,9.108108108108109
line_27,r21,qft,20,0,44,697,74,9.41891891891892
line_27,r21,qft,20,0,55,738,74,9.972972972972974
line_27,r21,qft,20,1,11,211,74,2.8513513513513513
line_27,r21,qft,20,1,22,221,74,2.9864864864864864
line_27,r21,qft,20,1,33,235,74,3.175675675675676
line_27,r21,qft,20,1,44,213,74,2.8783783783783785
line_27,r21,qft,20,1,55,224,74,3.027027027027027
line_27,r21,qft,20,3,11,152,74,2.054054054054054
line_27,r21,qft,20,3,22,171,74,2.310810810810811
line_27,r21,qft,20,3,33,177,74,2.391891891891892
line_27,r21,qft,20,3,44,159,74,2.1486486486486487
line_27,r21,qft,20,3,55,159,74,2.1486486486486487
line_27,r21,qft,24,0,11,883,90,9.811111111111112
line_27,r21,qft,24,0,22,861,90,9.566666666666666
line_27,r21,qft,24,0,33,876,90,9.733333333333333
line_27,r21,qft,24,0,44,893,90,9.922222222222222
line_27,r21,qft,24,0,55,929,90,10.322222222222223
line_27,r21,qft,24,1,11,278,90,3.088888888888889
line_27,r21,qft,24,1,22,267,90,2.966666666666667
line_27,r21,qft,24,1,33,251,90,2.7888888888888888
line_27,r21,qft,24,1,44,291,90,3.2333333333333334
line_27,r21,qft,24,1,55,270,90,3.0
line_27,r21,qft,24,3,11,205,90,2.2777777777777777
line_27,r21,qft,24,3,22,197,90,2.188888888888889
line_27,r21,qft,24,3,33,192,90,2.1333333333333333
line_27,r21,qft,24,3,44,200,90,2.2222222222222223
line_27,r21,qft,24,3,55,182,90,2.022222222222222
line_27,r21,ghz_chain,4,0,11,57,3,19.0
line_27,r21,ghz_chain,4,0,22,57,3,19.0
line_27,r21,ghz_chain,4,0,33,63,3,21.0
line_27,r21,ghz_chain,4,0,44,54,3,18.0
line_27,r21,ghz_chain,4,0,55,63,3,21.0
line_27,r21,ghz_chain,4,1,11,3,3,1.0
line_27,r21,ghz_chain,4,1,22,3,3,1.0
line_27,r21,ghz_chain,4,1,33,3,3,1.0
line_27,r21,ghz_chain,4,1,44,3,3,1.0
line_27,r21,ghz_chain,4,1,55,3,3,1.0
line_27,r21,ghz_chain,4,3,11,3,3,1.0
line_27,r21,ghz_chain,4,3,22,3,3,1.0
line_27,r21,ghz_chain,4,3,33,3,3,1.0
line_27,r21,ghz_chain,4,3,44,3,3,1.0
line_27,r21,ghz_chain,4,3,55,3,3,1.0
line_27,r21,ghz_chain,8,0,11,67,7,9.571428571428571
line_27,r21,ghz_chain,8,0,22,109,7,15.571428571428571
line_27,r21,ghz_chain,8,0,33,117,7,16.714285714285715
line_27,r21,ghz_chain,8,0,44,103,7,14.714285714285714
line_27,r21,ghz_chain,8,0,55,79,7,11.285714285714286
line_27,r21,ghz_chain,8,1,11,7,7,1.0
line_27,r21,ghz_chain,8,1,22,7,7,1.0
line_27,r21,ghz_chain,8,1,33,7,7,1.0
line_27,r21,ghz_chain,8,1,44,7,7,1.0
line_27,r21,ghz_chain,8,1,55,7,7,1.0
line_27,r21,ghz_chain,8,3,11,7,7,1.0
line_27,r21,ghz_chain,8,3,22,7,7,1.0
line_27,r21,ghz_chain,8,3,33,7,7,1.0
line_27,r21,ghz_chain,8,3,44,7,7,1.0
line_27,r21,ghz_chain,8,3,55,7,7,1.0
line_27,r21,ghz_chain,12,0,11,167,11,15.181818181818182
line_27,r21,ghz_chain,12,0,22,167,11,15.181818181818182
line_27,r21,ghz_chain,12,0,33,194,11,17.636363636363637
line_27,r21,ghz_chain,12,0,44,158,11,14.363636363636363
line_27,r21,ghz_chain,12,0,55,181,11,16.454545454545453
line_27,r21,ghz_chain,12,1,11,11,11,1.0
line_27,r21,ghz_chain,12,1,22,11,11,1.0
line_27,r21,ghz_chain,12,1,33,11,11,1.0
line_27,r21,ghz_chain,12,1,44,11,11,1.0
line_27,r21,ghz_chain,12,1,55,11,11,1.0
line_27,r21,ghz_chain,12,3,11,11,11,1.0
line_27,r21,ghz_chain,12,3,22,11,11,1.0
line_27,r21,ghz_chain,12,3,33,11,11,1.0
line_27,r21,ghz_chain,12,3,44,11,11,1.0
line_27,r21,ghz_chain,12,3,55,11,11,1.0
line_27,r21,ghz_chain,16,0,11,177,15,11.8
line_27,r21,ghz_chain,16,0,22,219,15,14.6
line_27,r21,ghz_chain,16,0,33,215,15,14.333333333333334
line_27,r21,ghz_chain,16,0,44,201,15,13.4
line_27,r21,ghz_chain,16,0,55,242,15,16.133333333333333
line_27,r21,ghz_chain,16,1,11,15,15,1.0
line_27,r21,ghz_chain,16,1,22,15,15,1.0
line_27,r21,ghz_chain,16,1,33,15,15,1.0
line_27,r21,ghz_chain,16,1,44,15,15,1.0
line_27,r21,ghz_chain,16,1,55,15,15,1.0
line_27,r21,ghz_chain,16,3,11,15,15,1.0
line_27,r21,ghz_chain,16,3,22,15,15,1.0
line_27,r21,ghz_chain,16,3,33,15,15,1.0
line_27,r21,ghz_chain,16,3,44,15,15,1.0
line_27,r21,ghz_chain,16,3,55,15,15,1.0
line_27,r21,ghz_chain,20,0,11,253,19,13.31578947368421
line_27,r21,ghz_chain,20,0,22,262,19,13.789473684210526
line_27,r21,ghz_chain,20,0,33,316,19,16.63157894736842
line_27,r21,ghz_chain,20,0,44,256,19,13.473684210526315
line_27,r21,ghz_chain,20,0,55,282,19,14.842105263157896
line_27,r21,ghz_chain,20,1,11,19,19,1.0
line_27,r21,ghz_chain,20,1,22,19,19,1.0
line_27,r21,ghz_chain,20,1,33,19,19,1.0
line_27,r21,ghz_chain,20,1,44,19,19,1.0
line_27,r21,ghz_chain,20,1,55,19,19,1.0
line_27,r21,ghz_chain,20,3,11,19,19,1.0
line_27,r21,ghz_chain,20,3,22,19,19,1.0
line_27,r21,ghz_chain,20,3,33,19,19,1.0
line_27,r21,ghz_chain,20,3,44,19,19,1.0
line_27,r21,ghz_chain,20,3,55,19,19,1.0
line_27,r21,ghz_chain,24,0,11,305,23,13.26086956521739
line_27,r21,ghz_chain,24,0,22,322,23,14.0
line_27,r21,ghz_chain,24,0,33,371,23,16.130434782608695
line_27,r21,ghz_chain,24,0,44,302,23,13.130434782608695
line_27,r21,ghz_chain,24,0,55,316,23,13.73913043478261
line_27,r21,ghz_chain,24,1,11,23,23,1.0
line_27,r21,ghz_chain,24,1,22,23,23,1.0
line_27,r21,ghz_chain,24,1,33,23,23,1.0
line_27,r21,ghz_chain,24,1,44,23,23,1.0
line_27,r21,ghz_chain,24,1,55,23,23,1.0
line_27,r21,ghz_chain,24,3,11,23,23,1.0
line_27,r21,ghz_chain,24,3,22,23,23,1.0
line_27,r21,ghz_chain,24,3,33,23,23,1.0
line_27,r21,ghz_chain,24,3,44,23,23,1.0
line_27,r21,ghz_chain,24,3,55,23,23,1.0
line_27,r21,ghz_star,4,0,11,57,3,19.0
line_27,r21,ghz_star,4,0,22,57,3,19.0
line_27,r21,ghz_star,4,0,33,63,3,21.0
line_27,r21,ghz_star,4,0,44,63,3,21.0
line_27,r21,ghz_star,4,0,55,63,3,21.0
line_27,r21,ghz_star,4,1,11,6,3,2.0
line_27,r21,ghz_star,4,1,22,5,3,1.6666666666666667
line_27,r21,ghz_star,4,1,33,6,3,2.0
line_27,r21,ghz_star,4,1,44,6,3,2.0
line_27,r21,ghz_star,4,1,55,6,3,2.0
line_27,r21,ghz_star,4,3,11,4,3,1.3333333333333333
line_27,r21,ghz_star,4,3,22,5,3,1.6666666666666667
line_27,r21,ghz_star,4,3,33,4,3,1.3333333333333333
line_27,r21,ghz_star,4,3,44,6,3,2.0
line_27,r21,ghz_star,4,3,55,6,3,2.0
line_27,r21,ghz_star,8,0,11,67,7,9.571428571428571
line_27,r21,ghz_star,8,0,22,106,7,15.142857142857142
line_27,r21,ghz_star,8,0,33,114,7,16.285714285714285
line_27,r21,ghz_star,8,0,44,103,7,14.714285714285714
line_27,r21,ghz_star,8,0,55,103,7,14.714285714285714
line_27,r21,ghz_star,8,1,11,24,7,3.4285714285714284
line_27,r21,ghz_star,8,1,22,27,7,3.857142857142857
line_27,r21,ghz_star,8,1,33,19,7,2.7142857142857144
line_27,r21,ghz_star,8,1,44,25,7,3.5714285714285716
line_27,r21,ghz_star,8,1,55,28,7,4.0
line_27,r21,ghz_star,8,3,11,21,7,3.0
line_27,r21,ghz_star,8,3,22,26,7,3.7142857142857144
line_27,r21,ghz_star,8,3,33,18,7,2.5714285714285716
line_27,r21,ghz_star,8,3,44,20,7,2.857142857142857
line_27,r21,ghz_star,8,3,55,24,7,3.4285714285714284
line_27,r21,ghz_star,12,0,11,119,11,10.818181818181818
line_27,r21,ghz_star,12,0,22,176,11,16.0
line_27,r21,ghz_star,12,0,33,190,11,17.272727272727273
line_27,r21,ghz_star,12,0,44,158,11,14.363636363636363
line_27,r21,ghz_star,12,0,55,169,11,15.363636363636363
line_27,r21,ghz_star,12,1,11,59,11,5.363636363636363
line_27,r21,ghz_star,12,1,22,43,11,3.909090909090909
line_27,r21,ghz_star,12,1,33,58,11,5.2727272727272725
line_27,r21,ghz_star,12,1,44,59,11,5.363636363636363
line_27,r21,ghz_star,12,1,55,58,11,5.2727272727272725
line_27,r21,ghz_star,12,3,11,43,11,3.909090909090909
line_27,r21,ghz_star,12,3,22,36,11,3.272727272727273
line_27,r21,ghz_star,12,3,33,37,11,3.3636363636363638
line_27,r21,ghz_star,12,3,44,41,11,3.727272727272727
line_27,r21,ghz_star,12,3,55,50,11,4.545454545454546
line_27,r21,ghz_star,16,0,11,165,15,11.0
line_27,r21,ghz_star,16,0,22,218,15,14.533333333333333
line_27,r21,ghz_star,16,0,33,245,15,16.333333333333332
line_27,r21,ghz_star,16,0,44,201,15,13.4
line_27,r21,ghz_star,16,0,55,238,15,15.866666666666667
line_27,r21,ghz_star,16,1,11,90,15,6.0
line_27,r21,ghz_star,16,1,22,71,15,4.733333333333333
line_27,r21,ghz_star,16,1,33,90,15,6.0
line_27,r21,ghz_star,16,1,44,93,15,6.2
line_27,r21,ghz_star,16,1,55,90,15,6.0
line_27,r21,ghz_star,16,3,11,83,15,5.533333333333333
line_27,r21,ghz_star,16,3,22,66,15,4.4
line_27,r21,ghz_star,16,3,33,75,15,5.0
line_27,r21,ghz_star,16,3,44,55,15,3.6666666666666665
line_27,r21,ghz_star,16,3,55,80,15,5.333333333333333
line_27,r21,ghz_star,20,0,11,226,19,11.894736842105264
line_27,r21,ghz_star,20,0,22,261,19,13.736842105263158
line_27,r21,ghz_star,20,0,33,302,19,15.894736842105264
line_27,r21,ghz_star,20,0,44,252,19,13.263157894736842
line_27,r21,ghz_star,20,0,55,284,19,14.947368421052632
line_27,r21,ghz_star,20,1,11,75,19,3.9473684210526314
line_27,r21,ghz_star,20,1,22,81,19,4.2631578947368425
line_27,r21,ghz_star,20,1,33,78,19,4.105263157894737
line_27,r21,ghz_star,20,1,44,78,19,4.105263157894737
line_27,r21,ghz_star,20,1,55,81,19,4.2631578947368425
line_27,r21,ghz_star,20,3,11,64,19,3.3684210526315788
line_27,r21,ghz_star,20,3,22,85,19,4.473684210526316
line_27,r21,ghz_star,20,3,33,61,19,3.210526315789474
line_27,r21,ghz_star,20,3,44,69,19,3.6315789473684212
line_27,r21,ghz_star,20,3,55,60,19,3.1578947368421053
line_27,r21,ghz_star,24,0,11,278,23,12.08695652173913
line_27,r21,ghz_star,24,0,22,306,23,13.304347826086957
line_27,r21,ghz_star,24,0,33,351,23,15.26086956521739
line_27,r21,ghz_star,24,0,44,304,23,13.217391304347826
line_27,r21,ghz_star,24,0,55,321,23,13.956521739130435
line_27,r21,ghz_star,24,1,11,94,23,4.086956521739131
line_27,r21,ghz_star,24,1,22,111,23,4.826086956521739
line_27,r21,ghz_star,24,1,33,94,23,4.086956521739131
line_27,r21,ghz_star,24,1,44,94,23,4.086956521739131
line_27,r21,ghz_star,24,1,55,94,23,4.086956521739131
line_27,r21,ghz_star,24,3,11,69,23,3.0
line_27,r21,ghz_star,24,3,22,98,23,4.260869565217392
line_27,r21,ghz_star,24,3,33,69,23,3.0
line_27,r21,ghz_star,24,3,44,91,23,3.9565217391304346
line_27,r21,ghz_star,24,3,55,71,23,3.0869565217391304
line_27,r21,efficient_su2,4,0,11,79,8,9.875
line_27,r21,efficient_su2,4,0,22,88,8,11.0
line_27,r21,efficient_su2,4,0,33,82,8,10.25
line_27,r21,efficient_su2,4,0,44,76,8,9.5
line_27,r21,efficient_su2,4,0,55,68,8,8.5
line_27,r21,efficient_su2,4,1,11,17,8,2.125
line_27,r21,efficient_su2,4,1,22,19,8,2.375
line_27,r21,efficient_su2,4,1,33,16,8,2.0
line_27,r21,efficient_su2,4,1,44,16,8,2.0
line_27,r21,efficient_su2,4,1,55,17,8,2.125
line_27,r21,efficient_su2,4,3,11,17,8,2.125
line_27,r21,efficient_su2,4,3,22,14,8,1.75
line_27,r21,efficient_su2,4,3,33,14,8,1.75
line_27,r21,efficient_su2,4,3,44,14,8,1.75
line_27,r21,efficient_su2,4,3,55,14,8,1.75
line_27,r21,efficient_su2,8,0,11,148,16,9.25
line_27,r21,efficient_su2,8,0,22,205,16,12.8125
line_27,r21,efficient_su2,8,0,33,196,16,12.25
line_27,r21,efficient_su2,8,0,44,195,16,12.1875
line_27,r21,efficient_su2,8,0,55,183,16,11.4375
line_27,r21,efficient_su2,8,1,11,50,16,3.125
line_27,r21,efficient_su2,8,1,22,50,16,3.125
line_27,r21,efficient_su2,8,1,33,50,16,3.125
line_27,r21,efficient_su2,8,1,44,50,16,3.125
line_27,r21,efficient_su2,8,1,55,50,16,3.125
line_27,r21,efficient_su2,8,3,11,46,16,2.875
line_27,r21,efficient_su2,8,3,22,46,16,2.875
line_27,r21,efficient_su2,8,3,33,46,16,2.875
line_27,r21,efficient_su2,8,3,44,46,16,2.875
line_27,r21,efficient_su2,8,3,55,46,16,2.875
line_27,r21,efficient_su2,12,0,11,237,24,9.875
line_27,r21,efficient_su2,12,0,22,282,24,11.75
line_27,r21,efficient_su2,12,0,33,279,24,11.625
line_27,r21,efficient_su2,12,0,44,279,24,11.625
line_27,r21,efficient_su2,12,0,55,302,24,12.583333333333334
line_27,r21,efficient_su2,12,1,11,82,24,3.4166666666666665
line_27,r21,efficient_su2,12,1,22,82,24,3.4166666666666665
line_27,r21,efficient_su2,12,1,33,82,24,3.4166666666666665
line_27,r21,efficient_su2,12,1,44,82,24,3.4166666666666665
line_27,r21,efficient_su2,12,1,55,82,24,3.4166666666666665
line_27,r21,efficient_su2,12,3,11,78,24,3.25
line_27,r21,efficient_su2,12,3,22,78,24,3.25
line_27,r21,efficient_su2,12,3,33,78,24,3.25
line_27,r21,efficient_su2,12,3,44,78,24,3.25
line_27,r21,efficient_su2,12,3,55,78,24,3.25
line_27,r21,efficient_su2,16,0,11,305,32,9.53125
line_27,r21,efficient_su2,16,0,22,358,32,11.1875
line_27,r21,efficient_su2,16,0,33,394,32,12.3125
line_27,r21,efficient_su2,16,0,44,344,32,10.75
line_27,r21,efficient_su2,16,0,55,337,32,10.53125
line_27,r21,efficient_su2,16,1,11,122,32,3.8125
line_27,r21,efficient_su2,16,1,22,122,32,3.8125
line_27,r21,efficient_su2,16,1,33,122,32,3.8125
line_27,r21,efficient_su2,16,1,44,122,32,3.8125
line_27,r21,efficient_su2,16,1,55,122,32,3.8125
line_27,r21,efficient_su2,16,3,11,114,32,3.5625
line_27,r21,efficient_su2,16,3,22,114,32,3.5625
line_27,r21,efficient_su2,16,3,33,115,32,3.59375
line_27,r21,efficient_su2,16,3,44,114,32,3.5625
line_27,r21,efficient_su2,16,3,55,114,32,3.5625
line_27,r21,efficient_su2,20,0,11,460,40,11.5
line_27,r21,efficient_su2,20,0,22,491,40,12.275
line_27,r21,efficient_su2,20,0,33,496,40,12.4
line_27,r21,efficient_su2,20,0,44,489,40,12.225
line_27,r21,efficient_su2,20,0,55,438,40,10.95
line_27,r21,efficient_su2,20,1,11,154,40,3.85
line_27,r21,efficient_su2,20,1,22,146,40,3.65
line_27,r21,efficient_su2,20,1,33,154,40,3.85
line_27,r21,efficient_su2,20,1,44,154,40,3.85
line_27,r21,efficient_su2,20,1,55,154,40,3.85
line_27,r21,efficient_su2,20,3,11,146,40,3.65
line_27,r21,efficient_su2,20,3,22,142,40,3.55
line_27,r21,efficient_su2,20,3,33,146,40,3.65
line_27,r21,efficient_su2,20,3,44,146,40,3.65
line_27,r21,efficient_su2,20,3,55,146,40,3.65
line_27,r21,efficient_su2,24,0,11,474,48,9.875
line_27,r21,efficient_su2,24,0,22,536,48,11.166666666666666
line_27,r21,efficient_su2,24,0,33,540,48,11.25
line_27,r21,efficient_su2,24,0,44,549,48,11.4375
line_27,r21,efficient_su2,24,0,55,606,48,12.625
line_27,r21,efficient_su2,24,1,11,186,48,3.875
line_27,r21,efficient_su2,24,1,22,186,48,3.875
line_27,r21,efficient_su2,24,1,33,186,48,3.875
line_27,r21,efficient_su2,24,1,44,186,48,3.875
line_27,r21,efficient_su2,24,1,55,186,48,3.875
line_27,r21,efficient_su2,24,3,11,178,48,3.7083333333333335
line_27,r21,efficient_su2,24,3,22,178,48,3.7083333333333335
line_27,r21,efficient_su2,24,3,33,178,48,3.7083333333333335
line_27,r21,efficient_su2,24,3,44,178,48,3.7083333333333335
line_27,r21,efficient_su2,24,3,55,178,48,3.7083333333333335
line_27,r22,qft,4,0,11,35,10,3.5
line_27,r22,qft,4,0,22,37,10,3.7
line_27,r22,qft,4,0,33,46,10,4.6
line_27,r22,qft,4,0,44,40,10,4.0
line_27,r22,qft,4,0,55,46,10,4.6
line_27,r22,qft,4,1,11,19,10,1.9
line_27,r22,qft,4,1,22,19,10,1.9
line_27,r22,qft,4,1,33,19,10,1.9
line_27,r22,qft,4,1,44,19,10,1.9
line_27,r22,qft,4,1,55,19,10,1.9
line_27,r22,qft,4,3,11,17,10,1.7
line_27,r22,qft,4,3,22,17,10,1.7
line_27,r22,qft,4,3,33,15,10,1.5
line_27,r22,qft,4,3,44,15,10,1.5
line_27,r22,qft,4,3,55,15,10,1.5
line_27,r22,qft,8,0,11,165,26,6.346153846153846
line_27,r22,qft,8,0,22,161,26,6.1923076923076925
line_27,r22,qft,8,0,33,191,26,7.346153846153846
line_27,r22,qft,8,0,44,165,26,6.346153846153846
line_27,r22,qft,8,0,55,170,26,6.538461538461538
line_27,r22,qft,8,1,11,67,26,2.576923076923077
line_27,r22,qft,8,1,22,68,26,2.6153846153846154
line_27,r22,qft,8,1,33,70,26,2.6923076923076925
line_27,r22,qft,8,1,44,67,26,2.576923076923077
line_27,r22,qft,8,1,55,65,26,2.5
line_27,r22,qft,8,3,11,55,26,2.1153846153846154
line_27,r22,qft,8,3,22,52,26,2.0
line_27,r22,qft,8,3,33,57,26,2.1923076923076925
line_27,r22,qft,8,3,44,49,26,1.8846153846153846
line_27,r22,qft,8,3,55,57,26,2.1923076923076925
line_27,r22,qft,12,0,11,265,42,6.309523809523809
line_27,r22,qft,12,0,22,267,42,6.357142857142857
line_27,r22,qft,12,0,33,276,42,6.571428571428571
line_27,r22,qft,12,0,44,292,42,6.9523809523809526
line_27,r22,qft,12,0,55,287,42,6.833333333333333
line_27,r22,qft,12,1,11,99,42,2.357142857142857
line_27,r22,qft,12,1,22,115,42,2.738095238095238
line_27,r22,qft,12,1,33,117,42,2.7857142857142856
line_27,r22,qft,12,1,44,128,42,3.0476190476190474
line_27,r22,qft,12,1,55,115,42,2.738095238095238
line_27,r22,qft,12,3,11,91,42,2.1666666666666665
line_27,r22,qft,12,3,22,91,42,2.1666666666666665
line_27,r22,qft,12,3,33,91,42,2.1666666666666665
line_27,r22,qft,12,3,44,94,42,2.238095238095238
line_27,r22,qft,12,3,55,91,42,2.1666666666666665
line_27,r22,qft,16,0,11,322,58,5.551724137931035
line_27,r22,qft,16,0,22,387,58,6.672413793103448
line_27,r22,qft,16,0,33,353,58,6.086206896551724
line_27,r22,qft,16,0,44,414,58,7.137931034482759
line_27,r22,qft,16,0,55,339,58,5.844827586206897
line_27,r22,qft,16,1,11,175,58,3.0172413793103448
line_27,r22,qft,16,1,22,175,58,3.0172413793103448
line_27,r22,qft,16,1,33,171,58,2.9482758620689653
line_27,r22,qft,16,1,44,171,58,2.9482758620689653
line_27,r22,qft,16,1,55,163,58,2.810344827586207
line_27,r22,qft,16,3,11,135,58,2.3275862068965516
line_27,r22,qft,16,3,22,131,58,2.2586206896551726
line_27,r22,qft,16,3,33,125,58,2.1551724137931036
line_27,r22,qft,16,3,44,135,58,2.3275862068965516
line_27,r22,qft,16,3,55,115,58,1.9827586206896552
line_27,r22,qft,20,0,11,500,74,6.756756756756757
line_27,r22,qft,20,0,22,504,74,6.8108108108108105
line_27,r22,qft,20,0,33,571,74,7.716216216216216
line_27,r22,qft,20,0,44,489,74,6.608108108108108
line_27,r22,qft,20,0,55,590,74,7.972972972972973
line_27,r22,qft,20,1,11,207,74,2.7972972972972974
line_27,r22,qft,20,1,22,221,74,2.9864864864864864
line_27,r22,qft,20,1,33,205,74,2.77027027027027
line_27,r22,qft,20,1,44,229,74,3.0945945945945947
line_27,r22,qft,20,1,55,215,74,2.9054054054054053
line_27,r22,qft,20,3,11,177,74,2.391891891891892
line_27,r22,qft,20,3,22,159,74,2.1486486486486487
line_27,r22,qft,20,3,33,177,74,2.391891891891892
line_27,r22,qft,20,3,44,159,74,2.1486486486486487
line_27,r22,qft,20,3,55,159,74,2.1486486486486487
line_27,r22,qft,24,0,11,748,90,8.311111111111112
line_27,r22,qft,24,0,22,715,90,7.944444444444445
line_27,r22,qft,24,0,33,726,90,8.066666666666666
line_27,r22,qft,24,0,44,798,90,8.866666666666667
line_27,r22,qft,24,0,55,741,90,8.233333333333333
line_27,r22,qft,24,1,11,278,90,3.088888888888889
line_27,r22,qft,24,1,22,281,90,3.1222222222222222
line_27,r22,qft,24,1,33,285,90,3.1666666666666665
line_27,r22,qft,24,1,44,265,90,2.9444444444444446
line_27,r22,qft,24,1,55,246,90,2.7333333333333334
line_27,r22,qft,24,3,11,182,90,2.022222222222222
line_27,r22,qft,24,3,22,215,90,2.388888888888889
line_27,r22,qft,24,3,33,188,90,2.088888888888889
line_27,r22,qft,24,3,44,215,90,2.388888888888889
line_27,r22,qft,24,3,55,205,90,2.2777777777777777
line_27,r22,ghz_chain,4,0,11,24,3,8.0
line_27,r22,ghz_chain,4,0,22,30,3,10.0
line_27,r22,ghz_chain,4,0,33,24,3,8.0
line_27,r22,ghz_chain,4,0,44,27,3,9.0
line_27,r22,ghz_chain,4,0,55,27,3,9.0
line_27,r22,ghz_chain,4,1,11,3,3,1.0
line_27,r22,ghz_chain,4,1,22,3,3,1.0
line_27,r22,ghz_chain,4,1,33,3,3,1.0
line_27,r22,ghz_chain,4,1,44,3,3,1.0
line_27,r22,ghz_chain,4,1,55,3,3,1.0
line_27,r22,ghz_chain,4,3,11,3,3,1.0
line_27,r22,ghz_chain,4,3,22,3,3,1.0
line_27,r22,ghz_chain,4,3,33,3,3,1.0
line_27,r22,ghz_chain,4,3,44,3,3,1.0
line_27,r22,ghz_chain,4,3,55,3,3,1.0
line_27,r22,ghz_chain,8,0,11,58,7,8.285714285714286
line_27,r22,ghz_chain,8,0,22,94,7,13.428571428571429
line_27,r22,ghz_chain,8,0,33,94,7,13.428571428571429
line_27,r22,ghz_chain,8,0,44,94,7,13.428571428571429
line_27,r22,ghz_chain,8,0,55,91,7,13.0
line_27,r22,ghz_chain,8,1,11,7,7,1.0
line_27,r22,ghz_chain,8,1,22,7,7,1.0
line_27,r22,ghz_chain,8,1,33,7,7,1.0
line_27,r22,ghz_chain,8,1,44,7,7,1.0
line_27,r22,ghz_chain,8,1,55,7,7,1.0
line_27,r22,ghz_chain,8,3,11,7,7,1.0
line_27,r22,ghz_chain,8,3,22,7,7,1.0
line_27,r22,ghz_chain,8,3,33,7,7,1.0
line_27,r22,ghz_chain,8,3,44,7,7,1.0
line_27,r22,ghz_chain,8,3,55,7,7,1.0
line_27,r22,ghz_chain,12,0,11,95,11,8.636363636363637
line_27,r22,ghz_chain,12,0,22,143,11,13.0
line_27,r22,ghz_chain,12,0,33,146,11,13.272727272727273
line_27,r22,ghz_chain,12,0,44,142,11,12.909090909090908
line_27,r22,ghz_chain,12,0,55,138,11,12.545454545454545
line_27,r22,ghz_chain,12,1,11,11,11,1.0
line_27,r22,ghz_chain,12,1,22,11,11,1.0
line_27,r22,ghz_chain,12,1,33,11,11,1.0
line_27,r22,ghz_chain,12,1,44,11,11,1.0
line_27,r22,ghz_chain,12,1,55,11,11,1.0
line_27,r22,ghz_chain,12,3,11,11,11,1.0
line_27,r22,ghz_chain,12,3,22,11,11,1.0
line_27,r22,ghz_chain,12,3,33,11,11,1.0
line_27,r22,ghz_chain,12,3,44,11,11,1.0
line_27,r22,ghz_chain,12,3,55,11,11,1.0
line_27,r22,ghz_chain,16,0,11,123,15,8.2
line_27,r22,ghz_chain,16,0,22,183,15,12.2
line_27,r22,ghz_chain,16,0,33,180,15,12.0
line_27,r22,ghz_chain,16,0,44,173,15,11.533333333333333
line_27,r22,ghz_chain,16,0,55,207,15,13.8
line_27,r22,ghz_chain,16,1,11,15,15,1.0
line_27,r22,ghz_chain,16,1,22,15,15,1.0
line_27,r22,ghz_chain,16,1,33,15,15,1.0
line_27,r22,ghz_chain,16,1,44,15,15,1.0
line_27,r22,ghz_chain,16,1,55,15,15,1.0
line_27,r22,ghz_chain,16,3,11,15,15,1.0
line_27,r22,ghz_chain,16,3,22,15,15,1.0
line_27,r22,ghz_chain,16,3,33,15,15,1.0
line_27,r22,ghz_chain,16,3,44,15,15,1.0
line_27,r22,ghz_chain,16,3,55,15,15,1.0
line_27,r22,ghz_chain,20,0,11,157,19,8.263157894736842
line_27,r22,ghz_chain,20,0,22,219,19,11.526315789473685
line_27,r22,ghz_chain,20,0,33,223,19,11.736842105263158
line_27,r22,ghz_chain,20,0,44,210,19,11.052631578947368
line_27,r22,ghz_chain,20,0,55,211,19,11.105263157894736
line_27,r22,ghz_chain,20,1,11,19,19,1.0
line_27,r22,ghz_chain,20,1,22,19,19,1.0
line_27,r22,ghz_chain,20,1,33,19,19,1.0
line_27,r22,ghz_chain,20,1,44,19,19,1.0
line_27,r22,ghz_chain,20,1,55,19,19,1.0
line_27,r22,ghz_chain,20,3,11,19,19,1.0
line_27,r22,ghz_chain,20,3,22,19,19,1.0
line_27,r22,ghz_chain,20,3,33,19,19,1.0
line_27,r22,ghz_chain,20,3,44,19,19,1.0
line_27,r22,ghz_chain,20,3,55,19,19,1.0
line_27,r22,ghz_chain,24,0,11,236,23,10.26086956521739
line_27,r22,ghz_chain,24,0,22,292,23,12.695652173913043
line_27,r22,ghz_chain,24,0,33,317,23,13.782608695652174
line_27,r22,ghz_chain,24,0,44,289,23,12.565217391304348
line_27,r22,ghz_chain,24,0,55,287,23,12.478260869565217
line_27,r22,ghz_chain,24,1,11,23,23,1.0
line_27,r22,ghz_chain,24,1,22,23,23,1.0
line_27,r22,ghz_chain,24,1,33,23,23,1.0
line_27,r22,ghz_chain,24,1,44,23,23,1.0
line_27,r22,ghz_chain,24,1,55,23,23,1.0
line_27,r22,ghz_chain,24,3,11,23,23,1.0
line_27,r22,ghz_chain,24,3,22,23,23,1.0
line_27,r22,ghz_chain,24,3,33,23,23,1.0
line_27,r22,ghz_chain,24,3,44,23,23,1.0
line_27,r22,ghz_chain,24,3,55,23,23,1.0
line_27,r22,ghz_star,4,0,11,33,3,11.0
line_27,r22,ghz_star,4,0,22,36,3,12.0
line_27,r22,ghz_star,4,0,33,30,3,10.0
line_27,r22,ghz_star,4,0,44,30,3,10.0
line_27,r22,ghz_star,4,0,55,33,3,11.0
line_27,r22,ghz_star,4,1,11,6,3,2.0
line_27,r22,ghz_star,4,1,22,6,3,2.0
line_27,r22,ghz_star,4,1,33,6,3,2.0
line_27,r22,ghz_star,4,1,44,6,3,2.0
line_27,r22,ghz_star,4,1,55,6,3,2.0
line_27,r22,ghz_star,4,3,11,6,3,2.0
line_27,r22,ghz_star,4,3,22,6,3,2.0
line_27,r22,ghz_star,4,3,33,4,3,1.3333333333333333
line_27,r22,ghz_star,4,3,44,6,3,2.0
line_27,r22,ghz_star,4,3,55,5,3,1.6666666666666667
line_27,r22,ghz_star,8,0,11,64,7,9.142857142857142
line_27,r22,ghz_star,8,0,22,94,7,13.428571428571429
line_27,r22,ghz_star,8,0,33,91,7,13.0
line_27,r22,ghz_star,8,0,44,94,7,13.428571428571429
line_27,r22,ghz_star,8,0,55,91,7,13.0
line_27,r22,ghz_star,8,1,11,24,7,3.4285714285714284
line_27,r22,ghz_star,8,1,22,27,7,3.857142857142857
line_27,r22,ghz_star,8,1,33,27,7,3.857142857142857
line_27,r22,ghz_star,8,1,44,25,7,3.5714285714285716
line_27,r22,ghz_star,8,1,55,21,7,3.0
line_27,r22,ghz_star,8,3,11,21,7,3.0
line_27,r22,ghz_star,8,3,22,23,7,3.2857142857142856
line_27,r22,ghz_star,8,3,33,19,7,2.7142857142857144
line_27,r22,ghz_star,8,3,44,21,7,3.0
line_27,r22,ghz_star,8,3,55,20,7,2.857142857142857
line_27,r22,ghz_star,12,0,11,143,11,13.0
line_27,r22,ghz_star,12,0,22,149,11,13.545454545454545
line_27,r22,ghz_star,12,0,33,164,11,14.909090909090908
line_27,r22,ghz_star,12,0,44,131,11,11.909090909090908
line_27,r22,ghz_star,12,0,55,146,11,13.272727272727273
line_27,r22,ghz_star,12,1,11,41,11,3.727272727272727
line_27,r22,ghz_star,12,1,22,41,11,3.727272727272727
line_27,r22,ghz_star,12,1,33,41,11,3.727272727272727
line_27,r22,ghz_star,12,1,44,41,11,3.727272727272727
line_27,r22,ghz_star,12,1,55,41,11,3.727272727272727
line_27,r22,ghz_star,12,3,11,32,11,2.909090909090909
line_27,r22,ghz_star,12,3,22,32,11,2.909090909090909
line_27,r22,ghz_star,12,3,33,40,11,3.6363636363636362
line_27,r22,ghz_star,12,3,44,32,11,2.909090909090909
line_27,r22,ghz_star,12,3,55,32,11,2.909090909090909
line_27,r22,ghz_star,16,0,11,164,15,10.933333333333334
line_27,r22,ghz_star,16,0,22,186,15,12.4
line_27,r22,ghz_star,16,0,33,182,15,12.133333333333333
line_27,r22,ghz_star,16,0,44,165,15,11.0
line_27,r22,ghz_star,16,0,55,168,15,11.2
line_27,r22,ghz_star,16,1,11,57,15,3.8
line_27,r22,ghz_star,16,1,22,57,15,3.8
line_27,r22,ghz_star,16,1,33,57,15,3.8
line_27,r22,ghz_star,16,1,44,57,15,3.8
line_27,r22,ghz_star,16,1,55,57,15,3.8
line_27,r22,ghz_star,16,3,11,42,15,2.8
line_27,r22,ghz_star,16,3,22,42,15,2.8
line_27,r22,ghz_star,16,3,33,40,15,2.6666666666666665
line_27,r22,ghz_star,16,3,44,40,15,2.6666666666666665
line_27,r22,ghz_star,16,3,55,40,15,2.6666666666666665
line_27,r22,ghz_star,20,0,11,210,19,11.052631578947368
line_27,r22,ghz_star,20,0,22,220,19,11.578947368421053
line_27,r22,ghz_star,20,0,33,234,19,12.31578947368421
line_27,r22,ghz_star,20,0,44,205,19,10.789473684210526
line_27,r22,ghz_star,20,0,55,196,19,10.31578947368421
line_27,r22,ghz_star,20,1,11,73,19,3.8421052631578947
line_27,r22,ghz_star,20,1,22,73,19,3.8421052631578947
line_27,r22,ghz_star,20,1,33,70,19,3.6842105263157894
line_27,r22,ghz_star,20,1,44,70,19,3.6842105263157894
line_27,r22,ghz_star,20,1,55,76,19,4.0
line_27,r22,ghz_star,20,3,11,50,19,2.6315789473684212
line_27,r22,ghz_star,20,3,22,50,19,2.6315789473684212
line_27,r22,ghz_star,20,3,33,50,19,2.6315789473684212
line_27,r22,ghz_star,20,3,44,48,19,2.526315789473684
line_27,r22,ghz_star,20,3,55,50,19,2.6315789473684212
line_27,r22,ghz_star,24,0,11,295,23,12.826086956521738
line_27,r22,ghz_star,24,0,22,287,23,12.478260869565217
line_27,r22,ghz_star,24,0,33,298,23,12.956521739130435
line_27,r22,ghz_star,24,0,44,269,23,11.695652173913043
line_27,r22,ghz_star,24,0,55,275,23,11.956521739130435
line_27,r22,ghz_star,24,1,11,89,23,3.869565217391304
line_27,r22,ghz_star,24,1,22,89,23,3.869565217391304
line_27,r22,ghz_star,24,1,33,89,23,3.869565217391304
line_27,r22,ghz_star,24,1,44,89,23,3.869565217391304
line_27,r22,ghz_star,24,1,55,89,23,3.869565217391304
line_27,r22,ghz_star,24,3,11,56,23,2.4347826086956523
line_27,r22,ghz_star,24,3,22,58,23,2.5217391304347827
line_27,r22,ghz_star,24,3,33,58,23,2.5217391304347827
line_27,r22,ghz_star,24,3,44,58,23,2.5217391304347827
line_27,r22,ghz_star,24,3,55,58,23,2.5217391304347827
line_27,r22,efficient_su2,4,0,11,43,8,5.375
line_27,r22,efficient_su2,4,0,22,43,8,5.375
line_27,r22,efficient_su2,4,0,33,61,8,7.625
line_27,r22,efficient_su2,4,0,44,43,8,5.375
line_27,r22,efficient_su2,4,0,55,56,8,7.0
line_27,r22,efficient_su2,4,1,11,17,8,2.125
line_27,r22,efficient_su2,4,1,22,17,8,2.125
line_27,r22,efficient_su2,4,1,33,17,8,2.125
line_27,r22,efficient_su2,4,1,44,16,8,2.0
line_27,r22,efficient_su2,4,1,55,17,8,2.125
line_27,r22,efficient_su2,4,3,11,17,8,2.125
line_27,r22,efficient_su2,4,3,22,16,8,2.0
line_27,r22,efficient_su2,4,3,33,14,8,1.75
line_27,r22,efficient_su2,4,3,44,14,8,1.75
line_27,r22,efficient_su2,4,3,55,14,8,1.75
line_27,r22,efficient_su2,8,0,11,101,16,6.3125
line_27,r22,efficient_su2,8,0,22,174,16,10.875
line_27,r22,efficient_su2,8,0,33,148,16,9.25
line_27,r22,efficient_su2,8,0,44,139,16,8.6875
line_27,r22,efficient_su2,8,0,55,132,16,8.25
line_27,r22,efficient_su2,8,1,11,50,16,3.125
line_27,r22,efficient_su2,8,1,22,50,16,3.125
line_27,r22,efficient_su2,8,1,33,50,16,3.125
line_27,r22,efficient_su2,8,1,44,50,16,3.125
line_27,r22,efficient_su2,8,1,55,50,16,3.125
line_27,r22,efficient_su2,8,3,11,46,16,2.875
line_27,r22,efficient_su2,8,3,22,46,16,2.875
line_27,r22,efficient_su2,8,3,33,46,16,2.875
line_27,r22,efficient_su2,8,3,44,46,16,2.875
line_27,r22,efficient_su2,8,3,55,46,16,2.875
line_27,r22,efficient_su2,12,0,11,208,24,8.666666666666666
line_27,r22,efficient_su2,12,0,22,269,24,11.208333333333334
line_27,r22,efficient_su2,12,0,33,288,24,12.0
line_27,r22,efficient_su2,12,0,44,231,24,9.625
line_27,r22,efficient_su2,12,0,55,228,24,9.5
line_27,r22,efficient_su2,12,1,11,90,24,3.75
line_27,r22,efficient_su2,12,1,22,90,24,3.75
line_27,r22,efficient_su2,12,1,33,90,24,3.75
line_27,r22,efficient_su2,12,1,44,90,24,3.75
line_27,r22,efficient_su2,12,1,55,82,24,3.4166666666666665
line_27,r22,efficient_su2,12,3,11,78,24,3.25
line_27,r22,efficient_su2,12,3,22,82,24,3.4166666666666665
line_27,r22,efficient_su2,12,3,33,78,24,3.25
line_27,r22,efficient_su2,12,3,44,82,24,3.4166666666666665
line_27,r22,efficient_su2,12,3,55,78,24,3.25
line_27,r22,efficient_su2,16,0,11,288,32,9.0
line_27,r22,efficient_su2,16,0,22,281,32,8.78125
line_27,r22,efficient_su2,16,0,33,358,32,11.1875
line_27,r22,efficient_su2,16,0,44,270,32,8.4375
line_27,r22,efficient_su2,16,0,55,278,32,8.6875
line_27,r22,efficient_su2,16,1,11,122,32,3.8125
line_27,r22,efficient_su2,16,1,22,122,32,3.8125
line_27,r22,efficient_su2,16,1,33,122,32,3.8125
line_27,r22,efficient_su2,16,1,44,122,32,3.8125
line_27,r22,efficient_su2,16,1,55,122,32,3.8125
line_27,r22,efficient_su2,16,3,11,114,32,3.5625
line_27,r22,efficient_su2,16,3,22,114,32,3.5625
line_27,r22,efficient_su2,16,3,33,110,32,3.4375
line_27,r22,efficient_su2,16,3,44,114,32,3.5625
line_27,r22,efficient_su2,16,3,55,114,32,3.5625
line_27,r22,efficient_su2,20,0,11,376,40,9.4
line_27,r22,efficient_su2,20,0,22,343,40,8.575
line_27,r22,efficient_su2,20,0,33,411,40,10.275
line_27,r22,efficient_su2,20,0,44,339,40,8.475
line_27,r22,efficient_su2,20,0,55,357,40,8.925
line_27,r22,efficient_su2,20,1,11,154,40,3.85
line_27,r22,efficient_su2,20,1,22,154,40,3.85
line_27,r22,efficient_su2,20,1,33,154,40,3.85
line_27,r22,efficient_su2,20,1,44,154,40,3.85
line_27,r22,efficient_su2,20,1,55,154,40,3.85
line_27,r22,efficient_su2,20,3,11,146,40,3.65
line_27,r22,efficient_su2,20,3,22,146,40,3.65
line_27,r22,efficient_su2,20,3,33,146,40,3.65
line_27,r22,efficient_su2,20,3,44,146,40,3.65
line_27,r22,efficient_su2,20,3,55,146,40,3.65
line_27,r22,efficient_su2,24,0,11,513,48,10.6875
line_27,r22,efficient_su2,24,0,22,537,48,11.1875
line_27,r22,efficient_su2,24,0,33,542,48,11.291666666666666
line_27,r22,efficient_su2,24,0,44,491,48,10.229166666666666
line_27,r22,efficient_su2,24,0,55,511,48,10.645833333333334
line_27,r22,efficient_su2,24,1,11,186,48,3.875
line_27,r22,efficient_su2,24,1,22,186,48,3.875
line_27,r22,efficient_su2,24,1,33,186,48,3.875
line_27,r22,efficient_su2,24,1,44,186,48,3.875
line_27,r22,efficient_su2,24,1,55,186,48,3.875
line_27,r22,efficient_su2,24,3,11,178,48,3.7083333333333335
line_27,r22,efficient_su2,24,3,22,178,48,3.7083333333333335
line_27,r22,efficient_su2,24,3,33,178,48,3.7083333333333335
line_27,r22,efficient_su2,24,3,44,178,48,3.7083333333333335
line_27,r22,efficient_su2,24,3,55,178,48,3.7083333333333335
line_27,r23,qft,4,0,11,51,10,5.1
line_27,r23,qft,4,0,22,54,10,5.4
line_27,r23,qft,4,0,33,59,10,5.9
line_27,r23,qft,4,0,44,49,10,4.9
line_27,r23,qft,4,0,55,42,10,4.2
line_27,r23,qft,4,1,11,19,10,1.9
line_27,r23,qft,4,1,22,19,10,1.9
line_27,r23,qft,4,1,33,19,10,1.9
line_27,r23,qft,4,1,44,19,10,1.9
line_27,r23,qft,4,1,55,19,10,1.9
line_27,r23,qft,4,3,11,17,10,1.7
line_27,r23,qft,4,3,22,17,10,1.7
line_27,r23,qft,4,3,33,17,10,1.7
line_27,r23,qft,4,3,44,17,10,1.7
line_27,r23,qft,4,3,55,17,10,1.7
line_27,r23,qft,8,0,11,185,26,7.115384615384615
line_27,r23,qft,8,0,22,153,26,5.884615384615385
line_27,r23,qft,8,0,33,151,26,5.8076923076923075
line_27,r23,qft,8,0,44,148,26,5.6923076923076925
line_27,r23,qft,8,0,55,151,26,5.8076923076923075
line_27,r23,qft,8,1,11,63,26,2.423076923076923
line_27,r23,qft,8,1,22,63,26,2.423076923076923
line_27,r23,qft,8,1,33,70,26,2.6923076923076925
line_27,r23,qft,8,1,44,63,26,2.423076923076923
line_27,r23,qft,8,1,55,69,26,2.6538461538461537
line_27,r23,qft,8,3,11,52,26,2.0
line_27,r23,qft,8,3,22,52,26,2.0
line_27,r23,qft,8,3,33,57,26,2.1923076923076925
line_27,r23,qft,8,3,44,49,26,1.8846153846153846
line_27,r23,qft,8,3,55,49,26,1.8846153846153846
line_27,r23,qft,12,0,11,278,42,6.619047619047619
line_27,r23,qft,12,0,22,281,42,6.690476190476191
line_27,r23,qft,12,0,33,296,42,7.0476190476190474
line_27,r23,qft,12,0,44,319,42,7.595238095238095
line_27,r23,qft,12,0,55,309,42,7.357142857142857
line_27,r23,qft,12,1,11,109,42,2.5952380952380953
line_27,r23,qft,12,1,22,123,42,2.9285714285714284
line_27,r23,qft,12,1,33,127,42,3.0238095238095237
line_27,r23,qft,12,1,44,126,42,3.0
line_27,r23,qft,12,1,55,111,42,2.642857142857143
line_27,r23,qft,12,3,11,91,42,2.1666666666666665
line_27,r23,qft,12,3,22,93,42,2.2142857142857144
line_27,r23,qft,12,3,33,91,42,2.1666666666666665
line_27,r23,qft,12,3,44,97,42,2.3095238095238093
line_27,r23,qft,12,3,55,97,42,2.3095238095238093
line_27,r23,qft,16,0,11,475,58,8.189655172413794
line_27,r23,qft,16,0,22,518,58,8.931034482758621
line_27,r23,qft,16,0,33,541,58,9.327586206896552
line_27,r23,qft,16,0,44,477,58,8.224137931034482
line_27,r23,qft,16,0,55,455,58,7.844827586206897
line_27,r23,qft,16,1,11,179,58,3.086206896551724
line_27,r23,qft,16,1,22,165,58,2.8448275862068964
line_27,r23,qft,16,1,33,175,58,3.0172413793103448
line_27,r23,qft,16,1,44,179,58,3.086206896551724
line_27,r23,qft,16,1,55,166,58,2.8620689655172415
line_27,r23,qft,16,3,11,127,58,2.189655172413793
line_27,r23,qft,16,3,22,133,58,2.293103448275862
line_27,r23,qft,16,3,33,125,58,2.1551724137931036
line_27,r23,qft,16,3,44,135,58,2.3275862068965516
line_27,r23,qft,16,3,55,135,58,2.3275862068965516
line_27,r23,qft,20,0,11,696,74,9.405405405405405
line_27,r23,qft,20,0,22,558,74,7.54054054054054
line_27,r23,qft,20,0,33,720,74,9.72972972972973
line_27,r23,qft,20,0,44,696,74,9.405405405405405
line_27,r23,qft,20,0,55,680,74,9.18918918918919
line_27,r23,qft,20,1,11,221,74,2.9864864864864864
line_27,r23,qft,20,1,22,222,74,3.0
line_27,r23,qft,20,1,33,211,74,2.8513513513513513
line_27,r23,qft,20,1,44,211,74,2.8513513513513513
line_27,r23,qft,20,1,55,228,74,3.081081081081081
line_27,r23,qft,20,3,11,177,74,2.391891891891892
line_27,r23,qft,20,3,22,152,74,2.054054054054054
line_27,r23,qft,20,3,33,153,74,2.0675675675675675
line_27,r23,qft,20,3,44,159,74,2.1486486486486487
line_27,r23,qft,20,3,55,159,74,2.1486486486486487
line_27,r23,qft,24,0,11,863,90,9.588888888888889
line_27,r23,qft,24,0,22,893,90,9.922222222222222
line_27,r23,qft,24,0,33,769,90,8.544444444444444
line_27,r23,qft,24,0,44,796,90,8.844444444444445
line_27,r23,qft,24,0,55,786,90,8.733333333333333
line_27,r23,qft,24,1,11,278,90,3.088888888888889
line_27,r23,qft,24,1,22,259,90,2.8777777777777778
line_27,r23,qft,24,1,33,261,90,2.9
line_27,r23,qft,24,1,44,275,90,3.0555555555555554
line_27,r23,qft,24,1,55,277,90,3.077777777777778
line_27,r23,qft,24,3,11,207,90,2.3
line_27,r23,qft,24,3,22,180,90,2.0
line_27,r23,qft,24,3,33,203,90,2.2555555555555555
line_27,r23,qft,24,3,44,205,90,2.2777777777777777
line_27,r23,qft,24,3,55,197,90,2.188888888888889
line_27,r23,ghz_chain,4,0,11,30,3,10.0
line_27,r23,ghz_chain,4,0,22,36,3,12.0
line_27,r23,ghz_chain,4,0,33,27,3,9.0
line_27,r23,ghz_chain,4,0,44,27,3,9.0
line_27,r23,ghz_chain,4,0,55,30,3,10.0
line_27,r23,ghz_chain,4,1,11,3,3,1.0
line_27,r23,ghz_chain,4,1,22,3,3,1.0
line_27,r23,ghz_chain,4,1,33,3,3,1.0
line_27,r23,ghz_chain,4,1,44,3,3,1.0
line_27,r23,ghz_chain,4,1,55,3,3,1.0
line_27,r23,ghz_chain,4,3,11,3,3,1.0
line_27,r23,ghz_chain,4,3,22,3,3,1.0
line_27,r23,ghz_chain,4,3,33,3,3,1.0
line_27,r23,ghz_chain,4,3,44,3,3,1.0
line_27,r23,ghz_chain,4,3,55,3,3,1.0
line_27,r23,ghz_chain,8,0,11,59,7,8.428571428571429
line_27,r23,ghz_chain,8,0,22,74,7,10.571428571428571
line_27,r23,ghz_chain,8,0,33,67,7,9.571428571428571
line_27,r23,ghz_chain,8,0,44,67,7,9.571428571428571
line_27,r23,ghz_chain,8,0,55,85,7,12.142857142857142
line_27,r23,ghz_chain,8,1,11,7,7,1.0
line_27,r23,ghz_chain,8,1,22,7,7,1.0
line_27,r23,ghz_chain,8,1,33,7,7,1.0
line_27,r23,ghz_chain,8,1,44,7,7,1.0
line_27,r23,ghz_chain,8,1,55,7,7,1.0
line_27,r23,ghz_chain,8,3,11,7,7,1.0
line_27,r23,ghz_chain,8,3,22,7,7,1.0
line_27,r23,ghz_chain,8,3,33,7,7,1.0
line_27,r23,ghz_chain,8,3,44,7,7,1.0
line_27,r23,ghz_chain,8,3,55,7,7,1.0
line_27,r23,ghz_chain,12,0,11,99,11,9.0
line_27,r23,ghz_chain,12,0,22,134,11,12.181818181818182
line_27,r23,ghz_chain,12,0,33,128,11,11.636363636363637
line_27,r23,ghz_chain,12,0,44,119,11,10.818181818181818
line_27,r23,ghz_chain,12,0,55,122,11,11.090909090909092
line_27,r23,ghz_chain,12,1,11,11,11,1.0
line_27,r23,ghz_chain,12,1,22,11,11,1.0
line_27,r23,ghz_chain,12,1,33,11,11,1.0
line_27,r23,ghz_chain,12,1,44,11,11,1.0
line_27,r23,ghz_chain,12,1,55,11,11,1.0
line_27,r23,ghz_chain,12,3,11,11,11,1.0
line_27,r23,ghz_chain,12,3,22,11,11,1.0
line_27,r23,ghz_chain,12,3,33,11,11,1.0
line_27,r23,ghz_chain,12,3,44,11,11,1.0
line_27,r23,ghz_chain,12,3,55,11,11,1.0
line_27,r23,ghz_chain,16,0,11,172,15,11.466666666666667
line_27,r23,ghz_chain,16,0,22,213,15,14.2
line_27,r23,ghz_chain,16,0,33,195,15,13.0
line_27,r23,ghz_chain,16,0,44,192,15,12.8
line_27,r23,ghz_chain,16,0,55,178,15,11.866666666666667
line_27,r23,ghz_chain,16,1,11,15,15,1.0
line_27,r23,ghz_chain,16,1,22,15,15,1.0
line_27,r23,ghz_chain,16,1,33,15,15,1.0
line_27,r23,ghz_chain,16,1,44,15,15,1.0
line_27,r23,ghz_chain,16,1,55,15,15,1.0
line_27,r23,ghz_chain,16,3,11,15,15,1.0
line_27,r23,ghz_chain,16,3,22,15,15,1.0
line_27,r23,ghz_chain,16,3,33,15,15,1.0
line_27,r23,ghz_chain,16,3,44,15,15,1.0
line_27,r23,ghz_chain,16,3,55,15,15,1.0
line_27,r23,ghz_chain,20,0,11,237,19,12.473684210526315
line_27,r23,ghz_chain,20,0,22,244,19,12.842105263157896
line_27,r23,ghz_chain,20,0,33,229,19,12.052631578947368
line_27,r23,ghz_chain,20,0,44,217,19,11.421052631578947
line_27,r23,ghz_chain,20,0,55,212,19,11.157894736842104
line_27,r23,ghz_chain,20,1,11,19,19,1.0
line_27,r23,ghz_chain,20,1,22,19,19,1.0
line_27,r23,ghz_chain,20,1,33,19,19,1.0
line_27,r23,ghz_chain,20,1,44,19,19,1.0
line_27,r23,ghz_chain,20,1,55,19,19,1.0
line_27,r23,ghz_chain,20,3,11,19,19,1.0
line_27,r23,ghz_chain,20,3,22,19,19,1.0
line_27,r23,ghz_chain,20,3,33,19,19,1.0
line_27,r23,ghz_chain,20,3,44,19,19,1.0
line_27,r23,ghz_chain,20,3,55,19,19,1.0
line_27,r23,ghz_chain,24,0,11,310,23,13.478260869565217
line_27,r23,ghz_chain,24,0,22,305,23,13.26086956521739
line_27,r23,ghz_chain,24,0,33,302,23,13.130434782608695
line_27,r23,ghz_chain,24,0,44,296,23,12.869565217391305
line_27,r23,ghz_chain,24,0,55,267,23,11.608695652173912
line_27,r23,ghz_chain,24,1,11,23,23,1.0
line_27,r23,ghz_chain,24,1,22,23,23,1.0
line_27,r23,ghz_chain,24,1,33,23,23,1.0
line_27,r23,ghz_chain,24,1,44,23,23,1.0
line_27,r23,ghz_chain,24,1,55,23,23,1.0
line_27,r23,ghz_chain,24,3,11,23,23,1.0
line_27,r23,ghz_chain,24,3,22,23,23,1.0
line_27,r23,ghz_chain,24,3,33,23,23,1.0
line_27,r23,ghz_chain,24,3,44,23,23,1.0
line_27,r23,ghz_chain,24,3,55,23,23,1.0
line_27,r23,ghz_star,4,0,11,27,3,9.0
line_27,r23,ghz_star,4,0,22,33,3,11.0
line_27,r23,ghz_star,4,0,33,27,3,9.0
line_27,r23,ghz_star,4,0,44,33,3,11.0
line_27,r23,ghz_star,4,0,55,30,3,10.0
line_27,r23,ghz_star,4,1,11,5,3,1.6666666666666667
line_27,r23,ghz_star,4,1,22,6,3,2.0
line_27,r23,ghz_star,4,1,33,6,3,2.0
line_27,r23,ghz_star,4,1,44,6,3,2.0
line_27,r23,ghz_star,4,1,55,6,3,2.0
line_27,r23,ghz_star,4,3,11,6,3,2.0
line_27,r23,ghz_star,4,3,22,5,3,1.6666666666666667
line_27,r23,ghz_star,4,3,33,6,3,2.0
line_27,r23,ghz_star,4,3,44,4,3,1.3333333333333333
line_27,r23,ghz_star,4,3,55,6,3,2.0
line_27,r23,ghz_star,8,0,11,85,7,12.142857142857142
line_27,r23,ghz_star,8,0,22,67,7,9.571428571428571
line_27,r23,ghz_star,8,0,33,69,7,9.857142857142858
line_27,r23,ghz_star,8,0,44,61,7,8.714285714285714
line_27,r23,ghz_star,8,0,55,57,7,8.142857142857142
line_27,r23,ghz_star,8,1,11,19,7,2.7142857142857144
line_27,r23,ghz_star,8,1,22,19,7,2.7142857142857144
line_27,r23,ghz_star,8,1,33,26,7,3.7142857142857144
line_27,r23,ghz_star,8,1,44,25,7,3.5714285714285716
line_27,r23,ghz_star,8,1,55,25,7,3.5714285714285716
line_27,r23,ghz_star,8,3,11,19,7,2.7142857142857144
line_27,r23,ghz_star,8,3,22,19,7,2.7142857142857144
line_27,r23,ghz_star,8,3,33,23,7,3.2857142857142856
line_27,r23,ghz_star,8,3,44,23,7,3.2857142857142856
line_27,r23,ghz_star,8,3,55,18,7,2.5714285714285716
line_27,r23,ghz_star,12,0,11,136,11,12.363636363636363
line_27,r23,ghz_star,12,0,22,116,11,10.545454545454545
line_27,r23,ghz_star,12,0,33,116,11,10.545454545454545
line_27,r23,ghz_star,12,0,44,110,11,10.0
line_27,r23,ghz_star,12,0,55,117,11,10.636363636363637
line_27,r23,ghz_star,12,1,11,52,11,4.7272727272727275
line_27,r23,ghz_star,12,1,22,48,11,4.363636363636363
line_27,r23,ghz_star,12,1,33,50,11,4.545454545454546
line_27,r23,ghz_star,12,1,44,83,11,7.545454545454546
line_27,r23,ghz_star,12,1,55,70,11,6.363636363636363
line_27,r23,ghz_star,12,3,11,43,11,3.909090909090909
line_27,r23,ghz_star,12,3,22,51,11,4.636363636363637
line_27,r23,ghz_star,12,3,33,42,11,3.8181818181818183
line_27,r23,ghz_star,12,3,44,62,11,5.636363636363637
line_27,r23,ghz_star,12,3,55,47,11,4.2727272727272725
line_27,r23,ghz_star,16,0,11,162,15,10.8
line_27,r23,ghz_star,16,0,22,180,15,12.0
line_27,r23,ghz_star,16,0,33,168,15,11.2
line_27,r23,ghz_star,16,0,44,180,15,12.0
line_27,r23,ghz_star,16,0,55,199,15,13.266666666666667
line_27,r23,ghz_star,16,1,11,98,15,6.533333333333333
line_27,r23,ghz_star,16,1,22,76,15,5.066666666666666
line_27,r23,ghz_star,16,1,33,78,15,5.2
line_27,r23,ghz_star,16,1,44,110,15,7.333333333333333
line_27,r23,ghz_star,16,1,55,113,15,7.533333333333333
line_27,r23,ghz_star,16,3,11,57,15,3.8
line_27,r23,ghz_star,16,3,22,85,15,5.666666666666667
line_27,r23,ghz_star,16,3,33,68,15,4.533333333333333
line_27,r23,ghz_star,16,3,44,88,15,5.866666666666666
line_27,r23,ghz_star,16,3,55,78,15,5.2
line_27,r23,ghz_star,20,0,11,228,19,12.0
line_27,r23,ghz_star,20,0,22,237,19,12.473684210526315
line_27,r23,ghz_star,20,0,33,223,19,11.736842105263158
line_27,r23,ghz_star,20,0,44,223,19,11.736842105263158
line_27,r23,ghz_star,20,0,55,248,19,13.052631578947368
line_27,r23,ghz_star,20,1,11,165,19,8.68421052631579
line_27,r23,ghz_star,20,1,22,150,19,7.894736842105263
line_27,r23,ghz_star,20,1,33,153,19,8.052631578947368
line_27,r23,ghz_star,20,1,44,126,19,6.631578947368421
line_27,r23,ghz_star,20,1,55,150,19,7.894736842105263
line_27,r23,ghz_star,20,3,11,92,19,4.842105263157895
line_27,r23,ghz_star,20,3,22,119,19,6.2631578947368425
line_27,r23,ghz_star,20,3,33,102,19,5.368421052631579
line_27,r23,ghz_star,20,3,44,120,19,6.315789473684211
line_27,r23,ghz_star,20,3,55,123,19,6.473684210526316
line_27,r23,ghz_star,24,0,11,271,23,11.782608695652174
line_27,r23,ghz_star,24,0,22,307,23,13.347826086956522
line_27,r23,ghz_star,24,0,33,302,23,13.130434782608695
line_27,r23,ghz_star,24,0,44,272,23,11.826086956521738
line_27,r23,ghz_star,24,0,55,329,23,14.304347826086957
line_27,r23,ghz_star,24,1,11,187,23,8.130434782608695
line_27,r23,ghz_star,24,1,22,153,23,6.6521739130434785
line_27,r23,ghz_star,24,1,33,190,23,8.26086956521739
line_27,r23,ghz_star,24,1,44,178,23,7.739130434782608
line_27,r23,ghz_star,24,1,55,188,23,8.173913043478262
line_27,r23,ghz_star,24,3,11,114,23,4.956521739130435
line_27,r23,ghz_star,24,3,22,136,23,5.913043478260869
line_27,r23,ghz_star,24,3,33,119,23,5.173913043478261
line_27,r23,ghz_star,24,3,44,139,23,6.043478260869565
line_27,r23,ghz_star,24,3,55,176,23,7.6521739130434785
line_27,r23,efficient_su2,4,0,11,41,8,5.125
line_27,r23,efficient_su2,4,0,22,56,8,7.0
line_27,r23,efficient_su2,4,0,33,47,8,5.875
line_27,r23,efficient_su2,4,0,44,47,8,5.875
line_27,r23,efficient_su2,4,0,55,49,8,6.125
line_27,r23,efficient_su2,4,1,11,18,8,2.25
line_27,r23,efficient_su2,4,1,22,19,8,2.375
line_27,r23,efficient_su2,4,1,33,17,8,2.125
line_27,r23,efficient_su2,4,1,44,17,8,2.125
line_27,r23,efficient_su2,4,1,55,17,8,2.125
line_27,r23,efficient_su2,4,3,11,14,8,1.75
line_27,r23,efficient_su2,4,3,22,14,8,1.75
line_27,r23,efficient_su2,4,3,33,14,8,1.75
line_27,r23,efficient_su2,4,3,44,14,8,1.75
line_27,r23,efficient_su2,4,3,55,14,8,1.75
line_27,r23,efficient_su2,8,0,11,142,16,8.875
line_27,r23,efficient_su2,8,0,22,175,16,10.9375
line_27,r23,efficient_su2,8,0,33,151,16,9.4375
line_27,r23,efficient_su2,8,0,44,133,16,8.3125
line_27,r23,efficient_su2,8,0,55,146,16,9.125
line_27,r23,efficient_su2,8,1,11,50,16,3.125
line_27,r23,efficient_su2,8,1,22,50,16,3.125
line_27,r23,efficient_su2,8,1,33,50,16,3.125
line_27,r23,efficient_su2,8,1,44,50,16,3.125
line_27,r23,efficient_su2,8,1,55,50,16,3.125
line_27,r23,efficient_su2,8,3,11,46,16,2.875
line_27,r23,efficient_su2,8,3,22,46,16,2.875
line_27,r23,efficient_su2,8,3,33,46,16,2.875
line_27,r23,efficient_su2,8,3,44,46,16,2.875
line_27,r23,efficient_su2,8,3,55,46,16,2.875
line_27,r23,efficient_su2,12,0,11,195,24,8.125
line_27,r23,efficient_su2,12,0,22,211,24,8.791666666666666
line_27,r23,efficient_su2,12,0,33,207,24,8.625
line_27,r23,efficient_su2,12,0,44,189,24,7.875
line_27,r23,efficient_su2,12,0,55,219,24,9.125
line_27,r23,efficient_su2,12,1,11,82,24,3.4166666666666665
line_27,r23,efficient_su2,12,1,22,82,24,3.4166666666666665
line_27,r23,efficient_su2,12,1,33,82,24,3.4166666666666665
line_27,r23,efficient_su2,12,1,44,82,24,3.4166666666666665
line_27,r23,efficient_su2,12,1,55,82,24,3.4166666666666665
line_27,r23,efficient_su2,12,3,11,78,24,3.25
line_27,r23,efficient_su2,12,3,22,78,24,3.25
line_27,r23,efficient_su2,12,3,33,78,24,3.25
line_27,r23,efficient_su2,12,3,44,78,24,3.25
line_27,r23,efficient_su2,12,3,55,78,24,3.25
line_27,r23,efficient_su2,16,0,11,328,32,10.25
line_27,r23,efficient_su2,16,0,22,335,32,10.46875
line_27,r23,efficient_su2,16,0,33,305,32,9.53125
line_27,r23,efficient_su2,16,0,44,325,32,10.15625
line_27,r23,efficient_su2,16,0,55,294,32,9.1875
line_27,r23,efficient_su2,16,1,11,114,32,3.5625
line_27,r23,efficient_su2,16,1,22,114,32,3.5625
line_27,r23,efficient_su2,16,1,33,114,32,3.5625
line_27,r23,efficient_su2,16,1,44,114,32,3.5625
line_27,r23,efficient_su2,16,1,55,114,32,3.5625
line_27,r23,efficient_su2,16,3,11,110,32,3.4375
line_27,r23,efficient_su2,16,3,22,110,32,3.4375
line_27,r23,efficient_su2,16,3,33,110,32,3.4375
line_27,r23,efficient_su2,16,3,44,110,32,3.4375
line_27,r23,efficient_su2,16,3,55,110,32,3.4375
line_27,r23,efficient_su2,20,0,11,424,40,10.6
line_27,r23,efficient_su2,20,0,22,460,40,11.5
line_27,r23,efficient_su2,20,0,33,453,40,11.325
line_27,r23,efficient_su2,20,0,44,443,40,11.075
line_27,r23,efficient_su2,20,0,55,410,40,10.25
line_27,r23,efficient_su2,20,1,11,146,40,3.65
line_27,r23,efficient_su2,20,1,22,146,40,3.65
line_27,r23,efficient_su2,20,1,33,146,40,3.65
line_27,r23,efficient_su2,20,1,44,146,40,3.65
line_27,r23,efficient_su2,20,1,55,146,40,3.65
line_27,r23,efficient_su2,20,3,11,142,40,3.55
line_27,r23,efficient_su2,20,3,22,142,40,3.55
line_27,r23,efficient_su2,20,3,33,142,40,3.55
line_27,r23,efficient_su2,20,3,44,142,40,3.55
line_27,r23,efficient_su2,20,3,55,142,40,3.55
line_27,r23,efficient_su2,24,0,11,576,48,12.0
line_27,r23,efficient_su2,24,0,22,644,48,13.416666666666666
line_27,r23,efficient_su2,24,0,33,591,48,12.3125
line_27,r23,efficient_su2,24,0,44,556,48,11.583333333333334
line_27,r23,efficient_su2,24,0,55,497,48,10.354166666666666
line_27,r23,efficient_su2,24,1,11,186,48,3.875
line_27,r23,efficient_su2,24,1,22,186,48,3.875
line_27,r23,efficient_su2,24,1,33,186,48,3.875
line_27,r23,efficient_su2,24,1,44,186,48,3.875
line_27,r23,efficient_su2,24,1,55,186,48,3.875
line_27,r23,efficient_su2,24,3,11,178,48,3.7083333333333335
line_27,r23,efficient_su2,24,3,22,178,48,3.7083333333333335
line_27,r23,efficient_su2,24,3,33,174,48,3.625
line_27,r23,efficient_su2,24,3,44,178,48,3.7083333333333335
line_27,r23,efficient_su2,24,3,55,178,48,3.7083333333333335
cairo_heavy_hex_27,identity,qft,4,0,11,27,10,2.7
cairo_heavy_hex_27,identity,qft,4,0,22,22,10,2.2
cairo_heavy_hex_27,identity,qft,4,0,33,21,10,2.1
cairo_heavy_hex_27,identity,qft,4,0,44,22,10,2.2
cairo_heavy_hex_27,identity,qft,4,0,55,21,10,2.1
cairo_heavy_hex_27,identity,qft,4,1,11,18,10,1.8
cairo_heavy_hex_27,identity,qft,4,1,22,18,10,1.8
cairo_heavy_hex_27,identity,qft,4,1,33,18,10,1.8
cairo_heavy_hex_27,identity,qft,4,1,44,18,10,1.8
cairo_heavy_hex_27,identity,qft,4,1,55,18,10,1.8
cairo_heavy_hex_27,identity,qft,4,3,11,18,10,1.8
cairo_heavy_hex_27,identity,qft,4,3,22,18,10,1.8
cairo_heavy_hex_27,identity,qft,4,3,33,18,10,1.8
cairo_heavy_hex_27,identity,qft,4,3,44,18,10,1.8
cairo_heavy_hex_27,identity,qft,4,3,55,18,10,1.8
cairo_heavy_hex_27,identity,qft,8,0,11,99,26,3.8076923076923075
cairo_heavy_hex_27,identity,qft,8,0,22,94,26,3.6153846153846154
cairo_heavy_hex_27,identity,qft,8,0,33,104,26,4.0
cairo_heavy_hex_27,identity,qft,8,0,44,103,26,3.9615384615384617
cairo_heavy_hex_27,identity,qft,8,0,55,101,26,3.8846153846153846
cairo_heavy_hex_27,identity,qft,8,1,11,69,26,2.6538461538461537
cairo_heavy_hex_27,identity,qft,8,1,22,72,26,2.769230769230769
cairo_heavy_hex_27,identity,qft,8,1,33,70,26,2.6923076923076925
cairo_heavy_hex_27,identity,qft,8,1,44,73,26,2.8076923076923075
cairo_heavy_hex_27,identity,qft,8,1,55,73,26,2.8076923076923075
cairo_heavy_hex_27,identity,qft,8,3,11,51,26,1.9615384615384615
cairo_heavy_hex_27,identity,qft,8,3,22,57,26,2.1923076923076925
cairo_heavy_hex_27,identity,qft,8,3,33,59,26,2.269230769230769
cairo_heavy_hex_27,identity,qft,8,3,44,58,26,2.230769230769231
cairo_heavy_hex_27,identity,qft,8,3,55,58,26,2.230769230769231
cairo_heavy_hex_27,identity,qft,12,0,11,207,42,4.928571428571429
cairo_heavy_hex_27,identity,qft,12,0,22,183,42,4.357142857142857
cairo_heavy_hex_27,identity,qft,12,0,33,182,42,4.333333333333333
cairo_heavy_hex_27,identity,qft,12,0,44,195,42,4.642857142857143
cairo_heavy_hex_27,identity,qft,12,0,55,198,42,4.714285714285714
cairo_heavy_hex_27,identity,qft,12,1,11,154,42,3.6666666666666665
cairo_heavy_hex_27,identity,qft,12,1,22,154,42,3.6666666666666665
cairo_heavy_hex_27,identity,qft,12,1,33,130,42,3.0952380952380953
cairo_heavy_hex_27,identity,qft,12,1,44,112,42,2.6666666666666665
cairo_heavy_hex_27,identity,qft,12,1,55,116,42,2.761904761904762
cairo_heavy_hex_27,identity,qft,12,3,11,107,42,2.5476190476190474
cairo_heavy_hex_27,identity,qft,12,3,22,87,42,2.0714285714285716
cairo_heavy_hex_27,identity,qft,12,3,33,136,42,3.238095238095238
cairo_heavy_hex_27,identity,qft,12,3,44,133,42,3.1666666666666665
cairo_heavy_hex_27,identity,qft,12,3,55,117,42,2.7857142857142856
cairo_heavy_hex_27,identity,qft,16,0,11,302,58,5.206896551724138
cairo_heavy_hex_27,identity,qft,16,0,22,317,58,5.4655172413793105
cairo_heavy_hex_27,identity,qft,16,0,33,317,58,5.4655172413793105
cairo_heavy_hex_27,identity,qft,16,0,44,362,58,6.241379310344827
cairo_heavy_hex_27,identity,qft,16,0,55,310,58,5.344827586206897
cairo_heavy_hex_27,identity,qft,16,1,11,229,58,3.9482758620689653
cairo_heavy_hex_27,identity,qft,16,1,22,238,58,4.103448275862069
cairo_heavy_hex_27,identity,qft,16,1,33,225,58,3.8793103448275863
cairo_heavy_hex_27,identity,qft,16,1,44,233,58,4.017241379310345
cairo_heavy_hex_27,identity,qft,16,1,55,218,58,3.7586206896551726
cairo_heavy_hex_27,identity,qft,16,3,11,180,58,3.103448275862069
cairo_heavy_hex_27,identity,qft,16,3,22,168,58,2.896551724137931
cairo_heavy_hex_27,identity,qft,16,3,33,168,58,2.896551724137931
cairo_heavy_hex_27,identity,qft,16,3,44,184,58,3.1724137931034484
cairo_heavy_hex_27,identity,qft,16,3,55,189,58,3.2586206896551726
cairo_heavy_hex_27,identity,qft,20,0,11,557,74,7.527027027027027
cairo_heavy_hex_27,identity,qft,20,0,22,451,74,6.094594594594595
cairo_heavy_hex_27,identity,qft,20,0,33,474,74,6.405405405405405
cairo_heavy_hex_27,identity,qft,20,0,44,401,74,5.418918918918919
cairo_heavy_hex_27,identity,qft,20,0,55,460,74,6.216216216216216
cairo_heavy_hex_27,identity,qft,20,1,11,231,74,3.1216216216216215
cairo_heavy_hex_27,identity,qft,20,1,22,221,74,2.9864864864864864
cairo_heavy_hex_27,identity,qft,20,1,33,223,74,3.0135135135135136
cairo_heavy_hex_27,identity,qft,20,1,44,280,74,3.7837837837837838
cairo_heavy_hex_27,identity,qft,20,1,55,280,74,3.7837837837837838
cairo_heavy_hex_27,identity,qft,20,3,11,185,74,2.5
cairo_heavy_hex_27,identity,qft,20,3,22,227,74,3.0675675675675675
cairo_heavy_hex_27,identity,qft,20,3,33,163,74,2.2027027027027026
cairo_heavy_hex_27,identity,qft,20,3,44,250,74,3.3783783783783785
cairo_heavy_hex_27,identity,qft,20,3,55,207,74,2.7972972972972974
cairo_heavy_hex_27,identity,qft,24,0,11,533,90,5.9222222222222225
cairo_heavy_hex_27,identity,qft,24,0,22,595,90,6.611111111111111
cairo_heavy_hex_27,identity,qft,24,0,33,501,90,5.566666666666666
cairo_heavy_hex_27,identity,qft,24,0,44,489,90,5.433333333333334
cairo_heavy_hex_27,identity,qft,24,0,55,595,90,6.611111111111111
cairo_heavy_hex_27,identity,qft,24,1,11,355,90,3.9444444444444446
cairo_heavy_hex_27,identity,qft,24,1,22,364,90,4.044444444444444
cairo_heavy_hex_27,identity,qft,24,1,33,360,90,4.0
cairo_heavy_hex_27,identity,qft,24,1,44,375,90,4.166666666666667
cairo_heavy_hex_27,identity,qft,24,1,55,337,90,3.7444444444444445
cairo_heavy_hex_27,identity,qft,24,3,11,289,90,3.2111111111111112
cairo_heavy_hex_27,identity,qft,24,3,22,266,90,2.9555555555555557
cairo_heavy_hex_27,identity,qft,24,3,33,322,90,3.577777777777778
cairo_heavy_hex_27,identity,qft,24,3,44,292,90,3.2444444444444445
cairo_heavy_hex_27,identity,qft,24,3,55,176,90,1.9555555555555555
cairo_heavy_hex_27,identity,ghz_chain,4,0,11,3,3,1.0
cairo_heavy_hex_27,identity,ghz_chain,4,0,22,3,3,1.0
cairo_heavy_hex_27,identity,ghz_chain,4,0,33,3,3,1.0
cairo_heavy_hex_27,identity,ghz_chain,4,0,44,3,3,1.0
cairo_heavy_hex_27,identity,ghz_chain,4,0,55,3,3,1.0
cairo_heavy_hex_27,identity,ghz_chain,4,1,11,3,3,1.0
cairo_heavy_hex_27,identity,ghz_chain,4,1,22,3,3,1.0
cairo_heavy_hex_27,identity,ghz_chain,4,1,33,3,3,1.0
cairo_heavy_hex_27,identity,ghz_chain,4,1,44,3,3,1.0
cairo_heavy_hex_27,identity,ghz_chain,4,1,55,3,3,1.0
cairo_heavy_hex_27,identity,ghz_chain,4,3,11,3,3,1.0
cairo_heavy_hex_27,identity,ghz_chain,4,3,22,3,3,1.0
cairo_heavy_hex_27,identity,ghz_chain,4,3,33,3,3,1.0
cairo_heavy_hex_27,identity,ghz_chain,4,3,44,3,3,1.0
cairo_heavy_hex_27,identity,ghz_chain,4,3,55,3,3,1.0
cairo_heavy_hex_27,identity,ghz_chain,8,0,11,24,7,3.4285714285714284
cairo_heavy_hex_27,identity,ghz_chain,8,0,22,18,7,2.5714285714285716
cairo_heavy_hex_27,identity,ghz_chain,8,0,33,18,7,2.5714285714285716
cairo_heavy_hex_27,identity,ghz_chain,8,0,44,21,7,3.0
cairo_heavy_hex_27,identity,ghz_chain,8,0,55,22,7,3.142857142857143
cairo_heavy_hex_27,identity,ghz_chain,8,1,11,7,7,1.0
cairo_heavy_hex_27,identity,ghz_chain,8,1,22,7,7,1.0
cairo_heavy_hex_27,identity,ghz_chain,8,1,33,7,7,1.0
cairo_heavy_hex_27,identity,ghz_chain,8,1,44,7,7,1.0
cairo_heavy_hex_27,identity,ghz_chain,8,1,55,7,7,1.0
cairo_heavy_hex_27,identity,ghz_chain,8,3,11,7,7,1.0
cairo_heavy_hex_27,identity,ghz_chain,8,3,22,7,7,1.0
cairo_heavy_hex_27,identity,ghz_chain,8,3,33,7,7,1.0
cairo_heavy_hex_27,identity,ghz_chain,8,3,44,7,7,1.0
cairo_heavy_hex_27,identity,ghz_chain,8,3,55,7,7,1.0
cairo_heavy_hex_27,identity,ghz_chain,12,0,11,48,11,4.363636363636363
cairo_heavy_hex_27,identity,ghz_chain,12,0,22,47,11,4.2727272727272725
cairo_heavy_hex_27,identity,ghz_chain,12,0,33,37,11,3.3636363636363638
cairo_heavy_hex_27,identity,ghz_chain,12,0,44,49,11,4.454545454545454
cairo_heavy_hex_27,identity,ghz_chain,12,0,55,55,11,5.0
cairo_heavy_hex_27,identity,ghz_chain,12,1,11,11,11,1.0
cairo_heavy_hex_27,identity,ghz_chain,12,1,22,11,11,1.0
cairo_heavy_hex_27,identity,ghz_chain,12,1,33,11,11,1.0
cairo_heavy_hex_27,identity,ghz_chain,12,1,44,11,11,1.0
cairo_heavy_hex_27,identity,ghz_chain,12,1,55,11,11,1.0
cairo_heavy_hex_27,identity,ghz_chain,12,3,11,11,11,1.0
cairo_heavy_hex_27,identity,ghz_chain,12,3,22,11,11,1.0
cairo_heavy_hex_27,identity,ghz_chain,12,3,33,11,11,1.0
cairo_heavy_hex_27,identity,ghz_chain,12,3,44,11,11,1.0
cairo_heavy_hex_27,identity,ghz_chain,12,3,55,11,11,1.0
cairo_heavy_hex_27,identity,ghz_chain,16,0,11,77,15,5.133333333333334
cairo_heavy_hex_27,identity,ghz_chain,16,0,22,54,15,3.6
cairo_heavy_hex_27,identity,ghz_chain,16,0,33,52,15,3.466666666666667
cairo_heavy_hex_27,identity,ghz_chain,16,0,44,59,15,3.933333333333333
cairo_heavy_hex_27,identity,ghz_chain,16,0,55,76,15,5.066666666666666
cairo_heavy_hex_27,identity,ghz_chain,16,1,11,15,15,1.0
cairo_heavy_hex_27,identity,ghz_chain,16,1,22,15,15,1.0
cairo_heavy_hex_27,identity,ghz_chain,16,1,33,15,15,1.0
cairo_heavy_hex_27,identity,ghz_chain,16,1,44,15,15,1.0
cairo_heavy_hex_27,identity,ghz_chain,16,1,55,15,15,1.0
cairo_heavy_hex_27,identity,ghz_chain,16,3,11,15,15,1.0
cairo_heavy_hex_27,identity,ghz_chain,16,3,22,15,15,1.0
cairo_heavy_hex_27,identity,ghz_chain,16,3,33,15,15,1.0
cairo_heavy_hex_27,identity,ghz_chain,16,3,44,15,15,1.0
cairo_heavy_hex_27,identity,ghz_chain,16,3,55,15,15,1.0
cairo_heavy_hex_27,identity,ghz_chain,20,0,11,101,19,5.315789473684211
cairo_heavy_hex_27,identity,ghz_chain,20,0,22,76,19,4.0
cairo_heavy_hex_27,identity,ghz_chain,20,0,33,77,19,4.052631578947368
cairo_heavy_hex_27,identity,ghz_chain,20,0,44,81,19,4.2631578947368425
cairo_heavy_hex_27,identity,ghz_chain,20,0,55,93,19,4.894736842105263
cairo_heavy_hex_27,identity,ghz_chain,20,1,11,19,19,1.0
cairo_heavy_hex_27,identity,ghz_chain,20,1,22,19,19,1.0
cairo_heavy_hex_27,identity,ghz_chain,20,1,33,19,19,1.0
cairo_heavy_hex_27,identity,ghz_chain,20,1,44,19,19,1.0
cairo_heavy_hex_27,identity,ghz_chain,20,1,55,19,19,1.0
cairo_heavy_hex_27,identity,ghz_chain,20,3,11,19,19,1.0
cairo_heavy_hex_27,identity,ghz_chain,20,3,22,19,19,1.0
cairo_heavy_hex_27,identity,ghz_chain,20,3,33,19,19,1.0
cairo_heavy_hex_27,identity,ghz_chain,20,3,44,19,19,1.0
cairo_heavy_hex_27,identity,ghz_chain,20,3,55,19,19,1.0
cairo_heavy_hex_27,identity,ghz_chain,24,0,11,125,23,5.434782608695652
cairo_heavy_hex_27,identity,ghz_chain,24,0,22,104,23,4.521739130434782
cairo_heavy_hex_27,identity,ghz_chain,24,0,33,108,23,4.695652173913044
cairo_heavy_hex_27,identity,ghz_chain,24,0,44,103,23,4.478260869565218
cairo_heavy_hex_27,identity,ghz_chain,24,0,55,124,23,5.391304347826087
cairo_heavy_hex_27,identity,ghz_chain,24,1,11,53,23,2.3043478260869565
cairo_heavy_hex_27,identity,ghz_chain,24,1,22,53,23,2.3043478260869565
cairo_heavy_hex_27,identity,ghz_chain,24,1,33,53,23,2.3043478260869565
cairo_heavy_hex_27,identity,ghz_chain,24,1,44,53,23,2.3043478260869565
cairo_heavy_hex_27,identity,ghz_chain,24,1,55,53,23,2.3043478260869565
cairo_heavy_hex_27,identity,ghz_chain,24,3,11,53,23,2.3043478260869565
cairo_heavy_hex_27,identity,ghz_chain,24,3,22,53,23,2.3043478260869565
cairo_heavy_hex_27,identity,ghz_chain,24,3,33,53,23,2.3043478260869565
cairo_heavy_hex_27,identity,ghz_chain,24,3,44,53,23,2.3043478260869565
cairo_heavy_hex_27,identity,ghz_chain,24,3,55,51,23,2.217391304347826
cairo_heavy_hex_27,identity,ghz_star,4,0,11,9,3,3.0
cairo_heavy_hex_27,identity,ghz_star,4,0,22,9,3,3.0
cairo_heavy_hex_27,identity,ghz_star,4,0,33,9,3,3.0
cairo_heavy_hex_27,identity,ghz_star,4,0,44,9,3,3.0
cairo_heavy_hex_27,identity,ghz_star,4,0,55,9,3,3.0
cairo_heavy_hex_27,identity,ghz_star,4,1,11,3,3,1.0
cairo_heavy_hex_27,identity,ghz_star,4,1,22,3,3,1.0
cairo_heavy_hex_27,identity,ghz_star,4,1,33,3,3,1.0
cairo_heavy_hex_27,identity,ghz_star,4,1,44,3,3,1.0
cairo_heavy_hex_27,identity,ghz_star,4,1,55,3,3,1.0
cairo_heavy_hex_27,identity,ghz_star,4,3,11,3,3,1.0
cairo_heavy_hex_27,identity,ghz_star,4,3,22,3,3,1.0
cairo_heavy_hex_27,identity,ghz_star,4,3,33,3,3,1.0
cairo_heavy_hex_27,identity,ghz_star,4,3,44,3,3,1.0
cairo_heavy_hex_27,identity,ghz_star,4,3,55,3,3,1.0
cairo_heavy_hex_27,identity,ghz_star,8,0,11,28,7,4.0
cairo_heavy_hex_27,identity,ghz_star,8,0,22,20,7,2.857142857142857
cairo_heavy_hex_27,identity,ghz_star,8,0,33,22,7,3.142857142857143
cairo_heavy_hex_27,identity,ghz_star,8,0,44,23,7,3.2857142857142856
cairo_heavy_hex_27,identity,ghz_star,8,0,55,25,7,3.5714285714285716
cairo_heavy_hex_27,identity,ghz_star,8,1,11,15,7,2.142857142857143
cairo_heavy_hex_27,identity,ghz_star,8,1,22,22,7,3.142857142857143
cairo_heavy_hex_27,identity,ghz_star,8,1,33,22,7,3.142857142857143
cairo_heavy_hex_27,identity,ghz_star,8,1,44,19,7,2.7142857142857144
cairo_heavy_hex_27,identity,ghz_star,8,1,55,19,7,2.7142857142857144
cairo_heavy_hex_27,identity,ghz_star,8,3,11,14,7,2.0
cairo_heavy_hex_27,identity,ghz_star,8,3,22,16,7,2.2857142857142856
cairo_heavy_hex_27,identity,ghz_star,8,3,33,15,7,2.142857142857143
cairo_heavy_hex_27,identity,ghz_star,8,3,44,19,7,2.7142857142857144
cairo_heavy_hex_27,identity,ghz_star,8,3,55,15,7,2.142857142857143
cairo_heavy_hex_27,identity,ghz_star,12,0,11,59,11,5.363636363636363
cairo_heavy_hex_27,identity,ghz_star,12,0,22,41,11,3.727272727272727
cairo_heavy_hex_27,identity,ghz_star,12,0,33,47,11,4.2727272727272725
cairo_heavy_hex_27,identity,ghz_star,12,0,44,47,11,4.2727272727272725
cairo_heavy_hex_27,identity,ghz_star,12,0,55,55,11,5.0
cairo_heavy_hex_27,identity,ghz_star,12,1,11,33,11,3.0
cairo_heavy_hex_27,identity,ghz_star,12,1,22,32,11,2.909090909090909
cairo_heavy_hex_27,identity,ghz_star,12,1,33,33,11,3.0
cairo_heavy_hex_27,identity,ghz_star,12,1,44,34,11,3.090909090909091
cairo_heavy_hex_27,identity,ghz_star,12,1,55,32,11,2.909090909090909
cairo_heavy_hex_27,identity,ghz_star,12,3,11,24,11,2.1818181818181817
cairo_heavy_hex_27,identity,ghz_star,12,3,22,31,11,2.8181818181818183
cairo_heavy_hex_27,identity,ghz_star,12,3,33,30,11,2.727272727272727
cairo_heavy_hex_27,identity,ghz_star,12,3,44,33,11,3.0
cairo_heavy_hex_27,identity,ghz_star,12,3,55,32,11,2.909090909090909
cairo_heavy_hex_27,identity,ghz_star,16,0,11,80,15,5.333333333333333
cairo_heavy_hex_27,identity,ghz_star,16,0,22,54,15,3.6
cairo_heavy_hex_27,identity,ghz_star,16,0,33,62,15,4.133333333333334
cairo_heavy_hex_27,identity,ghz_star,16,0,44,60,15,4.0
cairo_heavy_hex_27,identity,ghz_star,16,0,55,70,15,4.666666666666667
cairo_heavy_hex_27,identity,ghz_star,16,1,11,51,15,3.4
cairo_heavy_hex_27,identity,ghz_star,16,1,22,51,15,3.4
cairo_heavy_hex_27,identity,ghz_star,16,1,33,51,15,3.4
cairo_heavy_hex_27,identity,ghz_star,16,1,44,51,15,3.4
cairo_heavy_hex_27,identity,ghz_star,16,1,55,51,15,3.4
cairo_heavy_hex_27,identity,ghz_star,16,3,11,44,15,2.933333333333333
cairo_heavy_hex_27,identity,ghz_star,16,3,22,47,15,3.1333333333333333
cairo_heavy_hex_27,identity,ghz_star,16,3,33,45,15,3.0
cairo_heavy_hex_27,identity,ghz_star,16,3,44,45,15,3.0
cairo_heavy_hex_27,identity,ghz_star,16,3,55,44,15,2.933333333333333
cairo_heavy_hex_27,identity,ghz_star,20,0,11,98,19,5.157894736842105
cairo_heavy_hex_27,identity,ghz_star,20,0,22,79,19,4.157894736842105
cairo_heavy_hex_27,identity,ghz_star,20,0,33,84,19,4.421052631578948
cairo_heavy_hex_27,identity,ghz_star,20,0,44,78,19,4.105263157894737
cairo_heavy_hex_27,identity,ghz_star,20,0,55,86,19,4.526315789473684
cairo_heavy_hex_27,identity,ghz_star,20,1,11,65,19,3.4210526315789473
cairo_heavy_hex_27,identity,ghz_star,20,1,22,73,19,3.8421052631578947
cairo_heavy_hex_27,identity,ghz_star,20,1,33,70,19,3.6842105263157894
cairo_heavy_hex_27,identity,ghz_star,20,1,44,65,19,3.4210526315789473
cairo_heavy_hex_27,identity,ghz_star,20,1,55,67,19,3.526315789473684
cairo_heavy_hex_27,identity,ghz_star,20,3,11,66,19,3.473684210526316
cairo_heavy_hex_27,identity,ghz_star,20,3,22,53,19,2.789473684210526
cairo_heavy_hex_27,identity,ghz_star,20,3,33,65,19,3.4210526315789473
cairo_heavy_hex_27,identity,ghz_star,20,3,44,55,19,2.8947368421052633
cairo_heavy_hex_27,identity,ghz_star,20,3,55,64,19,3.3684210526315788
cairo_heavy_hex_27,identity,ghz_star,24,0,11,123,23,5.3478260869565215
cairo_heavy_hex_27,identity,ghz_star,24,0,22,101,23,4.391304347826087
cairo_heavy_hex_27,identity,ghz_star,24,0,33,112,23,4.869565217391305
cairo_heavy_hex_27,identity,ghz_star,24,0,44,103,23,4.478260869565218
cairo_heavy_hex_27,identity,ghz_star,24,0,55,114,23,4.956521739130435
cairo_heavy_hex_27,identity,ghz_star,24,1,11,88,23,3.8260869565217392
cairo_heavy_hex_27,identity,ghz_star,24,1,22,92,23,4.0
cairo_heavy_hex_27,identity,ghz_star,24,1,33,88,23,3.8260869565217392
cairo_heavy_hex_27,identity,ghz_star,24,1,44,90,23,3.9130434782608696
cairo_heavy_hex_27,identity,ghz_star,24,1,55,89,23,3.869565217391304
cairo_heavy_hex_27,identity,ghz_star,24,3,11,77,23,3.347826086956522
cairo_heavy_hex_27,identity,ghz_star,24,3,22,80,23,3.4782608695652173
cairo_heavy_hex_27,identity,ghz_star,24,3,33,75,23,3.260869565217391
cairo_heavy_hex_27,identity,ghz_star,24,3,44,78,23,3.391304347826087
cairo_heavy_hex_27,identity,ghz_star,24,3,55,75,23,3.260869565217391
cairo_heavy_hex_27,identity,efficient_su2,4,0,11,29,8,3.625
cairo_heavy_hex_27,identity,efficient_su2,4,0,22,28,8,3.5
cairo_heavy_hex_27,identity,efficient_su2,4,0,33,27,8,3.375
cairo_heavy_hex_27,identity,efficient_su2,4,0,44,30,8,3.75
cairo_heavy_hex_27,identity,efficient_su2,4,0,55,26,8,3.25
cairo_heavy_hex_27,identity,efficient_su2,4,1,11,17,8,2.125
cairo_heavy_hex_27,identity,efficient_su2,4,1,22,17,8,2.125
cairo_heavy_hex_27,identity,efficient_su2,4,1,33,17,8,2.125
cairo_heavy_hex_27,identity,efficient_su2,4,1,44,17,8,2.125
cairo_heavy_hex_27,identity,efficient_su2,4,1,55,17,8,2.125
cairo_heavy_hex_27,identity,efficient_su2,4,3,11,17,8,2.125
cairo_heavy_hex_27,identity,efficient_su2,4,3,22,17,8,2.125
cairo_heavy_hex_27,identity,efficient_su2,4,3,33,17,8,2.125
cairo_heavy_hex_27,identity,efficient_su2,4,3,44,17,8,2.125
cairo_heavy_hex_27,identity,efficient_su2,4,3,55,17,8,2.125
cairo_heavy_hex_27,identity,efficient_su2,8,0,11,54,16,3.375
cairo_heavy_hex_27,identity,efficient_su2,8,0,22,53,16,3.3125
cairo_heavy_hex_27,identity,efficient_su2,8,0,33,59,16,3.6875
cairo_heavy_hex_27,identity,efficient_su2,8,0,44,68,16,4.25
cairo_heavy_hex_27,identity,efficient_su2,8,0,55,59,16,3.6875
cairo_heavy_hex_27,identity,efficient_su2,8,1,11,47,16,2.9375
cairo_heavy_hex_27,identity,efficient_su2,8,1,22,40,16,2.5
cairo_heavy_hex_27,identity,efficient_su2,8,1,33,50,16,3.125
cairo_heavy_hex_27,identity,efficient_su2,8,1,44,38,16,2.375
cairo_heavy_hex_27,identity,efficient_su2,8,1,55,40,16,2.5
cairo_heavy_hex_27,identity,efficient_su2,8,3,11,40,16,2.5
cairo_heavy_hex_27,identity,efficient_su2,8,3,22,40,16,2.5
cairo_heavy_hex_27,identity,efficient_su2,8,3,33,40,16,2.5
cairo_heavy_hex_27,identity,efficient_su2,8,3,44,40,16,2.5
cairo_heavy_hex_27,identity,efficient_su2,8,3,55,40,16,2.5
cairo_heavy_hex_27,identity,efficient_su2,12,0,11,124,24,5.166666666666667
cairo_heavy_hex_27,identity,efficient_su2,12,0,22,99,24,4.125
cairo_heavy_hex_27,identity,efficient_su2,12,0,33,103,24,4.291666666666667
cairo_heavy_hex_27,identity,efficient_su2,12,0,44,107,24,4.458333333333333
cairo_heavy_hex_27,identity,efficient_su2,12,0,55,92,24,3.8333333333333335
cairo_heavy_hex_27,identity,efficient_su2,12,1,11,24,24,1.0
cairo_heavy_hex_27,identity,efficient_su2,12,1,22,24,24,1.0
cairo_heavy_hex_27,identity,efficient_su2,12,1,33,24,24,1.0
cairo_heavy_hex_27,identity,efficient_su2,12,1,44,24,24,1.0
cairo_heavy_hex_27,identity,efficient_su2,12,1,55,24,24,1.0
cairo_heavy_hex_27,identity,efficient_su2,12,3,11,24,24,1.0
cairo_heavy_hex_27,identity,efficient_su2,12,3,22,24,24,1.0
cairo_heavy_hex_27,identity,efficient_su2,12,3,33,24,24,1.0
cairo_heavy_hex_27,identity,efficient_su2,12,3,44,24,24,1.0
cairo_heavy_hex_27,identity,efficient_su2,12,3,55,24,24,1.0
cairo_heavy_hex_27,identity,efficient_su2,16,0,11,127,32,3.96875
cairo_heavy_hex_27,identity,efficient_su2,16,0,22,109,32,3.40625
cairo_heavy_hex_27,identity,efficient_su2,16,0,33,166,32,5.1875
cairo_heavy_hex_27,identity,efficient_su2,16,0,44,150,32,4.6875
cairo_heavy_hex_27,identity,efficient_su2,16,0,55,151,32,4.71875
cairo_heavy_hex_27,identity,efficient_su2,16,1,11,81,32,2.53125
cairo_heavy_hex_27,identity,efficient_su2,16,1,22,86,32,2.6875
cairo_heavy_hex_27,identity,efficient_su2,16,1,33,104,32,3.25
cairo_heavy_hex_27,identity,efficient_su2,16,1,44,86,32,2.6875
cairo_heavy_hex_27,identity,efficient_su2,16,1,55,92,32,2.875
cairo_heavy_hex_27,identity,efficient_su2,16,3,11,62,32,1.9375
cairo_heavy_hex_27,identity,efficient_su2,16,3,22,87,32,2.71875
cairo_heavy_hex_27,identity,efficient_su2,16,3,33,88,32,2.75
cairo_heavy_hex_27,identity,efficient_su2,16,3,44,59,32,1.84375
cairo_heavy_hex_27,identity,efficient_su2,16,3,55,80,32,2.5
cairo_heavy_hex_27,identity,efficient_su2,20,0,11,207,40,5.175
cairo_heavy_hex_27,identity,efficient_su2,20,0,22,229,40,5.725
cairo_heavy_hex_27,identity,efficient_su2,20,0,33,234,40,5.85
cairo_heavy_hex_27,identity,efficient_su2,20,0,44,201,40,5.025
cairo_heavy_hex_27,identity,efficient_su2,20,0,55,178,40,4.45
cairo_heavy_hex_27,identity,efficient_su2,20,1,11,40,40,1.0
cairo_heavy_hex_27,identity,efficient_su2,20,1,22,40,40,1.0
cairo_heavy_hex_27,identity,efficient_su2,20,1,33,40,40,1.0
cairo_heavy_hex_27,identity,efficient_su2,20,1,44,40,40,1.0
cairo_heavy_hex_27,identity,efficient_su2,20,1,55,40,40,1.0
cairo_heavy_hex_27,identity,efficient_su2,20,3,11,40,40,1.0
cairo_heavy_hex_27,identity,efficient_su2,20,3,22,40,40,1.0
cairo_heavy_hex_27,identity,efficient_su2,20,3,33,40,40,1.0
cairo_heavy_hex_27,identity,efficient_su2,20,3,44,40,40,1.0
cairo_heavy_hex_27,identity,efficient_su2,20,3,55,40,40,1.0
cairo_heavy_hex_27,identity,efficient_su2,24,0,11,262,48,5.458333333333333
cairo_heavy_hex_27,identity,efficient_su2,24,0,22,248,48,5.166666666666667
cairo_heavy_hex_27,identity,efficient_su2,24,0,33,241,48,5.020833333333333
cairo_heavy_hex_27,identity,efficient_su2,24,0,44,252,48,5.25
cairo_heavy_hex_27,identity,efficient_su2,24,0,55,262,48,5.458333333333333
cairo_heavy_hex_27,identity,efficient_su2,24,1,11,150,48,3.125
cairo_heavy_hex_27,identity,efficient_su2,24,1,22,150,48,3.125
cairo_heavy_hex_27,identity,efficient_su2,24,1,33,156,48,3.25
cairo_heavy_hex_27,identity,efficient_su2,24,1,44,156,48,3.25
cairo_heavy_hex_27,identity,efficient_su2,24,1,55,150,48,3.125
cairo_heavy_hex_27,identity,efficient_su2,24,3,11,129,48,2.6875
cairo_heavy_hex_27,identity,efficient_su2,24,3,22,103,48,2.1458333333333335
cairo_heavy_hex_27,identity,efficient_su2,24,3,33,128,48,2.6666666666666665
cairo_heavy_hex_27,identity,efficient_su2,24,3,44,104,48,2.1666666666666665
cairo_heavy_hex_27,identity,efficient_su2,24,3,55,114,48,2.375
cairo_heavy_hex_27,stored,qft,4,0,11,34,10,3.4
cairo_heavy_hex_27,stored,qft,4,0,22,35,10,3.5
cairo_heavy_hex_27,stored,qft,4,0,33,32,10,3.2
cairo_heavy_hex_27,stored,qft,4,0,44,35,10,3.5
cairo_heavy_hex_27,stored,qft,4,0,55,37,10,3.7
cairo_heavy_hex_27,stored,qft,4,1,11,18,10,1.8
cairo_heavy_hex_27,stored,qft,4,1,22,18,10,1.8
cairo_heavy_hex_27,stored,qft,4,1,33,18,10,1.8
cairo_heavy_hex_27,stored,qft,4,1,44,18,10,1.8
cairo_heavy_hex_27,stored,qft,4,1,55,18,10,1.8
cairo_heavy_hex_27,stored,qft,4,3,11,18,10,1.8
cairo_heavy_hex_27,stored,qft,4,3,22,18,10,1.8
cairo_heavy_hex_27,stored,qft,4,3,33,18,10,1.8
cairo_heavy_hex_27,stored,qft,4,3,44,18,10,1.8
cairo_heavy_hex_27,stored,qft,4,3,55,18,10,1.8
cairo_heavy_hex_27,stored,qft,8,0,11,118,26,4.538461538461538
cairo_heavy_hex_27,stored,qft,8,0,22,95,26,3.6538461538461537
cairo_heavy_hex_27,stored,qft,8,0,33,104,26,4.0
cairo_heavy_hex_27,stored,qft,8,0,44,125,26,4.8076923076923075
cairo_heavy_hex_27,stored,qft,8,0,55,107,26,4.115384615384615
cairo_heavy_hex_27,stored,qft,8,1,11,63,26,2.423076923076923
cairo_heavy_hex_27,stored,qft,8,1,22,66,26,2.5384615384615383
cairo_heavy_hex_27,stored,qft,8,1,33,66,26,2.5384615384615383
cairo_heavy_hex_27,stored,qft,8,1,44,66,26,2.5384615384615383
cairo_heavy_hex_27,stored,qft,8,1,55,76,26,2.923076923076923
cairo_heavy_hex_27,stored,qft,8,3,11,58,26,2.230769230769231
cairo_heavy_hex_27,stored,qft,8,3,22,52,26,2.0
cairo_heavy_hex_27,stored,qft,8,3,33,59,26,2.269230769230769
cairo_heavy_hex_27,stored,qft,8,3,44,61,26,2.3461538461538463
cairo_heavy_hex_27,stored,qft,8,3,55,60,26,2.3076923076923075
cairo_heavy_hex_27,stored,qft,12,0,11,232,42,5.523809523809524
cairo_heavy_hex_27,stored,qft,12,0,22,219,42,5.214285714285714
cairo_heavy_hex_27,stored,qft,12,0,33,282,42,6.714285714285714
cairo_heavy_hex_27,stored,qft,12,0,44,259,42,6.166666666666667
cairo_heavy_hex_27,stored,qft,12,0,55,240,42,5.714285714285714
cairo_heavy_hex_27,stored,qft,12,1,11,135,42,3.2142857142857144
cairo_heavy_hex_27,stored,qft,12,1,22,148,42,3.5238095238095237
cairo_heavy_hex_27,stored,qft,12,1,33,165,42,3.9285714285714284
cairo_heavy_hex_27,stored,qft,12,1,44,141,42,3.357142857142857
cairo_heavy_hex_27,stored,qft,12,1,55,145,42,3.4523809523809526
cairo_heavy_hex_27,stored,qft,12,3,11,136,42,3.238095238095238
cairo_heavy_hex_27,stored,qft,12,3,22,127,42,3.0238095238095237
cairo_heavy_hex_27,stored,qft,12,3,33,132,42,3.142857142857143
cairo_heavy_hex_27,stored,qft,12,3,44,140,42,3.3333333333333335
cairo_heavy_hex_27,stored,qft,12,3,55,130,42,3.0952380952380953
cairo_heavy_hex_27,stored,qft,16,0,11,305,58,5.258620689655173
cairo_heavy_hex_27,stored,qft,16,0,22,361,58,6.224137931034483
cairo_heavy_hex_27,stored,qft,16,0,33,338,58,5.827586206896552
cairo_heavy_hex_27,stored,qft,16,0,44,322,58,5.551724137931035
cairo_heavy_hex_27,stored,qft,16,0,55,316,58,5.448275862068965
cairo_heavy_hex_27,stored,qft,16,1,11,169,58,2.913793103448276
cairo_heavy_hex_27,stored,qft,16,1,22,185,58,3.189655172413793
cairo_heavy_hex_27,stored,qft,16,1,33,188,58,3.2413793103448274
cairo_heavy_hex_27,stored,qft,16,1,44,231,58,3.9827586206896552
cairo_heavy_hex_27,stored,qft,16,1,55,223,58,3.8448275862068964
cairo_heavy_hex_27,stored,qft,16,3,11,167,58,2.8793103448275863
cairo_heavy_hex_27,stored,qft,16,3,22,152,58,2.6206896551724137
cairo_heavy_hex_27,stored,qft,16,3,33,200,58,3.4482758620689653
cairo_heavy_hex_27,stored,qft,16,3,44,159,58,2.7413793103448274
cairo_heavy_hex_27,stored,qft,16,3,55,170,58,2.9310344827586206
cairo_heavy_hex_27,stored,qft,20,0,11,478,74,6.45945945945946
cairo_heavy_hex_27,stored,qft,20,0,22,537,74,7.256756756756757
cairo_heavy_hex_27,stored,qft,20,0,33,515,74,6.95945945945946
cairo_heavy_hex_27,stored,qft,20,0,44,422,74,5.702702702702703
cairo_heavy_hex_27,stored,qft,20,0,55,466,74,6.297297297297297
cairo_heavy_hex_27,stored,qft,20,1,11,226,74,3.054054054054054
cairo_heavy_hex_27,stored,qft,20,1,22,237,74,3.2027027027027026
cairo_heavy_hex_27,stored,qft,20,1,33,328,74,4.4324324324324325
cairo_heavy_hex_27,stored,qft,20,1,44,219,74,2.9594594594594597
cairo_heavy_hex_27,stored,qft,20,1,55,216,74,2.918918918918919
cairo_heavy_hex_27,stored,qft,20,3,11,221,74,2.9864864864864864
cairo_heavy_hex_27,stored,qft,20,3,22,252,74,3.4054054054054053
cairo_heavy_hex_27,stored,qft,20,3,33,274,74,3.7027027027027026
cairo_heavy_hex_27,stored,qft,20,3,44,149,74,2.0135135135135136
cairo_heavy_hex_27,stored,qft,20,3,55,197,74,2.6621621621621623
cairo_heavy_hex_27,stored,qft,24,0,11,735,90,8.166666666666666
cairo_heavy_hex_27,stored,qft,24,0,22,641,90,7.122222222222222
cairo_heavy_hex_27,stored,qft,24,0,33,608,90,6.7555555555555555
cairo_heavy_hex_27,stored,qft,24,0,44,592,90,6.5777777777777775
cairo_heavy_hex_27,stored,qft,24,0,55,721,90,8.011111111111111
cairo_heavy_hex_27,stored,qft,24,1,11,363,90,4.033333333333333
cairo_heavy_hex_27,stored,qft,24,1,22,342,90,3.8
cairo_heavy_hex_27,stored,qft,24,1,33,407,90,4.522222222222222
cairo_heavy_hex_27,stored,qft,24,1,44,366,90,4.066666666666666
cairo_heavy_hex_27,stored,qft,24,1,55,328,90,3.6444444444444444
cairo_heavy_hex_27,stored,qft,24,3,11,254,90,2.8222222222222224
cairo_heavy_hex_27,stored,qft,24,3,22,227,90,2.522222222222222
cairo_heavy_hex_27,stored,qft,24,3,33,281,90,3.1222222222222222
cairo_heavy_hex_27,stored,qft,24,3,44,254,90,2.8222222222222224
cairo_heavy_hex_27,stored,qft,24,3,55,272,90,3.022222222222222
cairo_heavy_hex_27,stored,ghz_chain,4,0,11,21,3,7.0
cairo_heavy_hex_27,stored,ghz_chain,4,0,22,24,3,8.0
cairo_heavy_hex_27,stored,ghz_chain,4,0,33,30,3,10.0
cairo_heavy_hex_27,stored,ghz_chain,4,0,44,21,3,7.0
cairo_heavy_hex_27,stored,ghz_chain,4,0,55,21,3,7.0
cairo_heavy_hex_27,stored,ghz_chain,4,1,11,3,3,1.0
cairo_heavy_hex_27,stored,ghz_chain,4,1,22,3,3,1.0
cairo_heavy_hex_27,stored,ghz_chain,4,1,33,3,3,1.0
cairo_heavy_hex_27,stored,ghz_chain,4,1,44,3,3,1.0
cairo_heavy_hex_27,stored,ghz_chain,4,1,55,3,3,1.0
cairo_heavy_hex_27,stored,ghz_chain,4,3,11,3,3,1.0
cairo_heavy_hex_27,stored,ghz_chain,4,3,22,3,3,1.0
cairo_heavy_hex_27,stored,ghz_chain,4,3,33,3,3,1.0
cairo_heavy_hex_27,stored,ghz_chain,4,3,44,3,3,1.0
cairo_heavy_hex_27,stored,ghz_chain,4,3,55,3,3,1.0
cairo_heavy_hex_27,stored,ghz_chain,8,0,11,64,7,9.142857142857142
cairo_heavy_hex_27,stored,ghz_chain,8,0,22,55,7,7.857142857142857
cairo_heavy_hex_27,stored,ghz_chain,8,0,33,46,7,6.571428571428571
cairo_heavy_hex_27,stored,ghz_chain,8,0,44,58,7,8.285714285714286
cairo_heavy_hex_27,stored,ghz_chain,8,0,55,55,7,7.857142857142857
cairo_heavy_hex_27,stored,ghz_chain,8,1,11,7,7,1.0
cairo_heavy_hex_27,stored,ghz_chain,8,1,22,7,7,1.0
cairo_heavy_hex_27,stored,ghz_chain,8,1,33,7,7,1.0
cairo_heavy_hex_27,stored,ghz_chain,8,1,44,7,7,1.0
cairo_heavy_hex_27,stored,ghz_chain,8,1,55,7,7,1.0
cairo_heavy_hex_27,stored,ghz_chain,8,3,11,7,7,1.0
cairo_heavy_hex_27,stored,ghz_chain,8,3,22,7,7,1.0
cairo_heavy_hex_27,stored,ghz_chain,8,3,33,7,7,1.0
cairo_heavy_hex_27,stored,ghz_chain,8,3,44,7,7,1.0
cairo_heavy_hex_27,stored,ghz_chain,8,3,55,7,7,1.0
cairo_heavy_hex_27,stored,ghz_chain,12,0,11,92,11,8.363636363636363
cairo_heavy_hex_27,stored,ghz_chain,12,0,22,83,11,7.545454545454546
cairo_heavy_hex_27,stored,ghz_chain,12,0,33,74,11,6.7272727272727275
cairo_heavy_hex_27,stored,ghz_chain,12,0,44,77,11,7.0
cairo_heavy_hex_27,stored,ghz_chain,12,0,55,92,11,8.363636363636363
cairo_heavy_hex_27,stored,ghz_chain,12,1,11,11,11,1.0
cairo_heavy_hex_27,stored,ghz_chain,12,1,22,11,11,1.0
cairo_heavy_hex_27,stored,ghz_chain,12,1,33,11,11,1.0
cairo_heavy_hex_27,stored,ghz_chain,12,1,44,11,11,1.0
cairo_heavy_hex_27,stored,ghz_chain,12,1,55,11,11,1.0
cairo_heavy_hex_27,stored,ghz_chain,12,3,11,11,11,1.0
cairo_heavy_hex_27,stored,ghz_chain,12,3,22,11,11,1.0
cairo_heavy_hex_27,stored,ghz_chain,12,3,33,11,11,1.0
cairo_heavy_hex_27,stored,ghz_chain,12,3,44,11,11,1.0
cairo_heavy_hex_27,stored,ghz_chain,12,3,55,11,11,1.0
cairo_heavy_hex_27,stored,ghz_chain,16,0,11,123,15,8.2
cairo_heavy_hex_27,stored,ghz_chain,16,0,22,129,15,8.6
cairo_heavy_hex_27,stored,ghz_chain,16,0,33,120,15,8.0
cairo_heavy_hex_27,stored,ghz_chain,16,0,44,90,15,6.0
cairo_heavy_hex_27,stored,ghz_chain,16,0,55,120,15,8.0
cairo_heavy_hex_27,stored,ghz_chain,16,1,11,15,15,1.0
cairo_heavy_hex_27,stored,ghz_chain,16,1,22,15,15,1.0
cairo_heavy_hex_27,stored,ghz_chain,16,1,33,15,15,1.0
cairo_heavy_hex_27,stored,ghz_chain,16,1,44,15,15,1.0
cairo_heavy_hex_27,stored,ghz_chain,16,1,55,15,15,1.0
cairo_heavy_hex_27,stored,ghz_chain,16,3,11,15,15,1.0
cairo_heavy_hex_27,stored,ghz_chain,16,3,22,15,15,1.0
cairo_heavy_hex_27,stored,ghz_chain,16,3,33,15,15,1.0
cairo_heavy_hex_27,stored,ghz_chain,16,3,44,15,15,1.0
cairo_heavy_hex_27,stored,ghz_chain,16,3,55,15,15,1.0
cairo_heavy_hex_27,stored,ghz_chain,20,0,11,151,19,7.947368421052632
cairo_heavy_hex_27,stored,ghz_chain,20,0,22,154,19,8.105263157894736
cairo_heavy_hex_27,stored,ghz_chain,20,0,33,148,19,7.7894736842105265
cairo_heavy_hex_27,stored,ghz_chain,20,0,44,148,19,7.7894736842105265
cairo_heavy_hex_27,stored,ghz_chain,20,0,55,151,19,7.947368421052632
cairo_heavy_hex_27,stored,ghz_chain,20,1,11,19,19,1.0
cairo_heavy_hex_27,stored,ghz_chain,20,1,22,19,19,1.0
cairo_heavy_hex_27,stored,ghz_chain,20,1,33,19,19,1.0
cairo_heavy_hex_27,stored,ghz_chain,20,1,44,19,19,1.0
cairo_heavy_hex_27,stored,ghz_chain,20,1,55,19,19,1.0
cairo_heavy_hex_27,stored,ghz_chain,20,3,11,19,19,1.0
cairo_heavy_hex_27,stored,ghz_chain,20,3,22,19,19,1.0
cairo_heavy_hex_27,stored,ghz_chain,20,3,33,19,19,1.0
cairo_heavy_hex_27,stored,ghz_chain,20,3,44,19,19,1.0
cairo_heavy_hex_27,stored,ghz_chain,20,3,55,19,19,1.0
cairo_heavy_hex_27,stored,ghz_chain,24,0,11,179,23,7.782608695652174
cairo_heavy_hex_27,stored,ghz_chain,24,0,22,185,23,8.043478260869565
cairo_heavy_hex_27,stored,ghz_chain,24,0,33,172,23,7.478260869565218
cairo_heavy_hex_27,stored,ghz_chain,24,0,44,174,23,7.565217391304348
cairo_heavy_hex_27,stored,ghz_chain,24,0,55,221,23,9.608695652173912
cairo_heavy_hex_27,stored,ghz_chain,24,1,11,86,23,3.739130434782609
cairo_heavy_hex_27,stored,ghz_chain,24,1,22,74,23,3.217391304347826
cairo_heavy_hex_27,stored,ghz_chain,24,1,33,58,23,2.5217391304347827
cairo_heavy_hex_27,stored,ghz_chain,24,1,44,72,23,3.130434782608696
cairo_heavy_hex_27,stored,ghz_chain,24,1,55,61,23,2.652173913043478
cairo_heavy_hex_27,stored,ghz_chain,24,3,11,43,23,1.8695652173913044
cairo_heavy_hex_27,stored,ghz_chain,24,3,22,71,23,3.0869565217391304
cairo_heavy_hex_27,stored,ghz_chain,24,3,33,58,23,2.5217391304347827
cairo_heavy_hex_27,stored,ghz_chain,24,3,44,63,23,2.739130434782609
cairo_heavy_hex_27,stored,ghz_chain,24,3,55,61,23,2.652173913043478
cairo_heavy_hex_27,stored,ghz_star,4,0,11,21,3,7.0
cairo_heavy_hex_27,stored,ghz_star,4,0,22,21,3,7.0
cairo_heavy_hex_27,stored,ghz_star,4,0,33,21,3,7.0
cairo_heavy_hex_27,stored,ghz_star,4,0,44,21,3,7.0
cairo_heavy_hex_27,stored,ghz_star,4,0,55,24,3,8.0
cairo_heavy_hex_27,stored,ghz_star,4,1,11,3,3,1.0
cairo_heavy_hex_27,stored,ghz_star,4,1,22,3,3,1.0
cairo_heavy_hex_27,stored,ghz_star,4,1,33,3,3,1.0
cairo_heavy_hex_27,stored,ghz_star,4,1,44,3,3,1.0
cairo_heavy_hex_27,stored,ghz_star,4,1,55,3,3,1.0
cairo_heavy_hex_27,stored,ghz_star,4,3,11,3,3,1.0
cairo_heavy_hex_27,stored,ghz_star,4,3,22,3,3,1.0
cairo_heavy_hex_27,stored,ghz_star,4,3,33,3,3,1.0
cairo_heavy_hex_27,stored,ghz_star,4,3,44,3,3,1.0
cairo_heavy_hex_27,stored,ghz_star,4,3,55,3,3,1.0
cairo_heavy_hex_27,stored,ghz_star,8,0,11,67,7,9.571428571428571
cairo_heavy_hex_27,stored,ghz_star,8,0,22,52,7,7.428571428571429
cairo_heavy_hex_27,stored,ghz_star,8,0,33,46,7,6.571428571428571
cairo_heavy_hex_27,stored,ghz_star,8,0,44,52,7,7.428571428571429
cairo_heavy_hex_27,stored,ghz_star,8,0,55,52,7,7.428571428571429
cairo_heavy_hex_27,stored,ghz_star,8,1,11,14,7,2.0
cairo_heavy_hex_27,stored,ghz_star,8,1,22,16,7,2.2857142857142856
cairo_heavy_hex_27,stored,ghz_star,8,1,33,14,7,2.0
cairo_heavy_hex_27,stored,ghz_star,8,1,44,16,7,2.2857142857142856
cairo_heavy_hex_27,stored,ghz_star,8,1,55,16,7,2.2857142857142856
cairo_heavy_hex_27,stored,ghz_star,8,3,11,14,7,2.0
cairo_heavy_hex_27,stored,ghz_star,8,3,22,13,7,1.8571428571428572
cairo_heavy_hex_27,stored,ghz_star,8,3,33,13,7,1.8571428571428572
cairo_heavy_hex_27,stored,ghz_star,8,3,44,14,7,2.0
cairo_heavy_hex_27,stored,ghz_star,8,3,55,13,7,1.8571428571428572
cairo_heavy_hex_27,stored,ghz_star,12,0,11,62,11,5.636363636363637
cairo_heavy_hex_27,stored,ghz_star,12,0,22,74,11,6.7272727272727275
cairo_heavy_hex_27,stored,ghz_star,12,0,33,71,11,6.454545454545454
cairo_heavy_hex_27,stored,ghz_star,12,0,44,68,11,6.181818181818182
cairo_heavy_hex_27,stored,ghz_star,12,0,55,92,11,8.363636363636363
cairo_heavy_hex_27,stored,ghz_star,12,1,11,37,11,3.3636363636363638
cairo_heavy_hex_27,stored,ghz_star,12,1,22,31,11,2.8181818181818183
cairo_heavy_hex_27,stored,ghz_star,12,1,33,31,11,2.8181818181818183
cairo_heavy_hex_27,stored,ghz_star,12,1,44,44,11,4.0
cairo_heavy_hex_27,stored,ghz_star,12,1,55,30,11,2.727272727272727
cairo_heavy_hex_27,stored,ghz_star,12,3,11,32,11,2.909090909090909
cairo_heavy_hex_27,stored,ghz_star,12,3,22,29,11,2.6363636363636362
cairo_heavy_hex_27,stored,ghz_star,12,3,33,28,11,2.5454545454545454
cairo_heavy_hex_27,stored,ghz_star,12,3,44,28,11,2.5454545454545454
cairo_heavy_hex_27,stored,ghz_star,12,3,55,26,11,2.3636363636363638
cairo_heavy_hex_27,stored,ghz_star,16,0,11,93,15,6.2
cairo_heavy_hex_27,stored,ghz_star,16,0,22,108,15,7.2
cairo_heavy_hex_27,stored,ghz_star,16,0,33,108,15,7.2
cairo_heavy_hex_27,stored,ghz_star,16,0,44,102,15,6.8
cairo_heavy_hex_27,stored,ghz_star,16,0,55,120,15,8.0
cairo_heavy_hex_27,stored,ghz_star,16,1,11,51,15,3.4
cairo_heavy_hex_27,stored,ghz_star,16,1,22,51,15,3.4
cairo_heavy_hex_27,stored,ghz_star,16,1,33,46,15,3.066666666666667
cairo_heavy_hex_27,stored,ghz_star,16,1,44,50,15,3.3333333333333335
cairo_heavy_hex_27,stored,ghz_star,16,1,55,51,15,3.4
cairo_heavy_hex_27,stored,ghz_star,16,3,11,47,15,3.1333333333333333
cairo_heavy_hex_27,stored,ghz_star,16,3,22,47,15,3.1333333333333333
cairo_heavy_hex_27,stored,ghz_star,16,3,33,46,15,3.066666666666667
cairo_heavy_hex_27,stored,ghz_star,16,3,44,47,15,3.1333333333333333
cairo_heavy_hex_27,stored,ghz_star,16,3,55,47,15,3.1333333333333333
cairo_heavy_hex_27,stored,ghz_star,20,0,11,131,19,6.894736842105263
cairo_heavy_hex_27,stored,ghz_star,20,0,22,142,19,7.473684210526316
cairo_heavy_hex_27,stored,ghz_star,20,0,33,139,19,7.315789473684211
cairo_heavy_hex_27,stored,ghz_star,20,0,44,130,19,6.842105263157895
cairo_heavy_hex_27,stored,ghz_star,20,0,55,141,19,7.421052631578948
cairo_heavy_hex_27,stored,ghz_star,20,1,11,91,19,4.7894736842105265
cairo_heavy_hex_27,stored,ghz_star,20,1,22,79,19,4.157894736842105
cairo_heavy_hex_27,stored,ghz_star,20,1,33,84,19,4.421052631578948
cairo_heavy_hex_27,stored,ghz_star,20,1,44,71,19,3.736842105263158
cairo_heavy_hex_27,stored,ghz_star,20,1,55,85,19,4.473684210526316
cairo_heavy_hex_27,stored,ghz_star,20,3,11,61,19,3.210526315789474
cairo_heavy_hex_27,stored,ghz_star,20,3,22,65,19,3.4210526315789473
cairo_heavy_hex_27,stored,ghz_star,20,3,33,62,19,3.263157894736842
cairo_heavy_hex_27,stored,ghz_star,20,3,44,62,19,3.263157894736842
cairo_heavy_hex_27,stored,ghz_star,20,3,55,64,19,3.3684210526315788
cairo_heavy_hex_27,stored,ghz_star,24,0,11,153,23,6.6521739130434785
cairo_heavy_hex_27,stored,ghz_star,24,0,22,181,23,7.869565217391305
cairo_heavy_hex_27,stored,ghz_star,24,0,33,191,23,8.304347826086957
cairo_heavy_hex_27,stored,ghz_star,24,0,44,158,23,6.869565217391305
cairo_heavy_hex_27,stored,ghz_star,24,0,55,204,23,8.869565217391305
cairo_heavy_hex_27,stored,ghz_star,24,1,11,94,23,4.086956521739131
cairo_heavy_hex_27,stored,ghz_star,24,1,22,104,23,4.521739130434782
cairo_heavy_hex_27,stored,ghz_star,24,1,33,97,23,4.217391304347826
cairo_heavy_hex_27,stored,ghz_star,24,1,44,97,23,4.217391304347826
cairo_heavy_hex_27,stored,ghz_star,24,1,55,96,23,4.173913043478261
cairo_heavy_hex_27,stored,ghz_star,24,3,11,77,23,3.347826086956522
cairo_heavy_hex_27,stored,ghz_star,24,3,22,80,23,3.4782608695652173
cairo_heavy_hex_27,stored,ghz_star,24,3,33,80,23,3.4782608695652173
cairo_heavy_hex_27,stored,ghz_star,24,3,44,81,23,3.5217391304347827
cairo_heavy_hex_27,stored,ghz_star,24,3,55,70,23,3.0434782608695654
cairo_heavy_hex_27,stored,efficient_su2,4,0,11,38,8,4.75
cairo_heavy_hex_27,stored,efficient_su2,4,0,22,34,8,4.25
cairo_heavy_hex_27,stored,efficient_su2,4,0,33,39,8,4.875
cairo_heavy_hex_27,stored,efficient_su2,4,0,44,45,8,5.625
cairo_heavy_hex_27,stored,efficient_su2,4,0,55,39,8,4.875
cairo_heavy_hex_27,stored,efficient_su2,4,1,11,17,8,2.125
cairo_heavy_hex_27,stored,efficient_su2,4,1,22,17,8,2.125
cairo_heavy_hex_27,stored,efficient_su2,4,1,33,17,8,2.125
cairo_heavy_hex_27,stored,efficient_su2,4,1,44,17,8,2.125
cairo_heavy_hex_27,stored,efficient_su2,4,1,55,17,8,2.125
cairo_heavy_hex_27,stored,efficient_su2,4,3,11,17,8,2.125
cairo_heavy_hex_27,stored,efficient_su2,4,3,22,17,8,2.125
cairo_heavy_hex_27,stored,efficient_su2,4,3,33,17,8,2.125
cairo_heavy_hex_27,stored,efficient_su2,4,3,44,17,8,2.125
cairo_heavy_hex_27,stored,efficient_su2,4,3,55,17,8,2.125
cairo_heavy_hex_27,stored,efficient_su2,8,0,11,111,16,6.9375
cairo_heavy_hex_27,stored,efficient_su2,8,0,22,81,16,5.0625
cairo_heavy_hex_27,stored,efficient_su2,8,0,33,97,16,6.0625
cairo_heavy_hex_27,stored,efficient_su2,8,0,44,82,16,5.125
cairo_heavy_hex_27,stored,efficient_su2,8,0,55,77,16,4.8125
cairo_heavy_hex_27,stored,efficient_su2,8,1,11,40,16,2.5
cairo_heavy_hex_27,stored,efficient_su2,8,1,22,40,16,2.5
cairo_heavy_hex_27,stored,efficient_su2,8,1,33,40,16,2.5
cairo_heavy_hex_27,stored,efficient_su2,8,1,44,40,16,2.5
cairo_heavy_hex_27,stored,efficient_su2,8,1,55,40,16,2.5
cairo_heavy_hex_27,stored,efficient_su2,8,3,11,40,16,2.5
cairo_heavy_hex_27,stored,efficient_su2,8,3,22,40,16,2.5
cairo_heavy_hex_27,stored,efficient_su2,8,3,33,40,16,2.5
cairo_heavy_hex_27,stored,efficient_su2,8,3,44,40,16,2.5
cairo_heavy_hex_27,stored,efficient_su2,8,3,55,40,16,2.5
cairo_heavy_hex_27,stored,efficient_su2,12,0,11,118,24,4.916666666666667
cairo_heavy_hex_27,stored,efficient_su2,12,0,22,133,24,5.541666666666667
cairo_heavy_hex_27,stored,efficient_su2,12,0,33,153,24,6.375
cairo_heavy_hex_27,stored,efficient_su2,12,0,44,128,24,5.333333333333333
cairo_heavy_hex_27,stored,efficient_su2,12,0,55,131,24,5.458333333333333
cairo_heavy_hex_27,stored,efficient_su2,12,1,11,24,24,1.0
cairo_heavy_hex_27,stored,efficient_su2,12,1,22,24,24,1.0
cairo_heavy_hex_27,stored,efficient_su2,12,1,33,24,24,1.0
cairo_heavy_hex_27,stored,efficient_su2,12,1,44,24,24,1.0
cairo_heavy_hex_27,stored,efficient_su2,12,1,55,24,24,1.0
cairo_heavy_hex_27,stored,efficient_su2,12,3,11,24,24,1.0
cairo_heavy_hex_27,stored,efficient_su2,12,3,22,24,24,1.0
cairo_heavy_hex_27,stored,efficient_su2,12,3,33,24,24,1.0
cairo_heavy_hex_27,stored,efficient_su2,12,3,44,24,24,1.0
cairo_heavy_hex_27,stored,efficient_su2,12,3,55,24,24,1.0
cairo_heavy_hex_27,stored,efficient_su2,16,0,11,228,32,7.125
cairo_heavy_hex_27,stored,efficient_su2,16,0,22,227,32,7.09375
cairo_heavy_hex_27,stored,efficient_su2,16,0,33,222,32,6.9375
cairo_heavy_hex_27,stored,efficient_su2,16,0,44,198,32,6.1875
cairo_heavy_hex_27,stored,efficient_su2,16,0,55,202,32,6.3125
cairo_heavy_hex_27,stored,efficient_su2,16,1,11,56,32,1.75
cairo_heavy_hex_27,stored,efficient_su2,16,1,22,56,32,1.75
cairo_heavy_hex_27,stored,efficient_su2,16,1,33,92,32,2.875
cairo_heavy_hex_27,stored,efficient_su2,16,1,44,56,32,1.75
cairo_heavy_hex_27,stored,efficient_su2,16,1,55,98,32,3.0625
cairo_heavy_hex_27,stored,efficient_su2,16,3,11,64,32,2.0
cairo_heavy_hex_27,stored,efficient_su2,16,3,22,40,32,1.25
cairo_heavy_hex_27,stored,efficient_su2,16,3,33,58,32,1.8125
cairo_heavy_hex_27,stored,efficient_su2,16,3,44,40,32,1.25
cairo_heavy_hex_27,stored,efficient_su2,16,3,55,64,32,2.0
cairo_heavy_hex_27,stored,efficient_su2,20,0,11,261,40,6.525
cairo_heavy_hex_27,stored,efficient_su2,20,0,22,257,40,6.425
cairo_heavy_hex_27,stored,efficient_su2,20,0,33,268,40,6.7
cairo_heavy_hex_27,stored,efficient_su2,20,0,44,253,40,6.325
cairo_heavy_hex_27,stored,efficient_su2,20,0,55,259,40,6.475
cairo_heavy_hex_27,stored,efficient_su2,20,1,11,40,40,1.0
cairo_heavy_hex_27,stored,efficient_su2,20,1,22,40,40,1.0
cairo_heavy_hex_27,stored,efficient_su2,20,1,33,40,40,1.0
cairo_heavy_hex_27,stored,efficient_su2,20,1,44,40,40,1.0
cairo_heavy_hex_27,stored,efficient_su2,20,1,55,40,40,1.0
cairo_heavy_hex_27,stored,efficient_su2,20,3,11,40,40,1.0
cairo_heavy_hex_27,stored,efficient_su2,20,3,22,40,40,1.0
cairo_heavy_hex_27,stored,efficient_su2,20,3,33,40,40,1.0
cairo_heavy_hex_27,stored,efficient_su2,20,3,44,40,40,1.0
cairo_heavy_hex_27,stored,efficient_su2,20,3,55,40,40,1.0
cairo_heavy_hex_27,stored,efficient_su2,24,0,11,331,48,6.895833333333333
cairo_heavy_hex_27,stored,efficient_su2,24,0,22,341,48,7.104166666666667
cairo_heavy_hex_27,stored,efficient_su2,24,0,33,311,48,6.479166666666667
cairo_heavy_hex_27,stored,efficient_su2,24,0,44,323,48,6.729166666666667
cairo_heavy_hex_27,stored,efficient_su2,24,0,55,275,48,5.729166666666667
cairo_heavy_hex_27,stored,efficient_su2,24,1,11,171,48,3.5625
cairo_heavy_hex_27,stored,efficient_su2,24,1,22,168,48,3.5
cairo_heavy_hex_27,stored,efficient_su2,24,1,33,168,48,3.5
cairo_heavy_hex_27,stored,efficient_su2,24,1,44,187,48,3.8958333333333335
cairo_heavy_hex_27,stored,efficient_su2,24,1,55,168,48,3.5
cairo_heavy_hex_27,stored,efficient_su2,24,3,11,129,48,2.6875
cairo_heavy_hex_27,stored,efficient_su2,24,3,22,151,48,3.1458333333333335
cairo_heavy_hex_27,stored,efficient_su2,24,3,33,136,48,2.8333333333333335
cairo_heavy_hex_27,stored,efficient_su2,24,3,44,134,48,2.7916666666666665
cairo_heavy_hex_27,stored,efficient_su2,24,3,55,133,48,2.7708333333333335
cairo_heavy_hex_27,r00,qft,4,0,11,34,10,3.4
cairo_heavy_hex_27,r00,qft,4,0,22,29,10,2.9
cairo_heavy_hex_27,r00,qft,4,0,33,31,10,3.1
cairo_heavy_hex_27,r00,qft,4,0,44,33,10,3.3
cairo_heavy_hex_27,r00,qft,4,0,55,23,10,2.3
cairo_heavy_hex_27,r00,qft,4,1,11,18,10,1.8
cairo_heavy_hex_27,r00,qft,4,1,22,18,10,1.8
cairo_heavy_hex_27,r00,qft,4,1,33,18,10,1.8
cairo_heavy_hex_27,r00,qft,4,1,44,18,10,1.8
cairo_heavy_hex_27,r00,qft,4,1,55,18,10,1.8
cairo_heavy_hex_27,r00,qft,4,3,11,18,10,1.8
cairo_heavy_hex_27,r00,qft,4,3,22,18,10,1.8
cairo_heavy_hex_27,r00,qft,4,3,33,18,10,1.8
cairo_heavy_hex_27,r00,qft,4,3,44,18,10,1.8
cairo_heavy_hex_27,r00,qft,4,3,55,18,10,1.8
cairo_heavy_hex_27,r00,qft,8,0,11,107,26,4.115384615384615
cairo_heavy_hex_27,r00,qft,8,0,22,110,26,4.230769230769231
cairo_heavy_hex_27,r00,qft,8,0,33,115,26,4.423076923076923
cairo_heavy_hex_27,r00,qft,8,0,44,120,26,4.615384615384615
cairo_heavy_hex_27,r00,qft,8,0,55,105,26,4.038461538461538
cairo_heavy_hex_27,r00,qft,8,1,11,71,26,2.730769230769231
cairo_heavy_hex_27,r00,qft,8,1,22,75,26,2.8846153846153846
cairo_heavy_hex_27,r00,qft,8,1,33,69,26,2.6538461538461537
cairo_heavy_hex_27,r00,qft,8,1,44,77,26,2.9615384615384617
cairo_heavy_hex_27,r00,qft,8,1,55,75,26,2.8846153846153846
cairo_heavy_hex_27,r00,qft,8,3,11,57,26,2.1923076923076925
cairo_heavy_hex_27,r00,qft,8,3,22,51,26,1.9615384615384615
cairo_heavy_hex_27,r00,qft,8,3,33,53,26,2.0384615384615383
cairo_heavy_hex_27,r00,qft,8,3,44,52,26,2.0
cairo_heavy_hex_27,r00,qft,8,3,55,61,26,2.3461538461538463
cairo_heavy_hex_27,r00,qft,12,0,11,236,42,5.619047619047619
cairo_heavy_hex_27,r00,qft,12,0,22,191,42,4.5476190476190474
cairo_heavy_hex_27,r00,qft,12,0,33,223,42,5.309523809523809
cairo_heavy_hex_27,r00,qft,12,0,44,220,42,5.238095238095238
cairo_heavy_hex_27,r00,qft,12,0,55,236,42,5.619047619047619
cairo_heavy_hex_27,r00,qft,12,1,11,136,42,3.238095238095238
cairo_heavy_hex_27,r00,qft,12,1,22,133,42,3.1666666666666665
cairo_heavy_hex_27,r00,qft,12,1,33,130,42,3.0952380952380953
cairo_heavy_hex_27,r00,qft,12,1,44,143,42,3.4047619047619047
cairo_heavy_hex_27,r00,qft,12,1,55,137,42,3.261904761904762
cairo_heavy_hex_27,r00,qft,12,3,11,119,42,2.8333333333333335
cairo_heavy_hex_27,r00,qft,12,3,22,107,42,2.5476190476190474
cairo_heavy_hex_27,r00,qft,12,3,33,121,42,2.880952380952381
cairo_heavy_hex_27,r00,qft,12,3,44,119,42,2.8333333333333335
cairo_heavy_hex_27,r00,qft,12,3,55,137,42,3.261904761904762
cairo_heavy_hex_27,r00,qft,16,0,11,301,58,5.189655172413793
cairo_heavy_hex_27,r00,qft,16,0,22,353,58,6.086206896551724
cairo_heavy_hex_27,r00,qft,16,0,33,354,58,6.103448275862069
cairo_heavy_hex_27,r00,qft,16,0,44,416,58,7.172413793103448
cairo_heavy_hex_27,r00,qft,16,0,55,334,58,5.758620689655173
cairo_heavy_hex_27,r00,qft,16,1,11,210,58,3.6206896551724137
cairo_heavy_hex_27,r00,qft,16,1,22,165,58,2.8448275862068964
cairo_heavy_hex_27,r00,qft,16,1,33,206,58,3.5517241379310347
cairo_heavy_hex_27,r00,qft,16,1,44,270,58,4.655172413793103
cairo_heavy_hex_27,r00,qft,16,1,55,237,58,4.086206896551724
cairo_heavy_hex_27,r00,qft,16,3,11,115,58,1.9827586206896552
cairo_heavy_hex_27,r00,qft,16,3,22,201,58,3.4655172413793105
cairo_heavy_hex_27,r00,qft,16,3,33,178,58,3.0689655172413794
cairo_heavy_hex_27,r00,qft,16,3,44,173,58,2.9827586206896552
cairo_heavy_hex_27,r00,qft,16,3,55,153,58,2.6379310344827585
cairo_heavy_hex_27,r00,qft,20,0,11,485,74,6.554054054054054
cairo_heavy_hex_27,r00,qft,20,0,22,480,74,6.486486486486487
cairo_heavy_hex_27,r00,qft,20,0,33,486,74,6.5675675675675675
cairo_heavy_hex_27,r00,qft,20,0,44,461,74,6.22972972972973
cairo_heavy_hex_27,r00,qft,20,0,55,464,74,6.27027027027027
cairo_heavy_hex_27,r00,qft,20,1,11,312,74,4.216216216216216
cairo_heavy_hex_27,r00,qft,20,1,22,222,74,3.0
cairo_heavy_hex_27,r00,qft,20,1,33,227,74,3.0675675675675675
cairo_heavy_hex_27,r00,qft,20,1,44,261,74,3.527027027027027
cairo_heavy_hex_27,r00,qft,20,1,55,229,74,3.0945945945945947
cairo_heavy_hex_27,r00,qft,20,3,11,213,74,2.8783783783783785
cairo_heavy_hex_27,r00,qft,20,3,22,181,74,2.445945945945946
cairo_heavy_hex_27,r00,qft,20,3,33,184,74,2.4864864864864864
cairo_heavy_hex_27,r00,qft,20,3,44,251,74,3.391891891891892
cairo_heavy_hex_27,r00,qft,20,3,55,244,74,3.2972972972972974
cairo_heavy_hex_27,r00,qft,24,0,11,611,90,6.788888888888889
cairo_heavy_hex_27,r00,qft,24,0,22,618,90,6.866666666666666
cairo_heavy_hex_27,r00,qft,24,0,33,572,90,6.355555555555555
cairo_heavy_hex_27,r00,qft,24,0,44,639,90,7.1
cairo_heavy_hex_27,r00,qft,24,0,55,625,90,6.944444444444445
cairo_heavy_hex_27,r00,qft,24,1,11,449,90,4.988888888888889
cairo_heavy_hex_27,r00,qft,24,1,22,362,90,4.022222222222222
cairo_heavy_hex_27,r00,qft,24,1,33,353,90,3.922222222222222
cairo_heavy_hex_27,r00,qft,24,1,44,384,90,4.266666666666667
cairo_heavy_hex_27,r00,qft,24,1,55,375,90,4.166666666666667
cairo_heavy_hex_27,r00,qft,24,3,11,293,90,3.2555555555555555
cairo_heavy_hex_27,r00,qft,24,3,22,265,90,2.9444444444444446
cairo_heavy_hex_27,r00,qft,24,3,33,264,90,2.933333333333333
cairo_heavy_hex_27,r00,qft,24,3,44,255,90,2.8333333333333335
cairo_heavy_hex_27,r00,qft,24,3,55,247,90,2.7444444444444445
cairo_heavy_hex_27,r00,ghz_chain,4,0,11,24,3,8.0
cairo_heavy_hex_27,r00,ghz_chain,4,0,22,21,3,7.0
cairo_heavy_hex_27,r00,ghz_chain,4,0,33,24,3,8.0
cairo_heavy_hex_27,r00,ghz_chain,4,0,44,27,3,9.0
cairo_heavy_hex_27,r00,ghz_chain,4,0,55,27,3,9.0
cairo_heavy_hex_27,r00,ghz_chain,4,1,11,3,3,1.0
cairo_heavy_hex_27,r00,ghz_chain,4,1,22,3,3,1.0
cairo_heavy_hex_27,r00,ghz_chain,4,1,33,3,3,1.0
cairo_heavy_hex_27,r00,ghz_chain,4,1,44,3,3,1.0
cairo_heavy_hex_27,r00,ghz_chain,4,1,55,3,3,1.0
cairo_heavy_hex_27,r00,ghz_chain,4,3,11,3,3,1.0
cairo_heavy_hex_27,r00,ghz_chain,4,3,22,3,3,1.0
cairo_heavy_hex_27,r00,ghz_chain,4,3,33,3,3,1.0
cairo_heavy_hex_27,r00,ghz_chain,4,3,44,3,3,1.0
cairo_heavy_hex_27,r00,ghz_chain,4,3,55,3,3,1.0
cairo_heavy_hex_27,r00,ghz_chain,8,0,11,37,7,5.285714285714286
cairo_heavy_hex_27,r00,ghz_chain,8,0,22,52,7,7.428571428571429
cairo_heavy_hex_27,r00,ghz_chain,8,0,33,40,7,5.714285714285714
cairo_heavy_hex_27,r00,ghz_chain,8,0,44,40,7,5.714285714285714
cairo_heavy_hex_27,r00,ghz_chain,8,0,55,46,7,6.571428571428571
cairo_heavy_hex_27,r00,ghz_chain,8,1,11,7,7,1.0
cairo_heavy_hex_27,r00,ghz_chain,8,1,22,7,7,1.0
cairo_heavy_hex_27,r00,ghz_chain,8,1,33,7,7,1.0
cairo_heavy_hex_27,r00,ghz_chain,8,1,44,7,7,1.0
cairo_heavy_hex_27,r00,ghz_chain,8,1,55,7,7,1.0
cairo_heavy_hex_27,r00,ghz_chain,8,3,11,7,7,1.0
cairo_heavy_hex_27,r00,ghz_chain,8,3,22,7,7,1.0
cairo_heavy_hex_27,r00,ghz_chain,8,3,33,7,7,1.0
cairo_heavy_hex_27,r00,ghz_chain,8,3,44,7,7,1.0
cairo_heavy_hex_27,r00,ghz_chain,8,3,55,7,7,1.0
cairo_heavy_hex_27,r00,ghz_chain,12,0,11,59,11,5.363636363636363
cairo_heavy_hex_27,r00,ghz_chain,12,0,22,71,11,6.454545454545454
cairo_heavy_hex_27,r00,ghz_chain,12,0,33,79,11,7.181818181818182
cairo_heavy_hex_27,r00,ghz_chain,12,0,44,56,11,5.090909090909091
cairo_heavy_hex_27,r00,ghz_chain,12,0,55,61,11,5.545454545454546
cairo_heavy_hex_27,r00,ghz_chain,12,1,11,11,11,1.0
cairo_heavy_hex_27,r00,ghz_chain,12,1,22,11,11,1.0
cairo_heavy_hex_27,r00,ghz_chain,12,1,33,11,11,1.0
cairo_heavy_hex_27,r00,ghz_chain,12,1,44,11,11,1.0
cairo_heavy_hex_27,r00,ghz_chain,12,1,55,11,11,1.0
cairo_heavy_hex_27,r00,ghz_chain,12,3,11,11,11,1.0
cairo_heavy_hex_27,r00,ghz_chain,12,3,22,11,11,1.0
cairo_heavy_hex_27,r00,ghz_chain,12,3,33,11,11,1.0
cairo_heavy_hex_27,r00,ghz_chain,12,3,44,11,11,1.0
cairo_heavy_hex_27,r00,ghz_chain,12,3,55,11,11,1.0
cairo_heavy_hex_27,r00,ghz_chain,16,0,11,84,15,5.6
cairo_heavy_hex_27,r00,ghz_chain,16,0,22,102,15,6.8
cairo_heavy_hex_27,r00,ghz_chain,16,0,33,104,15,6.933333333333334
cairo_heavy_hex_27,r00,ghz_chain,16,0,44,90,15,6.0
cairo_heavy_hex_27,r00,ghz_chain,16,0,55,89,15,5.933333333333334
cairo_heavy_hex_27,r00,ghz_chain,16,1,11,15,15,1.0
cairo_heavy_hex_27,r00,ghz_chain,16,1,22,15,15,1.0
cairo_heavy_hex_27,r00,ghz_chain,16,1,33,15,15,1.0
cairo_heavy_hex_27,r00,ghz_chain,16,1,44,15,15,1.0
cairo_heavy_hex_27,r00,ghz_chain,16,1,55,15,15,1.0
cairo_heavy_hex_27,r00,ghz_chain,16,3,11,15,15,1.0
cairo_heavy_hex_27,r00,ghz_chain,16,3,22,15,15,1.0
cairo_heavy_hex_27,r00,ghz_chain,16,3,33,15,15,1.0
cairo_heavy_hex_27,r00,ghz_chain,16,3,44,15,15,1.0
cairo_heavy_hex_27,r00,ghz_chain,16,3,55,15,15,1.0
cairo_heavy_hex_27,r00,ghz_chain,20,0,11,118,19,6.2105263157894735
cairo_heavy_hex_27,r00,ghz_chain,20,0,22,133,19,7.0
cairo_heavy_hex_27,r00,ghz_chain,20,0,33,157,19,8.263157894736842
cairo_heavy_hex_27,r00,ghz_chain,20,0,44,121,19,6.368421052631579
cairo_heavy_hex_27,r00,ghz_chain,20,0,55,130,19,6.842105263157895
cairo_heavy_hex_27,r00,ghz_chain,20,1,11,19,19,1.0
cairo_heavy_hex_27,r00,ghz_chain,20,1,22,19,19,1.0
cairo_heavy_hex_27,r00,ghz_chain,20,1,33,19,19,1.0
cairo_heavy_hex_27,r00,ghz_chain,20,1,44,19,19,1.0
cairo_heavy_hex_27,r00,ghz_chain,20,1,55,19,19,1.0
cairo_heavy_hex_27,r00,ghz_chain,20,3,11,19,19,1.0
cairo_heavy_hex_27,r00,ghz_chain,20,3,22,19,19,1.0
cairo_heavy_hex_27,r00,ghz_chain,20,3,33,19,19,1.0
cairo_heavy_hex_27,r00,ghz_chain,20,3,44,19,19,1.0
cairo_heavy_hex_27,r00,ghz_chain,20,3,55,19,19,1.0
cairo_heavy_hex_27,r00,ghz_chain,24,0,11,114,23,4.956521739130435
cairo_heavy_hex_27,r00,ghz_chain,24,0,22,143,23,6.217391304347826
cairo_heavy_hex_27,r00,ghz_chain,24,0,33,173,23,7.521739130434782
cairo_heavy_hex_27,r00,ghz_chain,24,0,44,143,23,6.217391304347826
cairo_heavy_hex_27,r00,ghz_chain,24,0,55,149,23,6.478260869565218
cairo_heavy_hex_27,r00,ghz_chain,24,1,11,53,23,2.3043478260869565
cairo_heavy_hex_27,r00,ghz_chain,24,1,22,53,23,2.3043478260869565
cairo_heavy_hex_27,r00,ghz_chain,24,1,33,46,23,2.0
cairo_heavy_hex_27,r00,ghz_chain,24,1,44,53,23,2.3043478260869565
cairo_heavy_hex_27,r00,ghz_chain,24,1,55,53,23,2.3043478260869565
cairo_heavy_hex_27,r00,ghz_chain,24,3,11,53,23,2.3043478260869565
cairo_heavy_hex_27,r00,ghz_chain,24,3,22,53,23,2.3043478260869565
cairo_heavy_hex_27,r00,ghz_chain,24,3,33,46,23,2.0
cairo_heavy_hex_27,r00,ghz_chain,24,3,44,53,23,2.3043478260869565
cairo_heavy_hex_27,r00,ghz_chain,24,3,55,47,23,2.0434782608695654
cairo_heavy_hex_27,r00,ghz_star,4,0,11,21,3,7.0
cairo_heavy_hex_27,r00,ghz_star,4,0,22,21,3,7.0
cairo_heavy_hex_27,r00,ghz_star,4,0,33,21,3,7.0
cairo_heavy_hex_27,r00,ghz_star,4,0,44,17,3,5.666666666666667
cairo_heavy_hex_27,r00,ghz_star,4,0,55,18,3,6.0
cairo_heavy_hex_27,r00,ghz_star,4,1,11,3,3,1.0
cairo_heavy_hex_27,r00,ghz_star,4,1,22,3,3,1.0
cairo_heavy_hex_27,r00,ghz_star,4,1,33,3,3,1.0
cairo_heavy_hex_27,r00,ghz_star,4,1,44,3,3,1.0
cairo_heavy_hex_27,r00,ghz_star,4,1,55,3,3,1.0
cairo_heavy_hex_27,r00,ghz_star,4,3,11,3,3,1.0
cairo_heavy_hex_27,r00,ghz_star,4,3,22,3,3,1.0
cairo_heavy_hex_27,r00,ghz_star,4,3,33,3,3,1.0
cairo_heavy_hex_27,r00,ghz_star,4,3,44,3,3,1.0
cairo_heavy_hex_27,r00,ghz_star,4,3,55,3,3,1.0
cairo_heavy_hex_27,r00,ghz_star,8,0,11,41,7,5.857142857142857
cairo_heavy_hex_27,r00,ghz_star,8,0,22,43,7,6.142857142857143
cairo_heavy_hex_27,r00,ghz_star,8,0,33,33,7,4.714285714285714
cairo_heavy_hex_27,r00,ghz_star,8,0,44,39,7,5.571428571428571
cairo_heavy_hex_27,r00,ghz_star,8,0,55,43,7,6.142857142857143
cairo_heavy_hex_27,r00,ghz_star,8,1,11,17,7,2.4285714285714284
cairo_heavy_hex_27,r00,ghz_star,8,1,22,21,7,3.0
cairo_heavy_hex_27,r00,ghz_star,8,1,33,19,7,2.7142857142857144
cairo_heavy_hex_27,r00,ghz_star,8,1,44,18,7,2.5714285714285716
cairo_heavy_hex_27,r00,ghz_star,8,1,55,25,7,3.5714285714285716
cairo_heavy_hex_27,r00,ghz_star,8,3,11,16,7,2.2857142857142856
cairo_heavy_hex_27,r00,ghz_star,8,3,22,17,7,2.4285714285714284
cairo_heavy_hex_27,r00,ghz_star,8,3,33,15,7,2.142857142857143
cairo_heavy_hex_27,r00,ghz_star,8,3,44,14,7,2.0
cairo_heavy_hex_27,r00,ghz_star,8,3,55,15,7,2.142857142857143
cairo_heavy_hex_27,r00,ghz_star,12,0,11,54,11,4.909090909090909
cairo_heavy_hex_27,r00,ghz_star,12,0,22,63,11,5.7272727272727275
cairo_heavy_hex_27,r00,ghz_star,12,0,33,67,11,6.090909090909091
cairo_heavy_hex_27,r00,ghz_star,12,0,44,55,11,5.0
cairo_heavy_hex_27,r00,ghz_star,12,0,55,71,11,6.454545454545454
cairo_heavy_hex_27,r00,ghz_star,12,1,11,37,11,3.3636363636363638
cairo_heavy_hex_27,r00,ghz_star,12,1,22,32,11,2.909090909090909
cairo_heavy_hex_27,r00,ghz_star,12,1,33,31,11,2.8181818181818183
cairo_heavy_hex_27,r00,ghz_star,12,1,44,32,11,2.909090909090909
cairo_heavy_hex_27,r00,ghz_star,12,1,55,32,11,2.909090909090909
cairo_heavy_hex_27,r00,ghz_star,12,3,11,30,11,2.727272727272727
cairo_heavy_hex_27,r00,ghz_star,12,3,22,32,11,2.909090909090909
cairo_heavy_hex_27,r00,ghz_star,12,3,33,30,11,2.727272727272727
cairo_heavy_hex_27,r00,ghz_star,12,3,44,26,11,2.3636363636363638
cairo_heavy_hex_27,r00,ghz_star,12,3,55,30,11,2.727272727272727
cairo_heavy_hex_27,r00,ghz_star,16,0,11,73,15,4.866666666666666
cairo_heavy_hex_27,r00,ghz_star,16,0,22,94,15,6.266666666666667
cairo_heavy_hex_27,r00,ghz_star,16,0,33,97,15,6.466666666666667
cairo_heavy_hex_27,r00,ghz_star,16,0,44,83,15,5.533333333333333
cairo_heavy_hex_27,r00,ghz_star,16,0,55,104,15,6.933333333333334
cairo_heavy_hex_27,r00,ghz_star,16,1,11,51,15,3.4
cairo_heavy_hex_27,r00,ghz_star,16,1,22,51,15,3.4
cairo_heavy_hex_27,r00,ghz_star,16,1,33,51,15,3.4
cairo_heavy_hex_27,r00,ghz_star,16,1,44,51,15,3.4
cairo_heavy_hex_27,r00,ghz_star,16,1,55,51,15,3.4
cairo_heavy_hex_27,r00,ghz_star,16,3,11,49,15,3.2666666666666666
cairo_heavy_hex_27,r00,ghz_star,16,3,22,46,15,3.066666666666667
cairo_heavy_hex_27,r00,ghz_star,16,3,33,47,15,3.1333333333333333
cairo_heavy_hex_27,r00,ghz_star,16,3,44,47,15,3.1333333333333333
cairo_heavy_hex_27,r00,ghz_star,16,3,55,47,15,3.1333333333333333
cairo_heavy_hex_27,r00,ghz_star,20,0,11,109,19,5.7368421052631575
cairo_heavy_hex_27,r00,ghz_star,20,0,22,116,19,6.105263157894737
cairo_heavy_hex_27,r00,ghz_star,20,0,33,128,19,6.7368421052631575
cairo_heavy_hex_27,r00,ghz_star,20,0,44,117,19,6.157894736842105
cairo_heavy_hex_27,r00,ghz_star,20,0,55,118,19,6.2105263157894735
cairo_heavy_hex_27,r00,ghz_star,20,1,11,78,19,4.105263157894737
cairo_heavy_hex_27,r00,ghz_star,20,1,22,77,19,4.052631578947368
cairo_heavy_hex_27,r00,ghz_star,20,1,33,75,19,3.9473684210526314
cairo_heavy_hex_27,r00,ghz_star,20,1,44,73,19,3.8421052631578947
cairo_heavy_hex_27,r00,ghz_star,20,1,55,73,19,3.8421052631578947
cairo_heavy_hex_27,r00,ghz_star,20,3,11,61,19,3.210526315789474
cairo_heavy_hex_27,r00,ghz_star,20,3,22,69,19,3.6315789473684212
cairo_heavy_hex_27,r00,ghz_star,20,3,33,61,19,3.210526315789474
cairo_heavy_hex_27,r00,ghz_star,20,3,44,69,19,3.6315789473684212
cairo_heavy_hex_27,r00,ghz_star,20,3,55,62,19,3.263157894736842
cairo_heavy_hex_27,r00,ghz_star,24,0,11,117,23,5.086956521739131
cairo_heavy_hex_27,r00,ghz_star,24,0,22,141,23,6.130434782608695
cairo_heavy_hex_27,r00,ghz_star,24,0,33,152,23,6.608695652173913
cairo_heavy_hex_27,r00,ghz_star,24,0,44,130,23,5.6521739130434785
cairo_heavy_hex_27,r00,ghz_star,24,0,55,148,23,6.434782608695652
cairo_heavy_hex_27,r00,ghz_star,24,1,11,91,23,3.9565217391304346
cairo_heavy_hex_27,r00,ghz_star,24,1,22,93,23,4.043478260869565
cairo_heavy_hex_27,r00,ghz_star,24,1,33,86,23,3.739130434782609
cairo_heavy_hex_27,r00,ghz_star,24,1,44,95,23,4.130434782608695
cairo_heavy_hex_27,r00,ghz_star,24,1,55,95,23,4.130434782608695
cairo_heavy_hex_27,r00,ghz_star,24,3,11,81,23,3.5217391304347827
cairo_heavy_hex_27,r00,ghz_star,24,3,22,82,23,3.5652173913043477
cairo_heavy_hex_27,r00,ghz_star,24,3,33,73,23,3.1739130434782608
cairo_heavy_hex_27,r00,ghz_star,24,3,44,80,23,3.4782608695652173
cairo_heavy_hex_27,r00,ghz_star,24,3,55,81,23,3.5217391304347827
cairo_heavy_hex_27,r00,efficient_su2,4,0,11,30,8,3.75
cairo_heavy_hex_27,r00,efficient_su2,4,0,22,34,8,4.25
cairo_heavy_hex_27,r00,efficient_su2,4,0,33,33,8,4.125
cairo_heavy_hex_27,r00,efficient_su2,4,0,44,34,8,4.25
cairo_heavy_hex_27,r00,efficient_su2,4,0,55,34,8,4.25
cairo_heavy_hex_27,r00,efficient_su2,4,1,11,17,8,2.125
cairo_heavy_hex_27,r00,efficient_su2,4,1,22,17,8,2.125
cairo_heavy_hex_27,r00,efficient_su2,4,1,33,17,8,2.125
cairo_heavy_hex_27,r00,efficient_su2,4,1,44,17,8,2.125
cairo_heavy_hex_27,r00,efficient_su2,4,1,55,17,8,2.125
cairo_heavy_hex_27,r00,efficient_su2,4,3,11,17,8,2.125
cairo_heavy_hex_27,r00,efficient_su2,4,3,22,17,8,2.125
cairo_heavy_hex_27,r00,efficient_su2,4,3,33,17,8,2.125
cairo_heavy_hex_27,r00,efficient_su2,4,3,44,17,8,2.125
cairo_heavy_hex_27,r00,efficient_su2,4,3,55,17,8,2.125
cairo_heavy_hex_27,r00,efficient_su2,8,0,11,76,16,4.75
cairo_heavy_hex_27,r00,efficient_su2,8,0,22,73,16,4.5625
cairo_heavy_hex_27,r00,efficient_su2,8,0,33,70,16,4.375
cairo_heavy_hex_27,r00,efficient_su2,8,0,44,73,16,4.5625
cairo_heavy_hex_27,r00,efficient_su2,8,0,55,87,16,5.4375
cairo_heavy_hex_27,r00,efficient_su2,8,1,11,37,16,2.3125
cairo_heavy_hex_27,r00,efficient_su2,8,1,22,40,16,2.5
cairo_heavy_hex_27,r00,efficient_su2,8,1,33,40,16,2.5
cairo_heavy_hex_27,r00,efficient_su2,8,1,44,40,16,2.5
cairo_heavy_hex_27,r00,efficient_su2,8,1,55,40,16,2.5
cairo_heavy_hex_27,r00,efficient_su2,8,3,11,40,16,2.5
cairo_heavy_hex_27,r00,efficient_su2,8,3,22,40,16,2.5
cairo_heavy_hex_27,r00,efficient_su2,8,3,33,40,16,2.5
cairo_heavy_hex_27,r00,efficient_su2,8,3,44,40,16,2.5
cairo_heavy_hex_27,r00,efficient_su2,8,3,55,40,16,2.5
cairo_heavy_hex_27,r00,efficient_su2,12,0,11,112,24,4.666666666666667
cairo_heavy_hex_27,r00,efficient_su2,12,0,22,113,24,4.708333333333333
cairo_heavy_hex_27,r00,efficient_su2,12,0,33,109,24,4.541666666666667
cairo_heavy_hex_27,r00,efficient_su2,12,0,44,121,24,5.041666666666667
cairo_heavy_hex_27,r00,efficient_su2,12,0,55,137,24,5.708333333333333
cairo_heavy_hex_27,r00,efficient_su2,12,1,11,24,24,1.0
cairo_heavy_hex_27,r00,efficient_su2,12,1,22,24,24,1.0
cairo_heavy_hex_27,r00,efficient_su2,12,1,33,24,24,1.0
cairo_heavy_hex_27,r00,efficient_su2,12,1,44,24,24,1.0
cairo_heavy_hex_27,r00,efficient_su2,12,1,55,24,24,1.0
cairo_heavy_hex_27,r00,efficient_su2,12,3,11,24,24,1.0
cairo_heavy_hex_27,r00,efficient_su2,12,3,22,24,24,1.0
cairo_heavy_hex_27,r00,efficient_su2,12,3,33,24,24,1.0
cairo_heavy_hex_27,r00,efficient_su2,12,3,44,24,24,1.0
cairo_heavy_hex_27,r00,efficient_su2,12,3,55,24,24,1.0
cairo_heavy_hex_27,r00,efficient_su2,16,0,11,211,32,6.59375
cairo_heavy_hex_27,r00,efficient_su2,16,0,22,226,32,7.0625
cairo_heavy_hex_27,r00,efficient_su2,16,0,33,221,32,6.90625
cairo_heavy_hex_27,r00,efficient_su2,16,0,44,208,32,6.5
cairo_heavy_hex_27,r00,efficient_su2,16,0,55,198,32,6.1875
cairo_heavy_hex_27,r00,efficient_su2,16,1,11,68,32,2.125
cairo_heavy_hex_27,r00,efficient_su2,16,1,22,68,32,2.125
cairo_heavy_hex_27,r00,efficient_su2,16,1,33,56,32,1.75
cairo_heavy_hex_27,r00,efficient_su2,16,1,44,68,32,2.125
cairo_heavy_hex_27,r00,efficient_su2,16,1,55,56,32,1.75
cairo_heavy_hex_27,r00,efficient_su2,16,3,11,40,32,1.25
cairo_heavy_hex_27,r00,efficient_su2,16,3,22,64,32,2.0
cairo_heavy_hex_27,r00,efficient_su2,16,3,33,40,32,1.25
cairo_heavy_hex_27,r00,efficient_su2,16,3,44,63,32,1.96875
cairo_heavy_hex_27,r00,efficient_su2,16,3,55,40,32,1.25
cairo_heavy_hex_27,r00,efficient_su2,20,0,11,276,40,6.9
cairo_heavy_hex_27,r00,efficient_su2,20,0,22,272,40,6.8
cairo_heavy_hex_27,r00,efficient_su2,20,0,33,267,40,6.675
cairo_heavy_hex_27,r00,efficient_su2,20,0,44,253,40,6.325
cairo_heavy_hex_27,r00,efficient_su2,20,0,55,279,40,6.975
cairo_heavy_hex_27,r00,efficient_su2,20,1,11,40,40,1.0
cairo_heavy_hex_27,r00,efficient_su2,20,1,22,40,40,1.0
cairo_heavy_hex_27,r00,efficient_su2,20,1,33,40,40,1.0
cairo_heavy_hex_27,r00,efficient_su2,20,1,44,40,40,1.0
cairo_heavy_hex_27,r00,efficient_su2,20,1,55,40,40,1.0
cairo_heavy_hex_27,r00,efficient_su2,20,3,11,40,40,1.0
cairo_heavy_hex_27,r00,efficient_su2,20,3,22,40,40,1.0
cairo_heavy_hex_27,r00,efficient_su2,20,3,33,40,40,1.0
cairo_heavy_hex_27,r00,efficient_su2,20,3,44,40,40,1.0
cairo_heavy_hex_27,r00,efficient_su2,20,3,55,40,40,1.0
cairo_heavy_hex_27,r00,efficient_su2,24,0,11,246,48,5.125
cairo_heavy_hex_27,r00,efficient_su2,24,0,22,282,48,5.875
cairo_heavy_hex_27,r00,efficient_su2,24,0,33,273,48,5.6875
cairo_heavy_hex_27,r00,efficient_su2,24,0,44,303,48,6.3125
cairo_heavy_hex_27,r00,efficient_su2,24,0,55,320,48,6.666666666666667
cairo_heavy_hex_27,r00,efficient_su2,24,1,11,147,48,3.0625
cairo_heavy_hex_27,r00,efficient_su2,24,1,22,147,48,3.0625
cairo_heavy_hex_27,r00,efficient_su2,24,1,33,147,48,3.0625
cairo_heavy_hex_27,r00,efficient_su2,24,1,44,134,48,2.7916666666666665
cairo_heavy_hex_27,r00,efficient_su2,24,1,55,147,48,3.0625
cairo_heavy_hex_27,r00,efficient_su2,24,3,11,131,48,2.7291666666666665
cairo_heavy_hex_27,r00,efficient_su2,24,3,22,120,48,2.5
cairo_heavy_hex_27,r00,efficient_su2,24,3,33,104,48,2.1666666666666665
cairo_heavy_hex_27,r00,efficient_su2,24,3,44,98,48,2.0416666666666665
cairo_heavy_hex_27,r00,efficient_su2,24,3,55,118,48,2.4583333333333335
cairo_heavy_hex_27,r01,qft,4,0,11,49,10,4.9
cairo_heavy_hex_27,r01,qft,4,0,22,36,10,3.6
cairo_heavy_hex_27,r01,qft,4,0,33,40,10,4.0
cairo_heavy_hex_27,r01,qft,4,0,44,34,10,3.4
cairo_heavy_hex_27,r01,qft,4,0,55,40,10,4.0
cairo_heavy_hex_27,r01,qft,4,1,11,19,10,1.9
cairo_heavy_hex_27,r01,qft,4,1,22,18,10,1.8
cairo_heavy_hex_27,r01,qft,4,1,33,18,10,1.8
cairo_heavy_hex_27,r01,qft,4,1,44,18,10,1.8
cairo_heavy_hex_27,r01,qft,4,1,55,18,10,1.8
cairo_heavy_hex_27,r01,qft,4,3,11,15,10,1.5
cairo_heavy_hex_27,r01,qft,4,3,22,18,10,1.8
cairo_heavy_hex_27,r01,qft,4,3,33,16,10,1.6
cairo_heavy_hex_27,r01,qft,4,3,44,18,10,1.8
cairo_heavy_hex_27,r01,qft,4,3,55,18,10,1.8
cairo_heavy_hex_27,r01,qft,8,0,11,103,26,3.9615384615384617
cairo_heavy_hex_27,r01,qft,8,0,22,105,26,4.038461538461538
cairo_heavy_hex_27,r01,qft,8,0,33,107,26,4.115384615384615
cairo_heavy_hex_27,r01,qft,8,0,44,106,26,4.076923076923077
cairo_heavy_hex_27,r01,qft,8,0,55,117,26,4.5
cairo_heavy_hex_27,r01,qft,8,1,11,71,26,2.730769230769231
cairo_heavy_hex_27,r01,qft,8,1,22,64,26,2.4615384615384617
cairo_heavy_hex_27,r01,qft,8,1,33,64,26,2.4615384615384617
cairo_heavy_hex_27,r01,qft,8,1,44,74,26,2.8461538461538463
cairo_heavy_hex_27,r01,qft,8,1,55,64,26,2.4615384615384617
cairo_heavy_hex_27,r01,qft,8,3,11,63,26,2.423076923076923
cairo_heavy_hex_27,r01,qft,8,3,22,63,26,2.423076923076923
cairo_heavy_hex_27,r01,qft,8,3,33,58,26,2.230769230769231
cairo_heavy_hex_27,r01,qft,8,3,44,52,26,2.0
cairo_heavy_hex_27,r01,qft,8,3,55,68,26,2.6153846153846154
cairo_heavy_hex_27,r01,qft,12,0,11,223,42,5.309523809523809
cairo_heavy_hex_27,r01,qft,12,0,22,217,42,5.166666666666667
cairo_heavy_hex_27,r01,qft,12,0,33,217,42,5.166666666666667
cairo_heavy_hex_27,r01,qft,12,0,44,205,42,4.880952380952381
cairo_heavy_hex_27,r01,qft,12,0,55,234,42,5.571428571428571
cairo_heavy_hex_27,r01,qft,12,1,11,183,42,4.357142857142857
cairo_heavy_hex_27,r01,qft,12,1,22,129,42,3.0714285714285716
cairo_heavy_hex_27,r01,qft,12,1,33,133,42,3.1666666666666665
cairo_heavy_hex_27,r01,qft,12,1,44,146,42,3.4761904761904763
cairo_heavy_hex_27,r01,qft,12,1,55,154,42,3.6666666666666665
cairo_heavy_hex_27,r01,qft,12,3,11,130,42,3.0952380952380953
cairo_heavy_hex_27,r01,qft,12,3,22,114,42,2.7142857142857144
cairo_heavy_hex_27,r01,qft,12,3,33,136,42,3.238095238095238
cairo_heavy_hex_27,r01,qft,12,3,44,83,42,1.9761904761904763
cairo_heavy_hex_27,r01,qft,12,3,55,124,42,2.9523809523809526
cairo_heavy_hex_27,r01,qft,16,0,11,372,58,6.413793103448276
cairo_heavy_hex_27,r01,qft,16,0,22,362,58,6.241379310344827
cairo_heavy_hex_27,r01,qft,16,0,33,322,58,5.551724137931035
cairo_heavy_hex_27,r01,qft,16,0,44,350,58,6.0344827586206895
cairo_heavy_hex_27,r01,qft,16,0,55,329,58,5.672413793103448
cairo_heavy_hex_27,r01,qft,16,1,11,220,58,3.793103448275862
cairo_heavy_hex_27,r01,qft,16,1,22,203,58,3.5
cairo_heavy_hex_27,r01,qft,16,1,33,218,58,3.7586206896551726
cairo_heavy_hex_27,r01,qft,16,1,44,182,58,3.1379310344827585
cairo_heavy_hex_27,r01,qft,16,1,55,229,58,3.9482758620689653
cairo_heavy_hex_27,r01,qft,16,3,11,194,58,3.3448275862068964
cairo_heavy_hex_27,r01,qft,16,3,22,162,58,2.793103448275862
cairo_heavy_hex_27,r01,qft,16,3,33,150,58,2.586206896551724
cairo_heavy_hex_27,r01,qft,16,3,44,173,58,2.9827586206896552
cairo_heavy_hex_27,r01,qft,16,3,55,160,58,2.7586206896551726
cairo_heavy_hex_27,r01,qft,20,0,11,479,74,6.472972972972973
cairo_heavy_hex_27,r01,qft,20,0,22,550,74,7.4324324324324325
cairo_heavy_hex_27,r01,qft,20,0,33,541,74,7.3108108108108105
cairo_heavy_hex_27,r01,qft,20,0,44,466,74,6.297297297297297
cairo_heavy_hex_27,r01,qft,20,0,55,418,74,5.648648648648648
cairo_heavy_hex_27,r01,qft,20,1,11,227,74,3.0675675675675675
cairo_heavy_hex_27,r01,qft,20,1,22,297,74,4.013513513513513
cairo_heavy_hex_27,r01,qft,20,1,33,227,74,3.0675675675675675
cairo_heavy_hex_27,r01,qft,20,1,44,215,74,2.9054054054054053
cairo_heavy_hex_27,r01,qft,20,1,55,308,74,4.162162162162162
cairo_heavy_hex_27,r01,qft,20,3,11,145,74,1.9594594594594594
cairo_heavy_hex_27,r01,qft,20,3,22,184,74,2.4864864864864864
cairo_heavy_hex_27,r01,qft,20,3,33,246,74,3.324324324324324
cairo_heavy_hex_27,r01,qft,20,3,44,263,74,3.554054054054054
cairo_heavy_hex_27,r01,qft,20,3,55,214,74,2.891891891891892
cairo_heavy_hex_27,r01,qft,24,0,11,574,90,6.377777777777778
cairo_heavy_hex_27,r01,qft,24,0,22,588,90,6.533333333333333
cairo_heavy_hex_27,r01,qft,24,0,33,685,90,7.611111111111111
cairo_heavy_hex_27,r01,qft,24,0,44,571,90,6.344444444444444
cairo_heavy_hex_27,r01,qft,24,0,55,685,90,7.611111111111111
cairo_heavy_hex_27,r01,qft,24,1,11,474,90,5.266666666666667
cairo_heavy_hex_27,r01,qft,24,1,22,369,90,4.1
cairo_heavy_hex_27,r01,qft,24,1,33,338,90,3.7555555555555555
cairo_heavy_hex_27,r01,qft,24,1,44,346,90,3.8444444444444446
cairo_heavy_hex_27,r01,qft,24,1,55,318,90,3.533333333333333
cairo_heavy_hex_27,r01,qft,24,3,11,197,90,2.188888888888889
cairo_heavy_hex_27,r01,qft,24,3,22,308,90,3.422222222222222
cairo_heavy_hex_27,r01,qft,24,3,33,275,90,3.0555555555555554
cairo_heavy_hex_27,r01,qft,24,3,44,341,90,3.7888888888888888
cairo_heavy_hex_27,r01,qft,24,3,55,177,90,1.9666666666666666
cairo_heavy_hex_27,r01,ghz_chain,4,0,11,30,3,10.0
cairo_heavy_hex_27,r01,ghz_chain,4,0,22,24,3,8.0
cairo_heavy_hex_27,r01,ghz_chain,4,0,33,24,3,8.0
cairo_heavy_hex_27,r01,ghz_chain,4,0,44,21,3,7.0
cairo_heavy_hex_27,r01,ghz_chain,4,0,55,27,3,9.0
cairo_heavy_hex_27,r01,ghz_chain,4,1,11,3,3,1.0
cairo_heavy_hex_27,r01,ghz_chain,4,1,22,3,3,1.0
cairo_heavy_hex_27,r01,ghz_chain,4,1,33,3,3,1.0
cairo_heavy_hex_27,r01,ghz_chain,4,1,44,3,3,1.0
cairo_heavy_hex_27,r01,ghz_chain,4,1,55,3,3,1.0
cairo_heavy_hex_27,r01,ghz_chain,4,3,11,3,3,1.0
cairo_heavy_hex_27,r01,ghz_chain,4,3,22,3,3,1.0
cairo_heavy_hex_27,r01,ghz_chain,4,3,33,3,3,1.0
cairo_heavy_hex_27,r01,ghz_chain,4,3,44,3,3,1.0
cairo_heavy_hex_27,r01,ghz_chain,4,3,55,3,3,1.0
cairo_heavy_hex_27,r01,ghz_chain,8,0,11,48,7,6.857142857142857
cairo_heavy_hex_27,r01,ghz_chain,8,0,22,43,7,6.142857142857143
cairo_heavy_hex_27,r01,ghz_chain,8,0,33,40,7,5.714285714285714
cairo_heavy_hex_27,r01,ghz_chain,8,0,44,40,7,5.714285714285714
cairo_heavy_hex_27,r01,ghz_chain,8,0,55,37,7,5.285714285714286
cairo_heavy_hex_27,r01,ghz_chain,8,1,11,7,7,1.0
cairo_heavy_hex_27,r01,ghz_chain,8,1,22,7,7,1.0
cairo_heavy_hex_27,r01,ghz_chain,8,1,33,7,7,1.0
cairo_heavy_hex_27,r01,ghz_chain,8,1,44,7,7,1.0
cairo_heavy_hex_27,r01,ghz_chain,8,1,55,7,7,1.0
cairo_heavy_hex_27,r01,ghz_chain,8,3,11,7,7,1.0
cairo_heavy_hex_27,r01,ghz_chain,8,3,22,7,7,1.0
cairo_heavy_hex_27,r01,ghz_chain,8,3,33,7,7,1.0
cairo_heavy_hex_27,r01,ghz_chain,8,3,44,7,7,1.0
cairo_heavy_hex_27,r01,ghz_chain,8,3,55,7,7,1.0
cairo_heavy_hex_27,r01,ghz_chain,12,0,11,79,11,7.181818181818182
cairo_heavy_hex_27,r01,ghz_chain,12,0,22,68,11,6.181818181818182
cairo_heavy_hex_27,r01,ghz_chain,12,0,33,62,11,5.636363636363637
cairo_heavy_hex_27,r01,ghz_chain,12,0,44,72,11,6.545454545454546
cairo_heavy_hex_27,r01,ghz_chain,12,0,55,53,11,4.818181818181818
cairo_heavy_hex_27,r01,ghz_chain,12,1,11,11,11,1.0
cairo_heavy_hex_27,r01,ghz_chain,12,1,22,11,11,1.0
cairo_heavy_hex_27,r01,ghz_chain,12,1,33,11,11,1.0
cairo_heavy_hex_27,r01,ghz_chain,12,1,44,11,11,1.0
cairo_heavy_hex_27,r01,ghz_chain,12,1,55,11,11,1.0
cairo_heavy_hex_27,r01,ghz_chain,12,3,11,11,11,1.0
cairo_heavy_hex_27,r01,ghz_chain,12,3,22,11,11,1.0
cairo_heavy_hex_27,r01,ghz_chain,12,3,33,11,11,1.0
cairo_heavy_hex_27,r01,ghz_chain,12,3,44,11,11,1.0
cairo_heavy_hex_27,r01,ghz_chain,12,3,55,11,11,1.0
cairo_heavy_hex_27,r01,ghz_chain,16,0,11,95,15,6.333333333333333
cairo_heavy_hex_27,r01,ghz_chain,16,0,22,99,15,6.6
cairo_heavy_hex_27,r01,ghz_chain,16,0,33,96,15,6.4
cairo_heavy_hex_27,r01,ghz_chain,16,0,44,87,15,5.8
cairo_heavy_hex_27,r01,ghz_chain,16,0,55,78,15,5.2
cairo_heavy_hex_27,r01,ghz_chain,16,1,11,15,15,1.0
cairo_heavy_hex_27,r01,ghz_chain,16,1,22,15,15,1.0
cairo_heavy_hex_27,r01,ghz_chain,16,1,33,15,15,1.0
cairo_heavy_hex_27,r01,ghz_chain,16,1,44,15,15,1.0
cairo_heavy_hex_27,r01,ghz_chain,16,1,55,15,15,1.0
cairo_heavy_hex_27,r01,ghz_chain,16,3,11,15,15,1.0
cairo_heavy_hex_27,r01,ghz_chain,16,3,22,15,15,1.0
cairo_heavy_hex_27,r01,ghz_chain,16,3,33,15,15,1.0
cairo_heavy_hex_27,r01,ghz_chain,16,3,44,15,15,1.0
cairo_heavy_hex_27,r01,ghz_chain,16,3,55,15,15,1.0
cairo_heavy_hex_27,r01,ghz_chain,20,0,11,132,19,6.947368421052632
cairo_heavy_hex_27,r01,ghz_chain,20,0,22,130,19,6.842105263157895
cairo_heavy_hex_27,r01,ghz_chain,20,0,33,132,19,6.947368421052632
cairo_heavy_hex_27,r01,ghz_chain,20,0,44,130,19,6.842105263157895
cairo_heavy_hex_27,r01,ghz_chain,20,0,55,124,19,6.526315789473684
cairo_heavy_hex_27,r01,ghz_chain,20,1,11,19,19,1.0
cairo_heavy_hex_27,r01,ghz_chain,20,1,22,19,19,1.0
cairo_heavy_hex_27,r01,ghz_chain,20,1,33,19,19,1.0
cairo_heavy_hex_27,r01,ghz_chain,20,1,44,19,19,1.0
cairo_heavy_hex_27,r01,ghz_chain,20,1,55,19,19,1.0
cairo_heavy_hex_27,r01,ghz_chain,20,3,11,19,19,1.0
cairo_heavy_hex_27,r01,ghz_chain,20,3,22,19,19,1.0
cairo_heavy_hex_27,r01,ghz_chain,20,3,33,19,19,1.0
cairo_heavy_hex_27,r01,ghz_chain,20,3,44,19,19,1.0
cairo_heavy_hex_27,r01,ghz_chain,20,3,55,19,19,1.0
cairo_heavy_hex_27,r01,ghz_chain,24,0,11,160,23,6.956521739130435
cairo_heavy_hex_27,r01,ghz_chain,24,0,22,164,23,7.130434782608695
cairo_heavy_hex_27,r01,ghz_chain,24,0,33,167,23,7.260869565217392
cairo_heavy_hex_27,r01,ghz_chain,24,0,44,149,23,6.478260869565218
cairo_heavy_hex_27,r01,ghz_chain,24,0,55,146,23,6.3478260869565215
cairo_heavy_hex_27,r01,ghz_chain,24,1,11,60,23,2.608695652173913
cairo_heavy_hex_27,r01,ghz_chain,24,1,22,66,23,2.869565217391304
cairo_heavy_hex_27,r01,ghz_chain,24,1,33,82,23,3.5652173913043477
cairo_heavy_hex_27,r01,ghz_chain,24,1,44,67,23,2.9130434782608696
cairo_heavy_hex_27,r01,ghz_chain,24,1,55,47,23,2.0434782608695654
cairo_heavy_hex_27,r01,ghz_chain,24,3,11,51,23,2.217391304347826
cairo_heavy_hex_27,r01,ghz_chain,24,3,22,48,23,2.0869565217391304
cairo_heavy_hex_27,r01,ghz_chain,24,3,33,56,23,2.4347826086956523
cairo_heavy_hex_27,r01,ghz_chain,24,3,44,55,23,2.391304347826087
cairo_heavy_hex_27,r01,ghz_chain,24,3,55,54,23,2.347826086956522
cairo_heavy_hex_27,r01,ghz_star,4,0,11,27,3,9.0
cairo_heavy_hex_27,r01,ghz_star,4,0,22,23,3,7.666666666666667
cairo_heavy_hex_27,r01,ghz_star,4,0,33,27,3,9.0
cairo_heavy_hex_27,r01,ghz_star,4,0,44,27,3,9.0
cairo_heavy_hex_27,r01,ghz_star,4,0,55,30,3,10.0
cairo_heavy_hex_27,r01,ghz_star,4,1,11,3,3,1.0
cairo_heavy_hex_27,r01,ghz_star,4,1,22,3,3,1.0
cairo_heavy_hex_27,r01,ghz_star,4,1,33,3,3,1.0
cairo_heavy_hex_27,r01,ghz_star,4,1,44,3,3,1.0
cairo_heavy_hex_27,r01,ghz_star,4,1,55,3,3,1.0
cairo_heavy_hex_27,r01,ghz_star,4,3,11,3,3,1.0
cairo_heavy_hex_27,r01,ghz_star,4,3,22,3,3,1.0
cairo_heavy_hex_27,r01,ghz_star,4,3,33,3,3,1.0
cairo_heavy_hex_27,r01,ghz_star,4,3,44,3,3,1.0
cairo_heavy_hex_27,r01,ghz_star,4,3,55,3,3,1.0
cairo_heavy_hex_27,r01,ghz_star,8,0,11,49,7,7.0
cairo_heavy_hex_27,r01,ghz_star,8,0,22,55,7,7.857142857142857
cairo_heavy_hex_27,r01,ghz_star,8,0,33,58,7,8.285714285714286
cairo_heavy_hex_27,r01,ghz_star,8,0,44,49,7,7.0
cairo_heavy_hex_27,r01,ghz_star,8,0,55,46,7,6.571428571428571
cairo_heavy_hex_27,r01,ghz_star,8,1,11,14,7,2.0
cairo_heavy_hex_27,r01,ghz_star,8,1,22,16,7,2.2857142857142856
cairo_heavy_hex_27,r01,ghz_star,8,1,33,19,7,2.7142857142857144
cairo_heavy_hex_27,r01,ghz_star,8,1,44,19,7,2.7142857142857144
cairo_heavy_hex_27,r01,ghz_star,8,1,55,19,7,2.7142857142857144
cairo_heavy_hex_27,r01,ghz_star,8,3,11,13,7,1.8571428571428572
cairo_heavy_hex_27,r01,ghz_star,8,3,22,12,7,1.7142857142857142
cairo_heavy_hex_27,r01,ghz_star,8,3,33,17,7,2.4285714285714284
cairo_heavy_hex_27,r01,ghz_star,8,3,44,17,7,2.4285714285714284
cairo_heavy_hex_27,r01,ghz_star,8,3,55,17,7,2.4285714285714284
cairo_heavy_hex_27,r01,ghz_star,12,0,11,74,11,6.7272727272727275
cairo_heavy_hex_27,r01,ghz_star,12,0,22,74,11,6.7272727272727275
cairo_heavy_hex_27,r01,ghz_star,12,0,33,84,11,7.636363636363637
cairo_heavy_hex_27,r01,ghz_star,12,0,44,71,11,6.454545454545454
cairo_heavy_hex_27,r01,ghz_star,12,0,55,68,11,6.181818181818182
cairo_heavy_hex_27,r01,ghz_star,12,1,11,25,11,2.272727272727273
cairo_heavy_hex_27,r01,ghz_star,12,1,22,31,11,2.8181818181818183
cairo_heavy_hex_27,r01,ghz_star,12,1,33,36,11,3.272727272727273
cairo_heavy_hex_27,r01,ghz_star,12,1,44,40,11,3.6363636363636362
cairo_heavy_hex_27,r01,ghz_star,12,1,55,43,11,3.909090909090909
cairo_heavy_hex_27,r01,ghz_star,12,3,11,30,11,2.727272727272727
cairo_heavy_hex_27,r01,ghz_star,12,3,22,26,11,2.3636363636363638
cairo_heavy_hex_27,r01,ghz_star,12,3,33,34,11,3.090909090909091
cairo_heavy_hex_27,r01,ghz_star,12,3,44,27,11,2.4545454545454546
cairo_heavy_hex_27,r01,ghz_star,12,3,55,23,11,2.090909090909091
cairo_heavy_hex_27,r01,ghz_star,16,0,11,91,15,6.066666666666666
cairo_heavy_hex_27,r01,ghz_star,16,0,22,105,15,7.0
cairo_heavy_hex_27,r01,ghz_star,16,0,33,112,15,7.466666666666667
cairo_heavy_hex_27,r01,ghz_star,16,0,44,91,15,6.066666666666666
cairo_heavy_hex_27,r01,ghz_star,16,0,55,102,15,6.8
cairo_heavy_hex_27,r01,ghz_star,16,1,11,53,15,3.533333333333333
cairo_heavy_hex_27,r01,ghz_star,16,1,22,46,15,3.066666666666667
cairo_heavy_hex_27,r01,ghz_star,16,1,33,46,15,3.066666666666667
cairo_heavy_hex_27,r01,ghz_star,16,1,44,46,15,3.066666666666667
cairo_heavy_hex_27,r01,ghz_star,16,1,55,53,15,3.533333333333333
cairo_heavy_hex_27,r01,ghz_star,16,3,11,48,15,3.2
cairo_heavy_hex_27,r01,ghz_star,16,3,22,41,15,2.7333333333333334
cairo_heavy_hex_27,r01,ghz_star,16,3,33,42,15,2.8
cairo_heavy_hex_27,r01,ghz_star,16,3,44,41,15,2.7333333333333334
cairo_heavy_hex_27,r01,ghz_star,16,3,55,43,15,2.8666666666666667
cairo_heavy_hex_27,r01,ghz_star,20,0,11,131,19,6.894736842105263
cairo_heavy_hex_27,r01,ghz_star,20,0,22,139,19,7.315789473684211
cairo_heavy_hex_27,r01,ghz_star,20,0,33,139,19,7.315789473684211
cairo_heavy_hex_27,r01,ghz_star,20,0,44,129,19,6.7894736842105265
cairo_heavy_hex_27,r01,ghz_star,20,0,55,126,19,6.631578947368421
cairo_heavy_hex_27,r01,ghz_star,20,1,11,78,19,4.105263157894737
cairo_heavy_hex_27,r01,ghz_star,20,1,22,73,19,3.8421052631578947
cairo_heavy_hex_27,r01,ghz_star,20,1,33,78,19,4.105263157894737
cairo_heavy_hex_27,r01,ghz_star,20,1,44,75,19,3.9473684210526314
cairo_heavy_hex_27,r01,ghz_star,20,1,55,78,19,4.105263157894737
cairo_heavy_hex_27,r01,ghz_star,20,3,11,71,19,3.736842105263158
cairo_heavy_hex_27,r01,ghz_star,20,3,22,64,19,3.3684210526315788
cairo_heavy_hex_27,r01,ghz_star,20,3,33,56,19,2.9473684210526314
cairo_heavy_hex_27,r01,ghz_star,20,3,44,65,19,3.4210526315789473
cairo_heavy_hex_27,r01,ghz_star,20,3,55,61,19,3.210526315789474
cairo_heavy_hex_27,r01,ghz_star,24,0,11,165,23,7.173913043478261
cairo_heavy_hex_27,r01,ghz_star,24,0,22,155,23,6.739130434782608
cairo_heavy_hex_27,r01,ghz_star,24,0,33,158,23,6.869565217391305
cairo_heavy_hex_27,r01,ghz_star,24,0,44,169,23,7.3478260869565215
cairo_heavy_hex_27,r01,ghz_star,24,0,55,164,23,7.130434782608695
cairo_heavy_hex_27,r01,ghz_star,24,1,11,91,23,3.9565217391304346
cairo_heavy_hex_27,r01,ghz_star,24,1,22,87,23,3.782608695652174
cairo_heavy_hex_27,r01,ghz_star,24,1,33,87,23,3.782608695652174
cairo_heavy_hex_27,r01,ghz_star,24,1,44,91,23,3.9565217391304346
cairo_heavy_hex_27,r01,ghz_star,24,1,55,87,23,3.782608695652174
cairo_heavy_hex_27,r01,ghz_star,24,3,11,79,23,3.4347826086956523
cairo_heavy_hex_27,r01,ghz_star,24,3,22,79,23,3.4347826086956523
cairo_heavy_hex_27,r01,ghz_star,24,3,33,73,23,3.1739130434782608
cairo_heavy_hex_27,r01,ghz_star,24,3,44,79,23,3.4347826086956523
cairo_heavy_hex_27,r01,ghz_star,24,3,55,79,23,3.4347826086956523
cairo_heavy_hex_27,r01,efficient_su2,4,0,11,50,8,6.25
cairo_heavy_hex_27,r01,efficient_su2,4,0,22,41,8,5.125
cairo_heavy_hex_27,r01,efficient_su2,4,0,33,43,8,5.375
cairo_heavy_hex_27,r01,efficient_su2,4,0,44,44,8,5.5
cairo_heavy_hex_27,r01,efficient_su2,4,0,55,43,8,5.375
cairo_heavy_hex_27,r01,efficient_su2,4,1,11,17,8,2.125
cairo_heavy_hex_27,r01,efficient_su2,4,1,22,17,8,2.125
cairo_heavy_hex_27,r01,efficient_su2,4,1,33,17,8,2.125
cairo_heavy_hex_27,r01,efficient_su2,4,1,44,17,8,2.125
cairo_heavy_hex_27,r01,efficient_su2,4,1,55,17,8,2.125
cairo_heavy_hex_27,r01,efficient_su2,4,3,11,17,8,2.125
cairo_heavy_hex_27,r01,efficient_su2,4,3,22,17,8,2.125
cairo_heavy_hex_27,r01,efficient_su2,4,3,33,17,8,2.125
cairo_heavy_hex_27,r01,efficient_su2,4,3,44,17,8,2.125
cairo_heavy_hex_27,r01,efficient_su2,4,3,55,17,8,2.125
cairo_heavy_hex_27,r01,efficient_su2,8,0,11,73,16,4.5625
cairo_heavy_hex_27,r01,efficient_su2,8,0,22,76,16,4.75
cairo_heavy_hex_27,r01,efficient_su2,8,0,33,67,16,4.1875
cairo_heavy_hex_27,r01,efficient_su2,8,0,44,73,16,4.5625
cairo_heavy_hex_27,r01,efficient_su2,8,0,55,64,16,4.0
cairo_heavy_hex_27,r01,efficient_su2,8,1,11,44,16,2.75
cairo_heavy_hex_27,r01,efficient_su2,8,1,22,40,16,2.5
cairo_heavy_hex_27,r01,efficient_su2,8,1,33,44,16,2.75
cairo_heavy_hex_27,r01,efficient_su2,8,1,44,44,16,2.75
cairo_heavy_hex_27,r01,efficient_su2,8,1,55,40,16,2.5
cairo_heavy_hex_27,r01,efficient_su2,8,3,11,40,16,2.5
cairo_heavy_hex_27,r01,efficient_su2,8,3,22,40,16,2.5
cairo_heavy_hex_27,r01,efficient_su2,8,3,33,40,16,2.5
cairo_heavy_hex_27,r01,efficient_su2,8,3,44,40,16,2.5
cairo_heavy_hex_27,r01,efficient_su2,8,3,55,40,16,2.5
cairo_heavy_hex_27,r01,efficient_su2,12,0,11,131,24,5.458333333333333
cairo_heavy_hex_27,r01,efficient_su2,12,0,22,114,24,4.75
cairo_heavy_hex_27,r01,efficient_su2,12,0,33,137,24,5.708333333333333
cairo_heavy_hex_27,r01,efficient_su2,12,0,44,105,24,4.375
cairo_heavy_hex_27,r01,efficient_su2,12,0,55,92,24,3.8333333333333335
cairo_heavy_hex_27,r01,efficient_su2,12,1,11,24,24,1.0
cairo_heavy_hex_27,r01,efficient_su2,12,1,22,24,24,1.0
cairo_heavy_hex_27,r01,efficient_su2,12,1,33,24,24,1.0
cairo_heavy_hex_27,r01,efficient_su2,12,1,44,24,24,1.0
cairo_heavy_hex_27,r01,efficient_su2,12,1,55,24,24,1.0
cairo_heavy_hex_27,r01,efficient_su2,12,3,11,24,24,1.0
cairo_heavy_hex_27,r01,efficient_su2,12,3,22,24,24,1.0
cairo_heavy_hex_27,r01,efficient_su2,12,3,33,24,24,1.0
cairo_heavy_hex_27,r01,efficient_su2,12,3,44,24,24,1.0
cairo_heavy_hex_27,r01,efficient_su2,12,3,55,24,24,1.0
cairo_heavy_hex_27,r01,efficient_su2,16,0,11,195,32,6.09375
cairo_heavy_hex_27,r01,efficient_su2,16,0,22,201,32,6.28125
cairo_heavy_hex_27,r01,efficient_su2,16,0,33,177,32,5.53125
cairo_heavy_hex_27,r01,efficient_su2,16,0,44,167,32,5.21875
cairo_heavy_hex_27,r01,efficient_su2,16,0,55,209,32,6.53125
cairo_heavy_hex_27,r01,efficient_su2,16,1,11,92,32,2.875
cairo_heavy_hex_27,r01,efficient_su2,16,1,22,68,32,2.125
cairo_heavy_hex_27,r01,efficient_su2,16,1,33,102,32,3.1875
cairo_heavy_hex_27,r01,efficient_su2,16,1,44,65,32,2.03125
cairo_heavy_hex_27,r01,efficient_su2,16,1,55,68,32,2.125
cairo_heavy_hex_27,r01,efficient_su2,16,3,11,72,32,2.25
cairo_heavy_hex_27,r01,efficient_su2,16,3,22,64,32,2.0
cairo_heavy_hex_27,r01,efficient_su2,16,3,33,77,32,2.40625
cairo_heavy_hex_27,r01,efficient_su2,16,3,44,56,32,1.75
cairo_heavy_hex_27,r01,efficient_su2,16,3,55,64,32,2.0
cairo_heavy_hex_27,r01,efficient_su2,20,0,11,214,40,5.35
cairo_heavy_hex_27,r01,efficient_su2,20,0,22,247,40,6.175
cairo_heavy_hex_27,r01,efficient_su2,20,0,33,245,40,6.125
cairo_heavy_hex_27,r01,efficient_su2,20,0,44,220,40,5.5
cairo_heavy_hex_27,r01,efficient_su2,20,0,55,196,40,4.9
cairo_heavy_hex_27,r01,efficient_su2,20,1,11,40,40,1.0
cairo_heavy_hex_27,r01,efficient_su2,20,1,22,40,40,1.0
cairo_heavy_hex_27,r01,efficient_su2,20,1,33,40,40,1.0
cairo_heavy_hex_27,r01,efficient_su2,20,1,44,40,40,1.0
cairo_heavy_hex_27,r01,efficient_su2,20,1,55,40,40,1.0
cairo_heavy_hex_27,r01,efficient_su2,20,3,11,40,40,1.0
cairo_heavy_hex_27,r01,efficient_su2,20,3,22,40,40,1.0
cairo_heavy_hex_27,r01,efficient_su2,20,3,33,40,40,1.0
cairo_heavy_hex_27,r01,efficient_su2,20,3,44,40,40,1.0
cairo_heavy_hex_27,r01,efficient_su2,20,3,55,40,40,1.0
cairo_heavy_hex_27,r01,efficient_su2,24,0,11,276,48,5.75
cairo_heavy_hex_27,r01,efficient_su2,24,0,22,282,48,5.875
cairo_heavy_hex_27,r01,efficient_su2,24,0,33,286,48,5.958333333333333
cairo_heavy_hex_27,r01,efficient_su2,24,0,44,261,48,5.4375
cairo_heavy_hex_27,r01,efficient_su2,24,0,55,254,48,5.291666666666667
cairo_heavy_hex_27,r01,efficient_su2,24,1,11,135,48,2.8125
cairo_heavy_hex_27,r01,efficient_su2,24,1,22,100,48,2.0833333333333335
cairo_heavy_hex_27,r01,efficient_su2,24,1,33,153,48,3.1875
cairo_heavy_hex_27,r01,efficient_su2,24,1,44,153,48,3.1875
cairo_heavy_hex_27,r01,efficient_su2,24,1,55,129,48,2.6875
cairo_heavy_hex_27,r01,efficient_su2,24,3,11,102,48,2.125
cairo_heavy_hex_27,r01,efficient_su2,24,3,22,56,48,1.1666666666666667
cairo_heavy_hex_27,r01,efficient_su2,24,3,33,111,48,2.3125
cairo_heavy_hex_27,r01,efficient_su2,24,3,44,93,48,1.9375
cairo_heavy_hex_27,r01,efficient_su2,24,3,55,113,48,2.3541666666666665
cairo_heavy_hex_27,r02,qft,4,0,11,31,10,3.1
cairo_heavy_hex_27,r02,qft,4,0,22,39,10,3.9
cairo_heavy_hex_27,r02,qft,4,0,33,31,10,3.1
cairo_heavy_hex_27,r02,qft,4,0,44,37,10,3.7
cairo_heavy_hex_27,r02,qft,4,0,55,34,10,3.4
cairo_heavy_hex_27,r02,qft,4,1,11,18,10,1.8
cairo_heavy_hex_27,r02,qft,4,1,22,18,10,1.8
cairo_heavy_hex_27,r02,qft,4,1,33,18,10,1.8
cairo_heavy_hex_27,r02,qft,4,1,44,18,10,1.8
cairo_heavy_hex_27,r02,qft,4,1,55,18,10,1.8
cairo_heavy_hex_27,r02,qft,4,3,11,18,10,1.8
cairo_heavy_hex_27,r02,qft,4,3,22,18,10,1.8
cairo_heavy_hex_27,r02,qft,4,3,33,18,10,1.8
cairo_heavy_hex_27,r02,qft,4,3,44,18,10,1.8
cairo_heavy_hex_27,r02,qft,4,3,55,18,10,1.8
cairo_heavy_hex_27,r02,qft,8,0,11,121,26,4.653846153846154
cairo_heavy_hex_27,r02,qft,8,0,22,125,26,4.8076923076923075
cairo_heavy_hex_27,r02,qft,8,0,33,108,26,4.153846153846154
cairo_heavy_hex_27,r02,qft,8,0,44,127,26,4.884615384615385
cairo_heavy_hex_27,r02,qft,8,0,55,125,26,4.8076923076923075
cairo_heavy_hex_27,r02,qft,8,1,11,80,26,3.076923076923077
cairo_heavy_hex_27,r02,qft,8,1,22,66,26,2.5384615384615383
cairo_heavy_hex_27,r02,qft,8,1,33,63,26,2.423076923076923
cairo_heavy_hex_27,r02,qft,8,1,44,74,26,2.8461538461538463
cairo_heavy_hex_27,r02,qft,8,1,55,72,26,2.769230769230769
cairo_heavy_hex_27,r02,qft,8,3,11,63,26,2.423076923076923
cairo_heavy_hex_27,r02,qft,8,3,22,58,26,2.230769230769231
cairo_heavy_hex_27,r02,qft,8,3,33,52,26,2.0
cairo_heavy_hex_27,r02,qft,8,3,44,58,26,2.230769230769231
cairo_heavy_hex_27,r02,qft,8,3,55,58,26,2.230769230769231
cairo_heavy_hex_27,r02,qft,12,0,11,218,42,5.190476190476191
cairo_heavy_hex_27,r02,qft,12,0,22,200,42,4.761904761904762
cairo_heavy_hex_27,r02,qft,12,0,33,231,42,5.5
cairo_heavy_hex_27,r02,qft,12,0,44,198,42,4.714285714285714
cairo_heavy_hex_27,r02,qft,12,0,55,208,42,4.9523809523809526
cairo_heavy_hex_27,r02,qft,12,1,11,154,42,3.6666666666666665
cairo_heavy_hex_27,r02,qft,12,1,22,128,42,3.0476190476190474
cairo_heavy_hex_27,r02,qft,12,1,33,162,42,3.857142857142857
cairo_heavy_hex_27,r02,qft,12,1,44,151,42,3.5952380952380953
cairo_heavy_hex_27,r02,qft,12,1,55,163,42,3.880952380952381
cairo_heavy_hex_27,r02,qft,12,3,11,111,42,2.642857142857143
cairo_heavy_hex_27,r02,qft,12,3,22,107,42,2.5476190476190474
cairo_heavy_hex_27,r02,qft,12,3,33,127,42,3.0238095238095237
cairo_heavy_hex_27,r02,qft,12,3,44,121,42,2.880952380952381
cairo_heavy_hex_27,r02,qft,12,3,55,117,42,2.7857142857142856
cairo_heavy_hex_27,r02,qft,16,0,11,358,58,6.172413793103448
cairo_heavy_hex_27,r02,qft,16,0,22,308,58,5.310344827586207
cairo_heavy_hex_27,r02,qft,16,0,33,342,58,5.896551724137931
cairo_heavy_hex_27,r02,qft,16,0,44,316,58,5.448275862068965
cairo_heavy_hex_27,r02,qft,16,0,55,297,58,5.120689655172414
cairo_heavy_hex_27,r02,qft,16,1,11,251,58,4.327586206896552
cairo_heavy_hex_27,r02,qft,16,1,22,223,58,3.8448275862068964
cairo_heavy_hex_27,r02,qft,16,1,33,210,58,3.6206896551724137
cairo_heavy_hex_27,r02,qft,16,1,44,224,58,3.8620689655172415
cairo_heavy_hex_27,r02,qft,16,1,55,169,58,2.913793103448276
cairo_heavy_hex_27,r02,qft,16,3,11,162,58,2.793103448275862
cairo_heavy_hex_27,r02,qft,16,3,22,156,58,2.689655172413793
cairo_heavy_hex_27,r02,qft,16,3,33,157,58,2.706896551724138
cairo_heavy_hex_27,r02,qft,16,3,44,149,58,2.5689655172413794
cairo_heavy_hex_27,r02,qft,16,3,55,208,58,3.586206896551724
cairo_heavy_hex_27,r02,qft,20,0,11,493,74,6.662162162162162
cairo_heavy_hex_27,r02,qft,20,0,22,459,74,6.202702702702703
cairo_heavy_hex_27,r02,qft,20,0,33,452,74,6.108108108108108
cairo_heavy_hex_27,r02,qft,20,0,44,386,74,5.216216216216216
cairo_heavy_hex_27,r02,qft,20,0,55,450,74,6.081081081081081
cairo_heavy_hex_27,r02,qft,20,1,11,221,74,2.9864864864864864
cairo_heavy_hex_27,r02,qft,20,1,22,307,74,4.148648648648648
cairo_heavy_hex_27,r02,qft,20,1,33,222,74,3.0
cairo_heavy_hex_27,r02,qft,20,1,44,310,74,4.1891891891891895
cairo_heavy_hex_27,r02,qft,20,1,55,247,74,3.3378378378378377
cairo_heavy_hex_27,r02,qft,20,3,11,229,74,3.0945945945945947
cairo_heavy_hex_27,r02,qft,20,3,22,277,74,3.7432432432432434
cairo_heavy_hex_27,r02,qft,20,3,33,158,74,2.135135135135135
cairo_heavy_hex_27,r02,qft,20,3,44,147,74,1.9864864864864864
cairo_heavy_hex_27,r02,qft,20,3,55,201,74,2.7162162162162162
cairo_heavy_hex_27,r02,qft,24,0,11,573,90,6.366666666666666
cairo_heavy_hex_27,r02,qft,24,0,22,726,90,8.066666666666666
cairo_heavy_hex_27,r02,qft,24,0,33,597,90,6.633333333333334
cairo_heavy_hex_27,r02,qft,24,0,44,699,90,7.766666666666667
cairo_heavy_hex_27,r02,qft,24,0,55,590,90,6.555555555555555
cairo_heavy_hex_27,r02,qft,24,1,11,398,90,4.4222222222222225
cairo_heavy_hex_27,r02,qft,24,1,22,355,90,3.9444444444444446
cairo_heavy_hex_27,r02,qft,24,1,33,392,90,4.355555555555555
cairo_heavy_hex_27,r02,qft,24,1,44,370,90,4.111111111111111
cairo_heavy_hex_27,r02,qft,24,1,55,355,90,3.9444444444444446
cairo_heavy_hex_27,r02,qft,24,3,11,240,90,2.6666666666666665
cairo_heavy_hex_27,r02,qft,24,3,22,237,90,2.6333333333333333
cairo_heavy_hex_27,r02,qft,24,3,33,198,90,2.2
cairo_heavy_hex_27,r02,qft,24,3,44,230,90,2.5555555555555554
cairo_heavy_hex_27,r02,qft,24,3,55,246,90,2.7333333333333334
cairo_heavy_hex_27,r02,ghz_chain,4,0,11,20,3,6.666666666666667
cairo_heavy_hex_27,r02,ghz_chain,4,0,22,17,3,5.666666666666667
cairo_heavy_hex_27,r02,ghz_chain,4,0,33,18,3,6.0
cairo_heavy_hex_27,r02,ghz_chain,4,0,44,20,3,6.666666666666667
cairo_heavy_hex_27,r02,ghz_chain,4,0,55,20,3,6.666666666666667
cairo_heavy_hex_27,r02,ghz_chain,4,1,11,3,3,1.0
cairo_heavy_hex_27,r02,ghz_chain,4,1,22,3,3,1.0
cairo_heavy_hex_27,r02,ghz_chain,4,1,33,3,3,1.0
cairo_heavy_hex_27,r02,ghz_chain,4,1,44,3,3,1.0
cairo_heavy_hex_27,r02,ghz_chain,4,1,55,3,3,1.0
cairo_heavy_hex_27,r02,ghz_chain,4,3,11,3,3,1.0
cairo_heavy_hex_27,r02,ghz_chain,4,3,22,3,3,1.0
cairo_heavy_hex_27,r02,ghz_chain,4,3,33,3,3,1.0
cairo_heavy_hex_27,r02,ghz_chain,4,3,44,3,3,1.0
cairo_heavy_hex_27,r02,ghz_chain,4,3,55,3,3,1.0
cairo_heavy_hex_27,r02,ghz_chain,8,0,11,34,7,4.857142857142857
cairo_heavy_hex_27,r02,ghz_chain,8,0,22,39,7,5.571428571428571
cairo_heavy_hex_27,r02,ghz_chain,8,0,33,34,7,4.857142857142857
cairo_heavy_hex_27,r02,ghz_chain,8,0,44,37,7,5.285714285714286
cairo_heavy_hex_27,r02,ghz_chain,8,0,55,39,7,5.571428571428571
cairo_heavy_hex_27,r02,ghz_chain,8,1,11,7,7,1.0
cairo_heavy_hex_27,r02,ghz_chain,8,1,22,7,7,1.0
cairo_heavy_hex_27,r02,ghz_chain,8,1,33,7,7,1.0
cairo_heavy_hex_27,r02,ghz_chain,8,1,44,7,7,1.0
cairo_heavy_hex_27,r02,ghz_chain,8,1,55,7,7,1.0
cairo_heavy_hex_27,r02,ghz_chain,8,3,11,7,7,1.0
cairo_heavy_hex_27,r02,ghz_chain,8,3,22,7,7,1.0
cairo_heavy_hex_27,r02,ghz_chain,8,3,33,7,7,1.0
cairo_heavy_hex_27,r02,ghz_chain,8,3,44,7,7,1.0
cairo_heavy_hex_27,r02,ghz_chain,8,3,55,7,7,1.0
cairo_heavy_hex_27,r02,ghz_chain,12,0,11,66,11,6.0
cairo_heavy_hex_27,r02,ghz_chain,12,0,22,55,11,5.0
cairo_heavy_hex_27,r02,ghz_chain,12,0,33,53,11,4.818181818181818
cairo_heavy_hex_27,r02,ghz_chain,12,0,44,62,11,5.636363636363637
cairo_heavy_hex_27,r02,ghz_chain,12,0,55,55,11,5.0
cairo_heavy_hex_27,r02,ghz_chain,12,1,11,11,11,1.0
cairo_heavy_hex_27,r02,ghz_chain,12,1,22,11,11,1.0
cairo_heavy_hex_27,r02,ghz_chain,12,1,33,11,11,1.0
cairo_heavy_hex_27,r02,ghz_chain,12,1,44,11,11,1.0
cairo_heavy_hex_27,r02,ghz_chain,12,1,55,11,11,1.0
cairo_heavy_hex_27,r02,ghz_chain,12,3,11,11,11,1.0
cairo_heavy_hex_27,r02,ghz_chain,12,3,22,11,11,1.0
cairo_heavy_hex_27,r02,ghz_chain,12,3,33,11,11,1.0
cairo_heavy_hex_27,r02,ghz_chain,12,3,44,11,11,1.0
cairo_heavy_hex_27,r02,ghz_chain,12,3,55,11,11,1.0
cairo_heavy_hex_27,r02,ghz_chain,16,0,11,72,15,4.8
cairo_heavy_hex_27,r02,ghz_chain,16,0,22,80,15,5.333333333333333
cairo_heavy_hex_27,r02,ghz_chain,16,0,33,102,15,6.8
cairo_heavy_hex_27,r02,ghz_chain,16,0,44,81,15,5.4
cairo_heavy_hex_27,r02,ghz_chain,16,0,55,80,15,5.333333333333333
cairo_heavy_hex_27,r02,ghz_chain,16,1,11,15,15,1.0
cairo_heavy_hex_27,r02,ghz_chain,16,1,22,15,15,1.0
cairo_heavy_hex_27,r02,ghz_chain,16,1,33,15,15,1.0
cairo_heavy_hex_27,r02,ghz_chain,16,1,44,15,15,1.0
cairo_heavy_hex_27,r02,ghz_chain,16,1,55,15,15,1.0
cairo_heavy_hex_27,r02,ghz_chain,16,3,11,15,15,1.0
cairo_heavy_hex_27,r02,ghz_chain,16,3,22,15,15,1.0
cairo_heavy_hex_27,r02,ghz_chain,16,3,33,15,15,1.0
cairo_heavy_hex_27,r02,ghz_chain,16,3,44,15,15,1.0
cairo_heavy_hex_27,r02,ghz_chain,16,3,55,15,15,1.0
cairo_heavy_hex_27,r02,ghz_chain,20,0,11,94,19,4.947368421052632
cairo_heavy_hex_27,r02,ghz_chain,20,0,22,108,19,5.684210526315789
cairo_heavy_hex_27,r02,ghz_chain,20,0,33,136,19,7.157894736842105
cairo_heavy_hex_27,r02,ghz_chain,20,0,44,105,19,5.526315789473684
cairo_heavy_hex_27,r02,ghz_chain,20,0,55,102,19,5.368421052631579
cairo_heavy_hex_27,r02,ghz_chain,20,1,11,19,19,1.0
cairo_heavy_hex_27,r02,ghz_chain,20,1,22,19,19,1.0
cairo_heavy_hex_27,r02,ghz_chain,20,1,33,19,19,1.0
cairo_heavy_hex_27,r02,ghz_chain,20,1,44,19,19,1.0
cairo_heavy_hex_27,r02,ghz_chain,20,1,55,19,19,1.0
cairo_heavy_hex_27,r02,ghz_chain,20,3,11,19,19,1.0
cairo_heavy_hex_27,r02,ghz_chain,20,3,22,19,19,1.0
cairo_heavy_hex_27,r02,ghz_chain,20,3,33,19,19,1.0
cairo_heavy_hex_27,r02,ghz_chain,20,3,44,19,19,1.0
cairo_heavy_hex_27,r02,ghz_chain,20,3,55,19,19,1.0
cairo_heavy_hex_27,r02,ghz_chain,24,0,11,135,23,5.869565217391305
cairo_heavy_hex_27,r02,ghz_chain,24,0,22,164,23,7.130434782608695
cairo_heavy_hex_27,r02,ghz_chain,24,0,33,165,23,7.173913043478261
cairo_heavy_hex_27,r02,ghz_chain,24,0,44,145,23,6.304347826086956
cairo_heavy_hex_27,r02,ghz_chain,24,0,55,145,23,6.304347826086956
cairo_heavy_hex_27,r02,ghz_chain,24,1,11,69,23,3.0
cairo_heavy_hex_27,r02,ghz_chain,24,1,22,78,23,3.391304347826087
cairo_heavy_hex_27,r02,ghz_chain,24,1,33,74,23,3.217391304347826
cairo_heavy_hex_27,r02,ghz_chain,24,1,44,78,23,3.391304347826087
cairo_heavy_hex_27,r02,ghz_chain,24,1,55,71,23,3.0869565217391304
cairo_heavy_hex_27,r02,ghz_chain,24,3,11,61,23,2.652173913043478
cairo_heavy_hex_27,r02,ghz_chain,24,3,22,39,23,1.6956521739130435
cairo_heavy_hex_27,r02,ghz_chain,24,3,33,61,23,2.652173913043478
cairo_heavy_hex_27,r02,ghz_chain,24,3,44,70,23,3.0434782608695654
cairo_heavy_hex_27,r02,ghz_chain,24,3,55,52,23,2.260869565217391
cairo_heavy_hex_27,r02,ghz_star,4,0,11,27,3,9.0
cairo_heavy_hex_27,r02,ghz_star,4,0,22,21,3,7.0
cairo_heavy_hex_27,r02,ghz_star,4,0,33,17,3,5.666666666666667
cairo_heavy_hex_27,r02,ghz_star,4,0,44,18,3,6.0
cairo_heavy_hex_27,r02,ghz_star,4,0,55,14,3,4.666666666666667
cairo_heavy_hex_27,r02,ghz_star,4,1,11,3,3,1.0
cairo_heavy_hex_27,r02,ghz_star,4,1,22,3,3,1.0
cairo_heavy_hex_27,r02,ghz_star,4,1,33,3,3,1.0
cairo_heavy_hex_27,r02,ghz_star,4,1,44,3,3,1.0
cairo_heavy_hex_27,r02,ghz_star,4,1,55,3,3,1.0
cairo_heavy_hex_27,r02,ghz_star,4,3,11,3,3,1.0
cairo_heavy_hex_27,r02,ghz_star,4,3,22,3,3,1.0
cairo_heavy_hex_27,r02,ghz_star,4,3,33,3,3,1.0
cairo_heavy_hex_27,r02,ghz_star,4,3,44,3,3,1.0
cairo_heavy_hex_27,r02,ghz_star,4,3,55,3,3,1.0
cairo_heavy_hex_27,r02,ghz_star,8,0,11,42,7,6.0
cairo_heavy_hex_27,r02,ghz_star,8,0,22,43,7,6.142857142857143
cairo_heavy_hex_27,r02,ghz_star,8,0,33,40,7,5.714285714285714
cairo_heavy_hex_27,r02,ghz_star,8,0,44,46,7,6.571428571428571
cairo_heavy_hex_27,r02,ghz_star,8,0,55,39,7,5.571428571428571
cairo_heavy_hex_27,r02,ghz_star,8,1,11,18,7,2.5714285714285716
cairo_heavy_hex_27,r02,ghz_star,8,1,22,16,7,2.2857142857142856
cairo_heavy_hex_27,r02,ghz_star,8,1,33,15,7,2.142857142857143
cairo_heavy_hex_27,r02,ghz_star,8,1,44,16,7,2.2857142857142856
cairo_heavy_hex_27,r02,ghz_star,8,1,55,18,7,2.5714285714285716
cairo_heavy_hex_27,r02,ghz_star,8,3,11,12,7,1.7142857142857142
cairo_heavy_hex_27,r02,ghz_star,8,3,22,12,7,1.7142857142857142
cairo_heavy_hex_27,r02,ghz_star,8,3,33,12,7,1.7142857142857142
cairo_heavy_hex_27,r02,ghz_star,8,3,44,12,7,1.7142857142857142
cairo_heavy_hex_27,r02,ghz_star,8,3,55,12,7,1.7142857142857142
cairo_heavy_hex_27,r02,ghz_star,12,0,11,77,11,7.0
cairo_heavy_hex_27,r02,ghz_star,12,0,22,71,11,6.454545454545454
cairo_heavy_hex_27,r02,ghz_star,12,0,33,68,11,6.181818181818182
cairo_heavy_hex_27,r02,ghz_star,12,0,44,71,11,6.454545454545454
cairo_heavy_hex_27,r02,ghz_star,12,0,55,54,11,4.909090909090909
cairo_heavy_hex_27,r02,ghz_star,12,1,11,28,11,2.5454545454545454
cairo_heavy_hex_27,r02,ghz_star,12,1,22,33,11,3.0
cairo_heavy_hex_27,r02,ghz_star,12,1,33,33,11,3.0
cairo_heavy_hex_27,r02,ghz_star,12,1,44,36,11,3.272727272727273
cairo_heavy_hex_27,r02,ghz_star,12,1,55,36,11,3.272727272727273
cairo_heavy_hex_27,r02,ghz_star,12,3,11,24,11,2.1818181818181817
cairo_heavy_hex_27,r02,ghz_star,12,3,22,27,11,2.4545454545454546
cairo_heavy_hex_27,r02,ghz_star,12,3,33,27,11,2.4545454545454546
cairo_heavy_hex_27,r02,ghz_star,12,3,44,30,11,2.727272727272727
cairo_heavy_hex_27,r02,ghz_star,12,3,55,28,11,2.5454545454545454
cairo_heavy_hex_27,r02,ghz_star,16,0,11,99,15,6.6
cairo_heavy_hex_27,r02,ghz_star,16,0,22,90,15,6.0
cairo_heavy_hex_27,r02,ghz_star,16,0,33,96,15,6.4
cairo_heavy_hex_27,r02,ghz_star,16,0,44,85,15,5.666666666666667
cairo_heavy_hex_27,r02,ghz_star,16,0,55,97,15,6.466666666666667
cairo_heavy_hex_27,r02,ghz_star,16,1,11,53,15,3.533333333333333
cairo_heavy_hex_27,r02,ghz_star,16,1,22,50,15,3.3333333333333335
cairo_heavy_hex_27,r02,ghz_star,16,1,33,54,15,3.6
cairo_heavy_hex_27,r02,ghz_star,16,1,44,57,15,3.8
cairo_heavy_hex_27,r02,ghz_star,16,1,55,53,15,3.533333333333333
cairo_heavy_hex_27,r02,ghz_star,16,3,11,43,15,2.8666666666666667
cairo_heavy_hex_27,r02,ghz_star,16,3,22,43,15,2.8666666666666667
cairo_heavy_hex_27,r02,ghz_star,16,3,33,45,15,3.0
cairo_heavy_hex_27,r02,ghz_star,16,3,44,47,15,3.1333333333333333
cairo_heavy_hex_27,r02,ghz_star,16,3,55,44,15,2.933333333333333
cairo_heavy_hex_27,r02,ghz_star,20,0,11,140,19,7.368421052631579
cairo_heavy_hex_27,r02,ghz_star,20,0,22,139,19,7.315789473684211
cairo_heavy_hex_27,r02,ghz_star,20,0,33,131,19,6.894736842105263
cairo_heavy_hex_27,r02,ghz_star,20,0,44,132,19,6.947368421052632
cairo_heavy_hex_27,r02,ghz_star,20,0,55,122,19,6.421052631578948
cairo_heavy_hex_27,r02,ghz_star,20,1,11,72,19,3.789473684210526
cairo_heavy_hex_27,r02,ghz_star,20,1,22,74,19,3.8947368421052633
cairo_heavy_hex_27,r02,ghz_star,20,1,33,72,19,3.789473684210526
cairo_heavy_hex_27,r02,ghz_star,20,1,44,72,19,3.789473684210526
cairo_heavy_hex_27,r02,ghz_star,20,1,55,74,19,3.8947368421052633
cairo_heavy_hex_27,r02,ghz_star,20,3,11,52,19,2.736842105263158
cairo_heavy_hex_27,r02,ghz_star,20,3,22,62,19,3.263157894736842
cairo_heavy_hex_27,r02,ghz_star,20,3,33,64,19,3.3684210526315788
cairo_heavy_hex_27,r02,ghz_star,20,3,44,62,19,3.263157894736842
cairo_heavy_hex_27,r02,ghz_star,20,3,55,63,19,3.3157894736842106
cairo_heavy_hex_27,r02,ghz_star,24,0,11,165,23,7.173913043478261
cairo_heavy_hex_27,r02,ghz_star,24,0,22,148,23,6.434782608695652
cairo_heavy_hex_27,r02,ghz_star,24,0,33,164,23,7.130434782608695
cairo_heavy_hex_27,r02,ghz_star,24,0,44,154,23,6.695652173913044
cairo_heavy_hex_27,r02,ghz_star,24,0,55,153,23,6.6521739130434785
cairo_heavy_hex_27,r02,ghz_star,24,1,11,103,23,4.478260869565218
cairo_heavy_hex_27,r02,ghz_star,24,1,22,103,23,4.478260869565218
cairo_heavy_hex_27,r02,ghz_star,24,1,33,97,23,4.217391304347826
cairo_heavy_hex_27,r02,ghz_star,24,1,44,89,23,3.869565217391304
cairo_heavy_hex_27,r02,ghz_star,24,1,55,93,23,4.043478260869565
cairo_heavy_hex_27,r02,ghz_star,24,3,11,84,23,3.652173913043478
cairo_heavy_hex_27,r02,ghz_star,24,3,22,81,23,3.5217391304347827
cairo_heavy_hex_27,r02,ghz_star,24,3,33,87,23,3.782608695652174
cairo_heavy_hex_27,r02,ghz_star,24,3,44,73,23,3.1739130434782608
cairo_heavy_hex_27,r02,ghz_star,24,3,55,72,23,3.130434782608696
cairo_heavy_hex_27,r02,efficient_su2,4,0,11,38,8,4.75
cairo_heavy_hex_27,r02,efficient_su2,4,0,22,32,8,4.0
cairo_heavy_hex_27,r02,efficient_su2,4,0,33,37,8,4.625
cairo_heavy_hex_27,r02,efficient_su2,4,0,44,43,8,5.375
cairo_heavy_hex_27,r02,efficient_su2,4,0,55,32,8,4.0
cairo_heavy_hex_27,r02,efficient_su2,4,1,11,17,8,2.125
cairo_heavy_hex_27,r02,efficient_su2,4,1,22,17,8,2.125
cairo_heavy_hex_27,r02,efficient_su2,4,1,33,17,8,2.125
cairo_heavy_hex_27,r02,efficient_su2,4,1,44,17,8,2.125
cairo_heavy_hex_27,r02,efficient_su2,4,1,55,17,8,2.125
cairo_heavy_hex_27,r02,efficient_su2,4,3,11,17,8,2.125
cairo_heavy_hex_27,r02,efficient_su2,4,3,22,17,8,2.125
cairo_heavy_hex_27,r02,efficient_su2,4,3,33,17,8,2.125
cairo_heavy_hex_27,r02,efficient_su2,4,3,44,17,8,2.125
cairo_heavy_hex_27,r02,efficient_su2,4,3,55,17,8,2.125
cairo_heavy_hex_27,r02,efficient_su2,8,0,11,91,16,5.6875
cairo_heavy_hex_27,r02,efficient_su2,8,0,22,77,16,4.8125
cairo_heavy_hex_27,r02,efficient_su2,8,0,33,98,16,6.125
cairo_heavy_hex_27,r02,efficient_su2,8,0,44,90,16,5.625
cairo_heavy_hex_27,r02,efficient_su2,8,0,55,86,16,5.375
cairo_heavy_hex_27,r02,efficient_su2,8,1,11,37,16,2.3125
cairo_heavy_hex_27,r02,efficient_su2,8,1,22,40,16,2.5
cairo_heavy_hex_27,r02,efficient_su2,8,1,33,37,16,2.3125
cairo_heavy_hex_27,r02,efficient_su2,8,1,44,40,16,2.5
cairo_heavy_hex_27,r02,efficient_su2,8,1,55,40,16,2.5
cairo_heavy_hex_27,r02,efficient_su2,8,3,11,40,16,2.5
cairo_heavy_hex_27,r02,efficient_su2,8,3,22,40,16,2.5
cairo_heavy_hex_27,r02,efficient_su2,8,3,33,40,16,2.5
cairo_heavy_hex_27,r02,efficient_su2,8,3,44,40,16,2.5
cairo_heavy_hex_27,r02,efficient_su2,8,3,55,40,16,2.5
cairo_heavy_hex_27,r02,efficient_su2,12,0,11,109,24,4.541666666666667
cairo_heavy_hex_27,r02,efficient_su2,12,0,22,123,24,5.125
cairo_heavy_hex_27,r02,efficient_su2,12,0,33,135,24,5.625
cairo_heavy_hex_27,r02,efficient_su2,12,0,44,127,24,5.291666666666667
cairo_heavy_hex_27,r02,efficient_su2,12,0,55,127,24,5.291666666666667
cairo_heavy_hex_27,r02,efficient_su2,12,1,11,24,24,1.0
cairo_heavy_hex_27,r02,efficient_su2,12,1,22,24,24,1.0
cairo_heavy_hex_27,r02,efficient_su2,12,1,33,24,24,1.0
cairo_heavy_hex_27,r02,efficient_su2,12,1,44,24,24,1.0
cairo_heavy_hex_27,r02,efficient_su2,12,1,55,24,24,1.0
cairo_heavy_hex_27,r02,efficient_su2,12,3,11,24,24,1.0
cairo_heavy_hex_27,r02,efficient_su2,12,3,22,24,24,1.0
cairo_heavy_hex_27,r02,efficient_su2,12,3,33,24,24,1.0
cairo_heavy_hex_27,r02,efficient_su2,12,3,44,24,24,1.0
cairo_heavy_hex_27,r02,efficient_su2,12,3,55,24,24,1.0
cairo_heavy_hex_27,r02,efficient_su2,16,0,11,157,32,4.90625
cairo_heavy_hex_27,r02,efficient_su2,16,0,22,191,32,5.96875
cairo_heavy_hex_27,r02,efficient_su2,16,0,33,185,32,5.78125
cairo_heavy_hex_27,r02,efficient_su2,16,0,44,161,32,5.03125
cairo_heavy_hex_27,r02,efficient_su2,16,0,55,199,32,6.21875
cairo_heavy_hex_27,r02,efficient_su2,16,1,11,104,32,3.25
cairo_heavy_hex_27,r02,efficient_su2,16,1,22,80,32,2.5
cairo_heavy_hex_27,r02,efficient_su2,16,1,33,75,32,2.34375
cairo_heavy_hex_27,r02,efficient_su2,16,1,44,104,32,3.25
cairo_heavy_hex_27,r02,efficient_su2,16,1,55,80,32,2.5
cairo_heavy_hex_27,r02,efficient_su2,16,3,11,66,32,2.0625
cairo_heavy_hex_27,r02,efficient_su2,16,3,22,80,32,2.5
cairo_heavy_hex_27,r02,efficient_su2,16,3,33,56,32,1.75
cairo_heavy_hex_27,r02,efficient_su2,16,3,44,85,32,2.65625
cairo_heavy_hex_27,r02,efficient_su2,16,3,55,53,32,1.65625
cairo_heavy_hex_27,r02,efficient_su2,20,0,11,243,40,6.075
cairo_heavy_hex_27,r02,efficient_su2,20,0,22,272,40,6.8
cairo_heavy_hex_27,r02,efficient_su2,20,0,33,252,40,6.3
cairo_heavy_hex_27,r02,efficient_su2,20,0,44,224,40,5.6
cairo_heavy_hex_27,r02,efficient_su2,20,0,55,223,40,5.575
cairo_heavy_hex_27,r02,efficient_su2,20,1,11,40,40,1.0
cairo_heavy_hex_27,r02,efficient_su2,20,1,22,40,40,1.0
cairo_heavy_hex_27,r02,efficient_su2,20,1,33,40,40,1.0
cairo_heavy_hex_27,r02,efficient_su2,20,1,44,40,40,1.0
cairo_heavy_hex_27,r02,efficient_su2,20,1,55,40,40,1.0
cairo_heavy_hex_27,r02,efficient_su2,20,3,11,40,40,1.0
cairo_heavy_hex_27,r02,efficient_su2,20,3,22,40,40,1.0
cairo_heavy_hex_27,r02,efficient_su2,20,3,33,40,40,1.0
cairo_heavy_hex_27,r02,efficient_su2,20,3,44,40,40,1.0
cairo_heavy_hex_27,r02,efficient_su2,20,3,55,40,40,1.0
cairo_heavy_hex_27,r02,efficient_su2,24,0,11,297,48,6.1875
cairo_heavy_hex_27,r02,efficient_su2,24,0,22,330,48,6.875
cairo_heavy_hex_27,r02,efficient_su2,24,0,33,298,48,6.208333333333333
cairo_heavy_hex_27,r02,efficient_su2,24,0,44,273,48,5.6875
cairo_heavy_hex_27,r02,efficient_su2,24,0,55,293,48,6.104166666666667
cairo_heavy_hex_27,r02,efficient_su2,24,1,11,144,48,3.0
cairo_heavy_hex_27,r02,efficient_su2,24,1,22,192,48,4.0
cairo_heavy_hex_27,r02,efficient_su2,24,1,33,159,48,3.3125
cairo_heavy_hex_27,r02,efficient_su2,24,1,44,213,48,4.4375
cairo_heavy_hex_27,r02,efficient_su2,24,1,55,172,48,3.5833333333333335
cairo_heavy_hex_27,r02,efficient_su2,24,3,11,108,48,2.25
cairo_heavy_hex_27,r02,efficient_su2,24,3,22,132,48,2.75
cairo_heavy_hex_27,r02,efficient_su2,24,3,33,128,48,2.6666666666666665
cairo_heavy_hex_27,r02,efficient_su2,24,3,44,160,48,3.3333333333333335
cairo_heavy_hex_27,r02,efficient_su2,24,3,55,110,48,2.2916666666666665
cairo_heavy_hex_27,r03,qft,4,0,11,38,10,3.8
cairo_heavy_hex_27,r03,qft,4,0,22,36,10,3.6
cairo_heavy_hex_27,r03,qft,4,0,33,39,10,3.9
cairo_heavy_hex_27,r03,qft,4,0,44,38,10,3.8
cairo_heavy_hex_27,r03,qft,4,0,55,40,10,4.0
cairo_heavy_hex_27,r03,qft,4,1,11,19,10,1.9
cairo_heavy_hex_27,r03,qft,4,1,22,19,10,1.9
cairo_heavy_hex_27,r03,qft,4,1,33,19,10,1.9
cairo_heavy_hex_27,r03,qft,4,1,44,19,10,1.9
cairo_heavy_hex_27,r03,qft,4,1,55,18,10,1.8
cairo_heavy_hex_27,r03,qft,4,3,11,18,10,1.8
cairo_heavy_hex_27,r03,qft,4,3,22,18,10,1.8
cairo_heavy_hex_27,r03,qft,4,3,33,18,10,1.8
cairo_heavy_hex_27,r03,qft,4,3,44,18,10,1.8
cairo_heavy_hex_27,r03,qft,4,3,55,18,10,1.8
cairo_heavy_hex_27,r03,qft,8,0,11,118,26,4.538461538461538
cairo_heavy_hex_27,r03,qft,8,0,22,110,26,4.230769230769231
cairo_heavy_hex_27,r03,qft,8,0,33,114,26,4.384615384615385
cairo_heavy_hex_27,r03,qft,8,0,44,117,26,4.5
cairo_heavy_hex_27,r03,qft,8,0,55,133,26,5.115384615384615
cairo_heavy_hex_27,r03,qft,8,1,11,69,26,2.6538461538461537
cairo_heavy_hex_27,r03,qft,8,1,22,64,26,2.4615384615384617
cairo_heavy_hex_27,r03,qft,8,1,33,78,26,3.0
cairo_heavy_hex_27,r03,qft,8,1,44,66,26,2.5384615384615383
cairo_heavy_hex_27,r03,qft,8,1,55,71,26,2.730769230769231
cairo_heavy_hex_27,r03,qft,8,3,11,58,26,2.230769230769231
cairo_heavy_hex_27,r03,qft,8,3,22,52,26,2.0
cairo_heavy_hex_27,r03,qft,8,3,33,59,26,2.269230769230769
cairo_heavy_hex_27,r03,qft,8,3,44,58,26,2.230769230769231
cairo_heavy_hex_27,r03,qft,8,3,55,60,26,2.3076923076923075
cairo_heavy_hex_27,r03,qft,12,0,11,251,42,5.976190476190476
cairo_heavy_hex_27,r03,qft,12,0,22,242,42,5.761904761904762
cairo_heavy_hex_27,r03,qft,12,0,33,218,42,5.190476190476191
cairo_heavy_hex_27,r03,qft,12,0,44,249,42,5.928571428571429
cairo_heavy_hex_27,r03,qft,12,0,55,256,42,6.095238095238095
cairo_heavy_hex_27,r03,qft,12,1,11,151,42,3.5952380952380953
cairo_heavy_hex_27,r03,qft,12,1,22,134,42,3.1904761904761907
cairo_heavy_hex_27,r03,qft,12,1,33,155,42,3.6904761904761907
cairo_heavy_hex_27,r03,qft,12,1,44,138,42,3.2857142857142856
cairo_heavy_hex_27,r03,qft,12,1,55,141,42,3.357142857142857
cairo_heavy_hex_27,r03,qft,12,3,11,137,42,3.261904761904762
cairo_heavy_hex_27,r03,qft,12,3,22,113,42,2.6904761904761907
cairo_heavy_hex_27,r03,qft,12,3,33,130,42,3.0952380952380953
cairo_heavy_hex_27,r03,qft,12,3,44,105,42,2.5
cairo_heavy_hex_27,r03,qft,12,3,55,125,42,2.9761904761904763
cairo_heavy_hex_27,r03,qft,16,0,11,385,58,6.637931034482759
cairo_heavy_hex_27,r03,qft,16,0,22,361,58,6.224137931034483
cairo_heavy_hex_27,r03,qft,16,0,33,399,58,6.879310344827586
cairo_heavy_hex_27,r03,qft,16,0,44,315,58,5.431034482758621
cairo_heavy_hex_27,r03,qft,16,0,55,369,58,6.362068965517241
cairo_heavy_hex_27,r03,qft,16,1,11,208,58,3.586206896551724
cairo_heavy_hex_27,r03,qft,16,1,22,173,58,2.9827586206896552
cairo_heavy_hex_27,r03,qft,16,1,33,212,58,3.6551724137931036
cairo_heavy_hex_27,r03,qft,16,1,44,168,58,2.896551724137931
cairo_heavy_hex_27,r03,qft,16,1,55,213,58,3.6724137931034484
cairo_heavy_hex_27,r03,qft,16,3,11,160,58,2.7586206896551726
cairo_heavy_hex_27,r03,qft,16,3,22,204,58,3.5172413793103448
cairo_heavy_hex_27,r03,qft,16,3,33,189,58,3.2586206896551726
cairo_heavy_hex_27,r03,qft,16,3,44,137,58,2.3620689655172415
cairo_heavy_hex_27,r03,qft,16,3,55,161,58,2.7758620689655173
cairo_heavy_hex_27,r03,qft,20,0,11,495,74,6.6891891891891895
cairo_heavy_hex_27,r03,qft,20,0,22,492,74,6.648648648648648
cairo_heavy_hex_27,r03,qft,20,0,33,505,74,6.824324324324325
cairo_heavy_hex_27,r03,qft,20,0,44,501,74,6.77027027027027
cairo_heavy_hex_27,r03,qft,20,0,55,524,74,7.081081081081081
cairo_heavy_hex_27,r03,qft,20,1,11,383,74,5.175675675675675
cairo_heavy_hex_27,r03,qft,20,1,22,238,74,3.2162162162162162
cairo_heavy_hex_27,r03,qft,20,1,33,245,74,3.310810810810811
cairo_heavy_hex_27,r03,qft,20,1,44,259,74,3.5
cairo_heavy_hex_27,r03,qft,20,1,55,226,74,3.054054054054054
cairo_heavy_hex_27,r03,qft,20,3,11,204,74,2.7567567567567566
cairo_heavy_hex_27,r03,qft,20,3,22,192,74,2.5945945945945947
cairo_heavy_hex_27,r03,qft,20,3,33,158,74,2.135135135135135
cairo_heavy_hex_27,r03,qft,20,3,44,202,74,2.72972972972973
cairo_heavy_hex_27,r03,qft,20,3,55,192,74,2.5945945945945947
cairo_heavy_hex_27,r03,qft,24,0,11,565,90,6.277777777777778
cairo_heavy_hex_27,r03,qft,24,0,22,704,90,7.822222222222222
cairo_heavy_hex_27,r03,qft,24,0,33,610,90,6.777777777777778
cairo_heavy_hex_27,r03,qft,24,0,44,619,90,6.877777777777778
cairo_heavy_hex_27,r03,qft,24,0,55,602,90,6.688888888888889
cairo_heavy_hex_27,r03,qft,24,1,11,366,90,4.066666666666666
cairo_heavy_hex_27,r03,qft,24,1,22,362,90,4.022222222222222
cairo_heavy_hex_27,r03,qft,24,1,33,323,90,3.588888888888889
cairo_heavy_hex_27,r03,qft,24,1,44,423,90,4.7
cairo_heavy_hex_27,r03,qft,24,1,55,382,90,4.2444444444444445
cairo_heavy_hex_27,r03,qft,24,3,11,240,90,2.6666666666666665
cairo_heavy_hex_27,r03,qft,24,3,22,296,90,3.2888888888888888
cairo_heavy_hex_27,r03,qft,24,3,33,250,90,2.7777777777777777
cairo_heavy_hex_27,r03,qft,24,3,44,324,90,3.6
cairo_heavy_hex_27,r03,qft,24,3,55,216,90,2.4
cairo_heavy_hex_27,r03,ghz_chain,4,0,11,20,3,6.666666666666667
cairo_heavy_hex_27,r03,ghz_chain,4,0,22,20,3,6.666666666666667
cairo_heavy_hex_27,r03,ghz_chain,4,0,33,24,3,8.0
cairo_heavy_hex_27,r03,ghz_chain,4,0,44,20,3,6.666666666666667
cairo_heavy_hex_27,r03,ghz_chain,4,0,55,26,3,8.666666666666666
cairo_heavy_hex_27,r03,ghz_chain,4,1,11,3,3,1.0
cairo_heavy_hex_27,r03,ghz_chain,4,1,22,3,3,1.0
cairo_heavy_hex_27,r03,ghz_chain,4,1,33,3,3,1.0
cairo_heavy_hex_27,r03,ghz_chain,4,1,44,3,3,1.0
cairo_heavy_hex_27,r03,ghz_chain,4,1,55,3,3,1.0
cairo_heavy_hex_27,r03,ghz_chain,4,3,11,3,3,1.0
cairo_heavy_hex_27,r03,ghz_chain,4,3,22,3,3,1.0
cairo_heavy_hex_27,r03,ghz_chain,4,3,33,3,3,1.0
cairo_heavy_hex_27,r03,ghz_chain,4,3,44,3,3,1.0
cairo_heavy_hex_27,r03,ghz_chain,4,3,55,3,3,1.0
cairo_heavy_hex_27,r03,ghz_chain,8,0,11,45,7,6.428571428571429
cairo_heavy_hex_27,r03,ghz_chain,8,0,22,49,7,7.0
cairo_heavy_hex_27,r03,ghz_chain,8,0,33,42,7,6.0
cairo_heavy_hex_27,r03,ghz_chain,8,0,44,39,7,5.571428571428571
cairo_heavy_hex_27,r03,ghz_chain,8,0,55,45,7,6.428571428571429
cairo_heavy_hex_27,r03,ghz_chain,8,1,11,7,7,1.0
cairo_heavy_hex_27,r03,ghz_chain,8,1,22,7,7,1.0
cairo_heavy_hex_27,r03,ghz_chain,8,1,33,7,7,1.0
cairo_heavy_hex_27,r03,ghz_chain,8,1,44,7,7,1.0
cairo_heavy_hex_27,r03,ghz_chain,8,1,55,7,7,1.0
cairo_heavy_hex_27,r03,ghz_chain,8,3,11,7,7,1.0
cairo_heavy_hex_27,r03,ghz_chain,8,3,22,7,7,1.0
cairo_heavy_hex_27,r03,ghz_chain,8,3,33,7,7,1.0
cairo_heavy_hex_27,r03,ghz_chain,8,3,44,7,7,1.0
cairo_heavy_hex_27,r03,ghz_chain,8,3,55,7,7,1.0
cairo_heavy_hex_27,r03,ghz_chain,12,0,11,62,11,5.636363636363637
cairo_heavy_hex_27,r03,ghz_chain,12,0,22,61,11,5.545454545454546
cairo_heavy_hex_27,r03,ghz_chain,12,0,33,73,11,6.636363636363637
cairo_heavy_hex_27,r03,ghz_chain,12,0,44,61,11,5.545454545454546
cairo_heavy_hex_27,r03,ghz_chain,12,0,55,58,11,5.2727272727272725
cairo_heavy_hex_27,r03,ghz_chain,12,1,11,11,11,1.0
cairo_heavy_hex_27,r03,ghz_chain,12,1,22,11,11,1.0
cairo_heavy_hex_27,r03,ghz_chain,12,1,33,11,11,1.0
cairo_heavy_hex_27,r03,ghz_chain,12,1,44,11,11,1.0
cairo_heavy_hex_27,r03,ghz_chain,12,1,55,11,11,1.0
cairo_heavy_hex_27,r03,ghz_chain,12,3,11,11,11,1.0
cairo_heavy_hex_27,r03,ghz_chain,12,3,22,11,11,1.0
cairo_heavy_hex_27,r03,ghz_chain,12,3,33,11,11,1.0
cairo_heavy_hex_27,r03,ghz_chain,12,3,44,11,11,1.0
cairo_heavy_hex_27,r03,ghz_chain,12,3,55,11,11,1.0
cairo_heavy_hex_27,r03,ghz_chain,16,0,11,81,15,5.4
cairo_heavy_hex_27,r03,ghz_chain,16,0,22,77,15,5.133333333333334
cairo_heavy_hex_27,r03,ghz_chain,16,0,33,83,15,5.533333333333333
cairo_heavy_hex_27,r03,ghz_chain,16,0,44,83,15,5.533333333333333
cairo_heavy_hex_27,r03,ghz_chain,16,0,55,80,15,5.333333333333333
cairo_heavy_hex_27,r03,ghz_chain,16,1,11,15,15,1.0
cairo_heavy_hex_27,r03,ghz_chain,16,1,22,15,15,1.0
cairo_heavy_hex_27,r03,ghz_chain,16,1,33,15,15,1.0
cairo_heavy_hex_27,r03,ghz_chain,16,1,44,15,15,1.0
cairo_heavy_hex_27,r03,ghz_chain,16,1,55,15,15,1.0
cairo_heavy_hex_27,r03,ghz_chain,16,3,11,15,15,1.0
cairo_heavy_hex_27,r03,ghz_chain,16,3,22,15,15,1.0
cairo_heavy_hex_27,r03,ghz_chain,16,3,33,15,15,1.0
cairo_heavy_hex_27,r03,ghz_chain,16,3,44,15,15,1.0
cairo_heavy_hex_27,r03,ghz_chain,16,3,55,15,15,1.0
cairo_heavy_hex_27,r03,ghz_chain,20,0,11,108,19,5.684210526315789
cairo_heavy_hex_27,r03,ghz_chain,20,0,22,136,19,7.157894736842105
cairo_heavy_hex_27,r03,ghz_chain,20,0,33,138,19,7.2631578947368425
cairo_heavy_hex_27,r03,ghz_chain,20,0,44,123,19,6.473684210526316
cairo_heavy_hex_27,r03,ghz_chain,20,0,55,127,19,6.684210526315789
cairo_heavy_hex_27,r03,ghz_chain,20,1,11,19,19,1.0
cairo_heavy_hex_27,r03,ghz_chain,20,1,22,19,19,1.0
cairo_heavy_hex_27,r03,ghz_chain,20,1,33,19,19,1.0
cairo_heavy_hex_27,r03,ghz_chain,20,1,44,19,19,1.0
cairo_heavy_hex_27,r03,ghz_chain,20,1,55,19,19,1.0
cairo_heavy_hex_27,r03,ghz_chain,20,3,11,19,19,1.0
cairo_heavy_hex_27,r03,ghz_chain,20,3,22,19,19,1.0
cairo_heavy_hex_27,r03,ghz_chain,20,3,33,19,19,1.0
cairo_heavy_hex_27,r03,ghz_chain,20,3,44,19,19,1.0
cairo_heavy_hex_27,r03,ghz_chain,20,3,55,19,19,1.0
cairo_heavy_hex_27,r03,ghz_chain,24,0,11,139,23,6.043478260869565
cairo_heavy_hex_27,r03,ghz_chain,24,0,22,167,23,7.260869565217392
cairo_heavy_hex_27,r03,ghz_chain,24,0,33,159,23,6.913043478260869
cairo_heavy_hex_27,r03,ghz_chain,24,0,44,148,23,6.434782608695652
cairo_heavy_hex_27,r03,ghz_chain,24,0,55,161,23,7.0
cairo_heavy_hex_27,r03,ghz_chain,24,1,11,92,23,4.0
cairo_heavy_hex_27,r03,ghz_chain,24,1,22,80,23,3.4782608695652173
cairo_heavy_hex_27,r03,ghz_chain,24,1,33,64,23,2.782608695652174
cairo_heavy_hex_27,r03,ghz_chain,24,1,44,84,23,3.652173913043478
cairo_heavy_hex_27,r03,ghz_chain,24,1,55,64,23,2.782608695652174
cairo_heavy_hex_27,r03,ghz_chain,24,3,11,56,23,2.4347826086956523
cairo_heavy_hex_27,r03,ghz_chain,24,3,22,50,23,2.1739130434782608
cairo_heavy_hex_27,r03,ghz_chain,24,3,33,51,23,2.217391304347826
cairo_heavy_hex_27,r03,ghz_chain,24,3,44,66,23,2.869565217391304
cairo_heavy_hex_27,r03,ghz_chain,24,3,55,64,23,2.782608695652174
cairo_heavy_hex_27,r03,ghz_star,4,0,11,17,3,5.666666666666667
cairo_heavy_hex_27,r03,ghz_star,4,0,22,23,3,7.666666666666667
cairo_heavy_hex_27,r03,ghz_star,4,0,33,17,3,5.666666666666667
cairo_heavy_hex_27,r03,ghz_star,4,0,44,17,3,5.666666666666667
cairo_heavy_hex_27,r03,ghz_star,4,0,55,29,3,9.666666666666666
cairo_heavy_hex_27,r03,ghz_star,4,1,11,3,3,1.0
cairo_heavy_hex_27,r03,ghz_star,4,1,22,3,3,1.0
cairo_heavy_hex_27,r03,ghz_star,4,1,33,3,3,1.0
cairo_heavy_hex_27,r03,ghz_star,4,1,44,3,3,1.0
cairo_heavy_hex_27,r03,ghz_star,4,1,55,3,3,1.0
cairo_heavy_hex_27,r03,ghz_star,4,3,11,3,3,1.0
cairo_heavy_hex_27,r03,ghz_star,4,3,22,3,3,1.0
cairo_heavy_hex_27,r03,ghz_star,4,3,33,3,3,1.0
cairo_heavy_hex_27,r03,ghz_star,4,3,44,3,3,1.0
cairo_heavy_hex_27,r03,ghz_star,4,3,55,3,3,1.0
cairo_heavy_hex_27,r03,ghz_star,8,0,11,41,7,5.857142857142857
cairo_heavy_hex_27,r03,ghz_star,8,0,22,45,7,6.428571428571429
cairo_heavy_hex_27,r03,ghz_star,8,0,33,51,7,7.285714285714286
cairo_heavy_hex_27,r03,ghz_star,8,0,44,43,7,6.142857142857143
cairo_heavy_hex_27,r03,ghz_star,8,0,55,51,7,7.285714285714286
cairo_heavy_hex_27,r03,ghz_star,8,1,11,18,7,2.5714285714285716
cairo_heavy_hex_27,r03,ghz_star,8,1,22,16,7,2.2857142857142856
cairo_heavy_hex_27,r03,ghz_star,8,1,33,20,7,2.857142857142857
cairo_heavy_hex_27,r03,ghz_star,8,1,44,16,7,2.2857142857142856
cairo_heavy_hex_27,r03,ghz_star,8,1,55,18,7,2.5714285714285716
cairo_heavy_hex_27,r03,ghz_star,8,3,11,12,7,1.7142857142857142
cairo_heavy_hex_27,r03,ghz_star,8,3,22,13,7,1.8571428571428572
cairo_heavy_hex_27,r03,ghz_star,8,3,33,12,7,1.7142857142857142
cairo_heavy_hex_27,r03,ghz_star,8,3,44,12,7,1.7142857142857142
cairo_heavy_hex_27,r03,ghz_star,8,3,55,13,7,1.8571428571428572
cairo_heavy_hex_27,r03,ghz_star,12,0,11,80,11,7.2727272727272725
cairo_heavy_hex_27,r03,ghz_star,12,0,22,70,11,6.363636363636363
cairo_heavy_hex_27,r03,ghz_star,12,0,33,76,11,6.909090909090909
cairo_heavy_hex_27,r03,ghz_star,12,0,44,73,11,6.636363636363637
cairo_heavy_hex_27,r03,ghz_star,12,0,55,72,11,6.545454545454546
cairo_heavy_hex_27,r03,ghz_star,12,1,11,31,11,2.8181818181818183
cairo_heavy_hex_27,r03,ghz_star,12,1,22,37,11,3.3636363636363638
cairo_heavy_hex_27,r03,ghz_star,12,1,33,36,11,3.272727272727273
cairo_heavy_hex_27,r03,ghz_star,12,1,44,28,11,2.5454545454545454
cairo_heavy_hex_27,r03,ghz_star,12,1,55,28,11,2.5454545454545454
cairo_heavy_hex_27,r03,ghz_star,12,3,11,24,11,2.1818181818181817
cairo_heavy_hex_27,r03,ghz_star,12,3,22,30,11,2.727272727272727
cairo_heavy_hex_27,r03,ghz_star,12,3,33,29,11,2.6363636363636362
cairo_heavy_hex_27,r03,ghz_star,12,3,44,34,11,3.090909090909091
cairo_heavy_hex_27,r03,ghz_star,12,3,55,25,11,2.272727272727273
cairo_heavy_hex_27,r03,ghz_star,16,0,11,85,15,5.666666666666667
cairo_heavy_hex_27,r03,ghz_star,16,0,22,97,15,6.466666666666667
cairo_heavy_hex_27,r03,ghz_star,16,0,33,89,15,5.933333333333334
cairo_heavy_hex_27,r03,ghz_star,16,0,44,82,15,5.466666666666667
cairo_heavy_hex_27,r03,ghz_star,16,0,55,88,15,5.866666666666666
cairo_heavy_hex_27,r03,ghz_star,16,1,11,50,15,3.3333333333333335
cairo_heavy_hex_27,r03,ghz_star,16,1,22,50,15,3.3333333333333335
cairo_heavy_hex_27,r03,ghz_star,16,1,33,50,15,3.3333333333333335
cairo_heavy_hex_27,r03,ghz_star,16,1,44,50,15,3.3333333333333335
cairo_heavy_hex_27,r03,ghz_star,16,1,55,50,15,3.3333333333333335
cairo_heavy_hex_27,r03,ghz_star,16,3,11,40,15,2.6666666666666665
cairo_heavy_hex_27,r03,ghz_star,16,3,22,40,15,2.6666666666666665
cairo_heavy_hex_27,r03,ghz_star,16,3,33,40,15,2.6666666666666665
cairo_heavy_hex_27,r03,ghz_star,16,3,44,40,15,2.6666666666666665
cairo_heavy_hex_27,r03,ghz_star,16,3,55,40,15,2.6666666666666665
cairo_heavy_hex_27,r03,ghz_star,20,0,11,144,19,7.578947368421052
cairo_heavy_hex_27,r03,ghz_star,20,0,22,144,19,7.578947368421052
cairo_heavy_hex_27,r03,ghz_star,20,0,33,133,19,7.0
cairo_heavy_hex_27,r03,ghz_star,20,0,44,118,19,6.2105263157894735
cairo_heavy_hex_27,r03,ghz_star,20,0,55,122,19,6.421052631578948
cairo_heavy_hex_27,r03,ghz_star,20,1,11,88,19,4.631578947368421
cairo_heavy_hex_27,r03,ghz_star,20,1,22,78,19,4.105263157894737
cairo_heavy_hex_27,r03,ghz_star,20,1,33,71,19,3.736842105263158
cairo_heavy_hex_27,r03,ghz_star,20,1,44,78,19,4.105263157894737
cairo_heavy_hex_27,r03,ghz_star,20,1,55,78,19,4.105263157894737
cairo_heavy_hex_27,r03,ghz_star,20,3,11,71,19,3.736842105263158
cairo_heavy_hex_27,r03,ghz_star,20,3,22,54,19,2.8421052631578947
cairo_heavy_hex_27,r03,ghz_star,20,3,33,64,19,3.3684210526315788
cairo_heavy_hex_27,r03,ghz_star,20,3,44,66,19,3.473684210526316
cairo_heavy_hex_27,r03,ghz_star,20,3,55,71,19,3.736842105263158
cairo_heavy_hex_27,r03,ghz_star,24,0,11,160,23,6.956521739130435
cairo_heavy_hex_27,r03,ghz_star,24,0,22,171,23,7.434782608695652
cairo_heavy_hex_27,r03,ghz_star,24,0,33,161,23,7.0
cairo_heavy_hex_27,r03,ghz_star,24,0,44,148,23,6.434782608695652
cairo_heavy_hex_27,r03,ghz_star,24,0,55,141,23,6.130434782608695
cairo_heavy_hex_27,r03,ghz_star,24,1,11,103,23,4.478260869565218
cairo_heavy_hex_27,r03,ghz_star,24,1,22,107,23,4.6521739130434785
cairo_heavy_hex_27,r03,ghz_star,24,1,33,104,23,4.521739130434782
cairo_heavy_hex_27,r03,ghz_star,24,1,44,87,23,3.782608695652174
cairo_heavy_hex_27,r03,ghz_star,24,1,55,103,23,4.478260869565218
cairo_heavy_hex_27,r03,ghz_star,24,3,11,81,23,3.5217391304347827
cairo_heavy_hex_27,r03,ghz_star,24,3,22,73,23,3.1739130434782608
cairo_heavy_hex_27,r03,ghz_star,24,3,33,81,23,3.5217391304347827
cairo_heavy_hex_27,r03,ghz_star,24,3,44,80,23,3.4782608695652173
cairo_heavy_hex_27,r03,ghz_star,24,3,55,91,23,3.9565217391304346
cairo_heavy_hex_27,r03,efficient_su2,4,0,11,47,8,5.875
cairo_heavy_hex_27,r03,efficient_su2,4,0,22,30,8,3.75
cairo_heavy_hex_27,r03,efficient_su2,4,0,33,35,8,4.375
cairo_heavy_hex_27,r03,efficient_su2,4,0,44,38,8,4.75
cairo_heavy_hex_27,r03,efficient_su2,4,0,55,42,8,5.25
cairo_heavy_hex_27,r03,efficient_su2,4,1,11,17,8,2.125
cairo_heavy_hex_27,r03,efficient_su2,4,1,22,17,8,2.125
cairo_heavy_hex_27,r03,efficient_su2,4,1,33,16,8,2.0
cairo_heavy_hex_27,r03,efficient_su2,4,1,44,17,8,2.125
cairo_heavy_hex_27,r03,efficient_su2,4,1,55,17,8,2.125
cairo_heavy_hex_27,r03,efficient_su2,4,3,11,17,8,2.125
cairo_heavy_hex_27,r03,efficient_su2,4,3,22,17,8,2.125
cairo_heavy_hex_27,r03,efficient_su2,4,3,33,17,8,2.125
cairo_heavy_hex_27,r03,efficient_su2,4,3,44,17,8,2.125
cairo_heavy_hex_27,r03,efficient_su2,4,3,55,17,8,2.125
cairo_heavy_hex_27,r03,efficient_su2,8,0,11,101,16,6.3125
cairo_heavy_hex_27,r03,efficient_su2,8,0,22,79,16,4.9375
cairo_heavy_hex_27,r03,efficient_su2,8,0,33,75,16,4.6875
cairo_heavy_hex_27,r03,efficient_su2,8,0,44,76,16,4.75
cairo_heavy_hex_27,r03,efficient_su2,8,0,55,87,16,5.4375
cairo_heavy_hex_27,r03,efficient_su2,8,1,11,39,16,2.4375
cairo_heavy_hex_27,r03,efficient_su2,8,1,22,40,16,2.5
cairo_heavy_hex_27,r03,efficient_su2,8,1,33,36,16,2.25
cairo_heavy_hex_27,r03,efficient_su2,8,1,44,40,16,2.5
cairo_heavy_hex_27,r03,efficient_su2,8,1,55,40,16,2.5
cairo_heavy_hex_27,r03,efficient_su2,8,3,11,36,16,2.25
cairo_heavy_hex_27,r03,efficient_su2,8,3,22,40,16,2.5
cairo_heavy_hex_27,r03,efficient_su2,8,3,33,40,16,2.5
cairo_heavy_hex_27,r03,efficient_su2,8,3,44,40,16,2.5
cairo_heavy_hex_27,r03,efficient_su2,8,3,55,40,16,2.5
cairo_heavy_hex_27,r03,efficient_su2,12,0,11,161,24,6.708333333333333
cairo_heavy_hex_27,r03,efficient_su2,12,0,22,138,24,5.75
cairo_heavy_hex_27,r03,efficient_su2,12,0,33,128,24,5.333333333333333
cairo_heavy_hex_27,r03,efficient_su2,12,0,44,146,24,6.083333333333333
cairo_heavy_hex_27,r03,efficient_su2,12,0,55,131,24,5.458333333333333
cairo_heavy_hex_27,r03,efficient_su2,12,1,11,24,24,1.0
cairo_heavy_hex_27,r03,efficient_su2,12,1,22,24,24,1.0
cairo_heavy_hex_27,r03,efficient_su2,12,1,33,24,24,1.0
cairo_heavy_hex_27,r03,efficient_su2,12,1,44,24,24,1.0
cairo_heavy_hex_27,r03,efficient_su2,12,1,55,24,24,1.0
cairo_heavy_hex_27,r03,efficient_su2,12,3,11,24,24,1.0
cairo_heavy_hex_27,r03,efficient_su2,12,3,22,24,24,1.0
cairo_heavy_hex_27,r03,efficient_su2,12,3,33,24,24,1.0
cairo_heavy_hex_27,r03,efficient_su2,12,3,44,24,24,1.0
cairo_heavy_hex_27,r03,efficient_su2,12,3,55,24,24,1.0
cairo_heavy_hex_27,r03,efficient_su2,16,0,11,153,32,4.78125
cairo_heavy_hex_27,r03,efficient_su2,16,0,22,165,32,5.15625
cairo_heavy_hex_27,r03,efficient_su2,16,0,33,150,32,4.6875
cairo_heavy_hex_27,r03,efficient_su2,16,0,44,179,32,5.59375
cairo_heavy_hex_27,r03,efficient_su2,16,0,55,140,32,4.375
cairo_heavy_hex_27,r03,efficient_su2,16,1,11,92,32,2.875
cairo_heavy_hex_27,r03,efficient_su2,16,1,22,56,32,1.75
cairo_heavy_hex_27,r03,efficient_su2,16,1,33,56,32,1.75
cairo_heavy_hex_27,r03,efficient_su2,16,1,44,110,32,3.4375
cairo_heavy_hex_27,r03,efficient_su2,16,1,55,56,32,1.75
cairo_heavy_hex_27,r03,efficient_su2,16,3,11,40,32,1.25
cairo_heavy_hex_27,r03,efficient_su2,16,3,22,56,32,1.75
cairo_heavy_hex_27,r03,efficient_su2,16,3,33,42,32,1.3125
cairo_heavy_hex_27,r03,efficient_su2,16,3,44,72,32,2.25
cairo_heavy_hex_27,r03,efficient_su2,16,3,55,40,32,1.25
cairo_heavy_hex_27,r03,efficient_su2,20,0,11,244,40,6.1
cairo_heavy_hex_27,r03,efficient_su2,20,0,22,232,40,5.8
cairo_heavy_hex_27,r03,efficient_su2,20,0,33,260,40,6.5
cairo_heavy_hex_27,r03,efficient_su2,20,0,44,246,40,6.15
cairo_heavy_hex_27,r03,efficient_su2,20,0,55,207,40,5.175
cairo_heavy_hex_27,r03,efficient_su2,20,1,11,40,40,1.0
cairo_heavy_hex_27,r03,efficient_su2,20,1,22,40,40,1.0
cairo_heavy_hex_27,r03,efficient_su2,20,1,33,40,40,1.0
cairo_heavy_hex_27,r03,efficient_su2,20,1,44,40,40,1.0
cairo_heavy_hex_27,r03,efficient_su2,20,1,55,40,40,1.0
cairo_heavy_hex_27,r03,efficient_su2,20,3,11,40,40,1.0
cairo_heavy_hex_27,r03,efficient_su2,20,3,22,40,40,1.0
cairo_heavy_hex_27,r03,efficient_su2,20,3,33,40,40,1.0
cairo_heavy_hex_27,r03,efficient_su2,20,3,44,40,40,1.0
cairo_heavy_hex_27,r03,efficient_su2,20,3,55,40,40,1.0
cairo_heavy_hex_27,r03,efficient_su2,24,0,11,278,48,5.791666666666667
cairo_heavy_hex_27,r03,efficient_su2,24,0,22,316,48,6.583333333333333
cairo_heavy_hex_27,r03,efficient_su2,24,0,33,314,48,6.541666666666667
cairo_heavy_hex_27,r03,efficient_su2,24,0,44,285,48,5.9375
cairo_heavy_hex_27,r03,efficient_su2,24,0,55,294,48,6.125
cairo_heavy_hex_27,r03,efficient_su2,24,1,11,173,48,3.6041666666666665
cairo_heavy_hex_27,r03,efficient_su2,24,1,22,135,48,2.8125
cairo_heavy_hex_27,r03,efficient_su2,24,1,33,120,48,2.5
cairo_heavy_hex_27,r03,efficient_su2,24,1,44,178,48,3.7083333333333335
cairo_heavy_hex_27,r03,efficient_su2,24,1,55,180,48,3.75
cairo_heavy_hex_27,r03,efficient_su2,24,3,11,110,48,2.2916666666666665
cairo_heavy_hex_27,r03,efficient_su2,24,3,22,113,48,2.3541666666666665
cairo_heavy_hex_27,r03,efficient_su2,24,3,33,104,48,2.1666666666666665
cairo_heavy_hex_27,r03,efficient_su2,24,3,44,115,48,2.3958333333333335
cairo_heavy_hex_27,r03,efficient_su2,24,3,55,140,48,2.9166666666666665
cairo_heavy_hex_27,r04,qft,4,0,11,34,10,3.4
cairo_heavy_hex_27,r04,qft,4,0,22,28,10,2.8
cairo_heavy_hex_27,r04,qft,4,0,33,27,10,2.7
cairo_heavy_hex_27,r04,qft,4,0,44,35,10,3.5
cairo_heavy_hex_27,r04,qft,4,0,55,29,10,2.9
cairo_heavy_hex_27,r04,qft,4,1,11,18,10,1.8
cairo_heavy_hex_27,r04,qft,4,1,22,18,10,1.8
cairo_heavy_hex_27,r04,qft,4,1,33,19,10,1.9
cairo_heavy_hex_27,r04,qft,4,1,44,19,10,1.9
cairo_heavy_hex_27,r04,qft,4,1,55,18,10,1.8
cairo_heavy_hex_27,r04,qft,4,3,11,18,10,1.8
cairo_heavy_hex_27,r04,qft,4,3,22,18,10,1.8
cairo_heavy_hex_27,r04,qft,4,3,33,18,10,1.8
cairo_heavy_hex_27,r04,qft,4,3,44,18,10,1.8
cairo_heavy_hex_27,r04,qft,4,3,55,18,10,1.8
cairo_heavy_hex_27,r04,qft,8,0,11,111,26,4.269230769230769
cairo_heavy_hex_27,r04,qft,8,0,22,118,26,4.538461538461538
cairo_heavy_hex_27,r04,qft,8,0,33,115,26,4.423076923076923
cairo_heavy_hex_27,r04,qft,8,0,44,95,26,3.6538461538461537
cairo_heavy_hex_27,r04,qft,8,0,55,95,26,3.6538461538461537
cairo_heavy_hex_27,r04,qft,8,1,11,70,26,2.6923076923076925
cairo_heavy_hex_27,r04,qft,8,1,22,66,26,2.5384615384615383
cairo_heavy_hex_27,r04,qft,8,1,33,66,26,2.5384615384615383
cairo_heavy_hex_27,r04,qft,8,1,44,81,26,3.1153846153846154
cairo_heavy_hex_27,r04,qft,8,1,55,64,26,2.4615384615384617
cairo_heavy_hex_27,r04,qft,8,3,11,57,26,2.1923076923076925
cairo_heavy_hex_27,r04,qft,8,3,22,58,26,2.230769230769231
cairo_heavy_hex_27,r04,qft,8,3,33,58,26,2.230769230769231
cairo_heavy_hex_27,r04,qft,8,3,44,61,26,2.3461538461538463
cairo_heavy_hex_27,r04,qft,8,3,55,57,26,2.1923076923076925
cairo_heavy_hex_27,r04,qft,12,0,11,225,42,5.357142857142857
cairo_heavy_hex_27,r04,qft,12,0,22,241,42,5.738095238095238
cairo_heavy_hex_27,r04,qft,12,0,33,240,42,5.714285714285714
cairo_heavy_hex_27,r04,qft,12,0,44,224,42,5.333333333333333
cairo_heavy_hex_27,r04,qft,12,0,55,217,42,5.166666666666667
cairo_heavy_hex_27,r04,qft,12,1,11,162,42,3.857142857142857
cairo_heavy_hex_27,r04,qft,12,1,22,162,42,3.857142857142857
cairo_heavy_hex_27,r04,qft,12,1,33,160,42,3.8095238095238093
cairo_heavy_hex_27,r04,qft,12,1,44,148,42,3.5238095238095237
cairo_heavy_hex_27,r04,qft,12,1,55,166,42,3.9523809523809526
cairo_heavy_hex_27,r04,qft,12,3,11,118,42,2.8095238095238093
cairo_heavy_hex_27,r04,qft,12,3,22,119,42,2.8333333333333335
cairo_heavy_hex_27,r04,qft,12,3,33,114,42,2.7142857142857144
cairo_heavy_hex_27,r04,qft,12,3,44,116,42,2.761904761904762
cairo_heavy_hex_27,r04,qft,12,3,55,123,42,2.9285714285714284
cairo_heavy_hex_27,r04,qft,16,0,11,361,58,6.224137931034483
cairo_heavy_hex_27,r04,qft,16,0,22,361,58,6.224137931034483
cairo_heavy_hex_27,r04,qft,16,0,33,387,58,6.672413793103448
cairo_heavy_hex_27,r04,qft,16,0,44,337,58,5.810344827586207
cairo_heavy_hex_27,r04,qft,16,0,55,345,58,5.948275862068965
cairo_heavy_hex_27,r04,qft,16,1,11,219,58,3.7758620689655173
cairo_heavy_hex_27,r04,qft,16,1,22,171,58,2.9482758620689653
cairo_heavy_hex_27,r04,qft,16,1,33,201,58,3.4655172413793105
cairo_heavy_hex_27,r04,qft,16,1,44,162,58,2.793103448275862
cairo_heavy_hex_27,r04,qft,16,1,55,193,58,3.3275862068965516
cairo_heavy_hex_27,r04,qft,16,3,11,196,58,3.3793103448275863
cairo_heavy_hex_27,r04,qft,16,3,22,197,58,3.396551724137931
cairo_heavy_hex_27,r04,qft,16,3,33,157,58,2.706896551724138
cairo_heavy_hex_27,r04,qft,16,3,44,187,58,3.2241379310344827
cairo_heavy_hex_27,r04,qft,16,3,55,189,58,3.2586206896551726
cairo_heavy_hex_27,r04,qft,20,0,11,452,74,6.108108108108108
cairo_heavy_hex_27,r04,qft,20,0,22,508,74,6.864864864864865
cairo_heavy_hex_27,r04,qft,20,0,33,482,74,6.513513513513513
cairo_heavy_hex_27,r04,qft,20,0,44,472,74,6.378378378378378
cairo_heavy_hex_27,r04,qft,20,0,55,511,74,6.905405405405405
cairo_heavy_hex_27,r04,qft,20,1,11,215,74,2.9054054054054053
cairo_heavy_hex_27,r04,qft,20,1,22,235,74,3.175675675675676
cairo_heavy_hex_27,r04,qft,20,1,33,266,74,3.5945945945945947
cairo_heavy_hex_27,r04,qft,20,1,44,257,74,3.472972972972973
cairo_heavy_hex_27,r04,qft,20,1,55,315,74,4.256756756756757
cairo_heavy_hex_27,r04,qft,20,3,11,183,74,2.472972972972973
cairo_heavy_hex_27,r04,qft,20,3,22,147,74,1.9864864864864864
cairo_heavy_hex_27,r04,qft,20,3,33,173,74,2.3378378378378377
cairo_heavy_hex_27,r04,qft,20,3,44,151,74,2.0405405405405403
cairo_heavy_hex_27,r04,qft,20,3,55,151,74,2.0405405405405403
cairo_heavy_hex_27,r04,qft,24,0,11,723,90,8.033333333333333
cairo_heavy_hex_27,r04,qft,24,0,22,612,90,6.8
cairo_heavy_hex_27,r04,qft,24,0,33,639,90,7.1
cairo_heavy_hex_27,r04,qft,24,0,44,625,90,6.944444444444445
cairo_heavy_hex_27,r04,qft,24,0,55,701,90,7.788888888888889
cairo_heavy_hex_27,r04,qft,24,1,11,343,90,3.811111111111111
cairo_heavy_hex_27,r04,qft,24,1,22,318,90,3.533333333333333
cairo_heavy_hex_27,r04,qft,24,1,33,379,90,4.211111111111111
cairo_heavy_hex_27,r04,qft,24,1,44,307,90,3.411111111111111
cairo_heavy_hex_27,r04,qft,24,1,55,322,90,3.577777777777778
cairo_heavy_hex_27,r04,qft,24,3,11,324,90,3.6
cairo_heavy_hex_27,r04,qft,24,3,22,209,90,2.3222222222222224
cairo_heavy_hex_27,r04,qft,24,3,33,316,90,3.511111111111111
cairo_heavy_hex_27,r04,qft,24,3,44,291,90,3.2333333333333334
cairo_heavy_hex_27,r04,qft,24,3,55,306,90,3.4
cairo_heavy_hex_27,r04,ghz_chain,4,0,11,13,3,4.333333333333333
cairo_heavy_hex_27,r04,ghz_chain,4,0,22,18,3,6.0
cairo_heavy_hex_27,r04,ghz_chain,4,0,33,15,3,5.0
cairo_heavy_hex_27,r04,ghz_chain,4,0,44,18,3,6.0
cairo_heavy_hex_27,r04,ghz_chain,4,0,55,21,3,7.0
cairo_heavy_hex_27,r04,ghz_chain,4,1,11,3,3,1.0
cairo_heavy_hex_27,r04,ghz_chain,4,1,22,3,3,1.0
cairo_heavy_hex_27,r04,ghz_chain,4,1,33,3,3,1.0
cairo_heavy_hex_27,r04,ghz_chain,4,1,44,3,3,1.0
cairo_heavy_hex_27,r04,ghz_chain,4,1,55,3,3,1.0
cairo_heavy_hex_27,r04,ghz_chain,4,3,11,3,3,1.0
cairo_heavy_hex_27,r04,ghz_chain,4,3,22,3,3,1.0
cairo_heavy_hex_27,r04,ghz_chain,4,3,33,3,3,1.0
cairo_heavy_hex_27,r04,ghz_chain,4,3,44,3,3,1.0
cairo_heavy_hex_27,r04,ghz_chain,4,3,55,3,3,1.0
cairo_heavy_hex_27,r04,ghz_chain,8,0,11,35,7,5.0
cairo_heavy_hex_27,r04,ghz_chain,8,0,22,40,7,5.714285714285714
cairo_heavy_hex_27,r04,ghz_chain,8,0,33,46,7,6.571428571428571
cairo_heavy_hex_27,r04,ghz_chain,8,0,44,43,7,6.142857142857143
cairo_heavy_hex_27,r04,ghz_chain,8,0,55,51,7,7.285714285714286
cairo_heavy_hex_27,r04,ghz_chain,8,1,11,7,7,1.0
cairo_heavy_hex_27,r04,ghz_chain,8,1,22,7,7,1.0
cairo_heavy_hex_27,r04,ghz_chain,8,1,33,7,7,1.0
cairo_heavy_hex_27,r04,ghz_chain,8,1,44,7,7,1.0
cairo_heavy_hex_27,r04,ghz_chain,8,1,55,7,7,1.0
cairo_heavy_hex_27,r04,ghz_chain,8,3,11,7,7,1.0
cairo_heavy_hex_27,r04,ghz_chain,8,3,22,7,7,1.0
cairo_heavy_hex_27,r04,ghz_chain,8,3,33,7,7,1.0
cairo_heavy_hex_27,r04,ghz_chain,8,3,44,7,7,1.0
cairo_heavy_hex_27,r04,ghz_chain,8,3,55,7,7,1.0
cairo_heavy_hex_27,r04,ghz_chain,12,0,11,57,11,5.181818181818182
cairo_heavy_hex_27,r04,ghz_chain,12,0,22,67,11,6.090909090909091
cairo_heavy_hex_27,r04,ghz_chain,12,0,33,69,11,6.2727272727272725
cairo_heavy_hex_27,r04,ghz_chain,12,0,44,68,11,6.181818181818182
cairo_heavy_hex_27,r04,ghz_chain,12,0,55,51,11,4.636363636363637
cairo_heavy_hex_27,r04,ghz_chain,12,1,11,11,11,1.0
cairo_heavy_hex_27,r04,ghz_chain,12,1,22,11,11,1.0
cairo_heavy_hex_27,r04,ghz_chain,12,1,33,11,11,1.0
cairo_heavy_hex_27,r04,ghz_chain,12,1,44,11,11,1.0
cairo_heavy_hex_27,r04,ghz_chain,12,1,55,11,11,1.0
cairo_heavy_hex_27,r04,ghz_chain,12,3,11,11,11,1.0
cairo_heavy_hex_27,r04,ghz_chain,12,3,22,11,11,1.0
cairo_heavy_hex_27,r04,ghz_chain,12,3,33,11,11,1.0
cairo_heavy_hex_27,r04,ghz_chain,12,3,44,11,11,1.0
cairo_heavy_hex_27,r04,ghz_chain,12,3,55,11,11,1.0
cairo_heavy_hex_27,r04,ghz_chain,16,0,11,82,15,5.466666666666667
cairo_heavy_hex_27,r04,ghz_chain,16,0,22,96,15,6.4
cairo_heavy_hex_27,r04,ghz_chain,16,0,33,105,15,7.0
cairo_heavy_hex_27,r04,ghz_chain,16,0,44,102,15,6.8
cairo_heavy_hex_27,r04,ghz_chain,16,0,55,82,15,5.466666666666667
cairo_heavy_hex_27,r04,ghz_chain,16,1,11,15,15,1.0
cairo_heavy_hex_27,r04,ghz_chain,16,1,22,15,15,1.0
cairo_heavy_hex_27,r04,ghz_chain,16,1,33,15,15,1.0
cairo_heavy_hex_27,r04,ghz_chain,16,1,44,15,15,1.0
cairo_heavy_hex_27,r04,ghz_chain,16,1,55,15,15,1.0
cairo_heavy_hex_27,r04,ghz_chain,16,3,11,15,15,1.0
cairo_heavy_hex_27,r04,ghz_chain,16,3,22,15,15,1.0
cairo_heavy_hex_27,r04,ghz_chain,16,3,33,15,15,1.0
cairo_heavy_hex_27,r04,ghz_chain,16,3,44,15,15,1.0
cairo_heavy_hex_27,r04,ghz_chain,16,3,55,15,15,1.0
cairo_heavy_hex_27,r04,ghz_chain,20,0,11,110,19,5.7894736842105265
cairo_heavy_hex_27,r04,ghz_chain,20,0,22,115,19,6.052631578947368
cairo_heavy_hex_27,r04,ghz_chain,20,0,33,142,19,7.473684210526316
cairo_heavy_hex_27,r04,ghz_chain,20,0,44,129,19,6.7894736842105265
cairo_heavy_hex_27,r04,ghz_chain,20,0,55,116,19,6.105263157894737
cairo_heavy_hex_27,r04,ghz_chain,20,1,11,19,19,1.0
cairo_heavy_hex_27,r04,ghz_chain,20,1,22,19,19,1.0
cairo_heavy_hex_27,r04,ghz_chain,20,1,33,19,19,1.0
cairo_heavy_hex_27,r04,ghz_chain,20,1,44,19,19,1.0
cairo_heavy_hex_27,r04,ghz_chain,20,1,55,19,19,1.0
cairo_heavy_hex_27,r04,ghz_chain,20,3,11,19,19,1.0
cairo_heavy_hex_27,r04,ghz_chain,20,3,22,19,19,1.0
cairo_heavy_hex_27,r04,ghz_chain,20,3,33,19,19,1.0
cairo_heavy_hex_27,r04,ghz_chain,20,3,44,19,19,1.0
cairo_heavy_hex_27,r04,ghz_chain,20,3,55,19,19,1.0
cairo_heavy_hex_27,r04,ghz_chain,24,0,11,135,23,5.869565217391305
cairo_heavy_hex_27,r04,ghz_chain,24,0,22,140,23,6.086956521739131
cairo_heavy_hex_27,r04,ghz_chain,24,0,33,164,23,7.130434782608695
cairo_heavy_hex_27,r04,ghz_chain,24,0,44,144,23,6.260869565217392
cairo_heavy_hex_27,r04,ghz_chain,24,0,55,150,23,6.521739130434782
cairo_heavy_hex_27,r04,ghz_chain,24,1,11,70,23,3.0434782608695654
cairo_heavy_hex_27,r04,ghz_chain,24,1,22,65,23,2.8260869565217392
cairo_heavy_hex_27,r04,ghz_chain,24,1,33,55,23,2.391304347826087
cairo_heavy_hex_27,r04,ghz_chain,24,1,44,44,23,1.9130434782608696
cairo_heavy_hex_27,r04,ghz_chain,24,1,55,51,23,2.217391304347826
cairo_heavy_hex_27,r04,ghz_chain,24,3,11,70,23,3.0434782608695654
cairo_heavy_hex_27,r04,ghz_chain,24,3,22,63,23,2.739130434782609
cairo_heavy_hex_27,r04,ghz_chain,24,3,33,51,23,2.217391304347826
cairo_heavy_hex_27,r04,ghz_chain,24,3,44,44,23,1.9130434782608696
cairo_heavy_hex_27,r04,ghz_chain,24,3,55,53,23,2.3043478260869565
cairo_heavy_hex_27,r04,ghz_star,4,0,11,18,3,6.0
cairo_heavy_hex_27,r04,ghz_star,4,0,22,18,3,6.0
cairo_heavy_hex_27,r04,ghz_star,4,0,33,18,3,6.0
cairo_heavy_hex_27,r04,ghz_star,4,0,44,18,3,6.0
cairo_heavy_hex_27,r04,ghz_star,4,0,55,18,3,6.0
cairo_heavy_hex_27,r04,ghz_star,4,1,11,3,3,1.0
cairo_heavy_hex_27,r04,ghz_star,4,1,22,3,3,1.0
cairo_heavy_hex_27,r04,ghz_star,4,1,33,3,3,1.0
cairo_heavy_hex_27,r04,ghz_star,4,1,44,3,3,1.0
cairo_heavy_hex_27,r04,ghz_star,4,1,55,3,3,1.0
cairo_heavy_hex_27,r04,ghz_star,4,3,11,3,3,1.0
cairo_heavy_hex_27,r04,ghz_star,4,3,22,3,3,1.0
cairo_heavy_hex_27,r04,ghz_star,4,3,33,3,3,1.0
cairo_heavy_hex_27,r04,ghz_star,4,3,44,3,3,1.0
cairo_heavy_hex_27,r04,ghz_star,4,3,55,3,3,1.0
cairo_heavy_hex_27,r04,ghz_star,8,0,11,46,7,6.571428571428571
cairo_heavy_hex_27,r04,ghz_star,8,0,22,49,7,7.0
cairo_heavy_hex_27,r04,ghz_star,8,0,33,43,7,6.142857142857143
cairo_heavy_hex_27,r04,ghz_star,8,0,44,37,7,5.285714285714286
cairo_heavy_hex_27,r04,ghz_star,8,0,55,40,7,5.714285714285714
cairo_heavy_hex_27,r04,ghz_star,8,1,11,19,7,2.7142857142857144
cairo_heavy_hex_27,r04,ghz_star,8,1,22,19,7,2.7142857142857144
cairo_heavy_hex_27,r04,ghz_star,8,1,33,19,7,2.7142857142857144
cairo_heavy_hex_27,r04,ghz_star,8,1,44,18,7,2.5714285714285716
cairo_heavy_hex_27,r04,ghz_star,8,1,55,19,7,2.7142857142857144
cairo_heavy_hex_27,r04,ghz_star,8,3,11,15,7,2.142857142857143
cairo_heavy_hex_27,r04,ghz_star,8,3,22,19,7,2.7142857142857144
cairo_heavy_hex_27,r04,ghz_star,8,3,33,15,7,2.142857142857143
cairo_heavy_hex_27,r04,ghz_star,8,3,44,17,7,2.4285714285714284
cairo_heavy_hex_27,r04,ghz_star,8,3,55,17,7,2.4285714285714284
cairo_heavy_hex_27,r04,ghz_star,12,0,11,74,11,6.7272727272727275
cairo_heavy_hex_27,r04,ghz_star,12,0,22,61,11,5.545454545454546
cairo_heavy_hex_27,r04,ghz_star,12,0,33,65,11,5.909090909090909
cairo_heavy_hex_27,r04,ghz_star,12,0,44,65,11,5.909090909090909
cairo_heavy_hex_27,r04,ghz_star,12,0,55,67,11,6.090909090909091
cairo_heavy_hex_27,r04,ghz_star,12,1,11,31,11,2.8181818181818183
cairo_heavy_hex_27,r04,ghz_star,12,1,22,34,11,3.090909090909091
cairo_heavy_hex_27,r04,ghz_star,12,1,33,35,11,3.1818181818181817
cairo_heavy_hex_27,r04,ghz_star,12,1,44,34,11,3.090909090909091
cairo_heavy_hex_27,r04,ghz_star,12,1,55,30,11,2.727272727272727
cairo_heavy_hex_27,r04,ghz_star,12,3,11,29,11,2.6363636363636362
cairo_heavy_hex_27,r04,ghz_star,12,3,22,26,11,2.3636363636363638
cairo_heavy_hex_27,r04,ghz_star,12,3,33,27,11,2.4545454545454546
cairo_heavy_hex_27,r04,ghz_star,12,3,44,29,11,2.6363636363636362
cairo_heavy_hex_27,r04,ghz_star,12,3,55,29,11,2.6363636363636362
cairo_heavy_hex_27,r04,ghz_star,16,0,11,105,15,7.0
cairo_heavy_hex_27,r04,ghz_star,16,0,22,95,15,6.333333333333333
cairo_heavy_hex_27,r04,ghz_star,16,0,33,83,15,5.533333333333333
cairo_heavy_hex_27,r04,ghz_star,16,0,44,81,15,5.4
cairo_heavy_hex_27,r04,ghz_star,16,0,55,108,15,7.2
cairo_heavy_hex_27,r04,ghz_star,16,1,11,50,15,3.3333333333333335
cairo_heavy_hex_27,r04,ghz_star,16,1,22,50,15,3.3333333333333335
cairo_heavy_hex_27,r04,ghz_star,16,1,33,50,15,3.3333333333333335
cairo_heavy_hex_27,r04,ghz_star,16,1,44,50,15,3.3333333333333335
cairo_heavy_hex_27,r04,ghz_star,16,1,55,50,15,3.3333333333333335
cairo_heavy_hex_27,r04,ghz_star,16,3,11,40,15,2.6666666666666665
cairo_heavy_hex_27,r04,ghz_star,16,3,22,40,15,2.6666666666666665
cairo_heavy_hex_27,r04,ghz_star,16,3,33,40,15,2.6666666666666665
cairo_heavy_hex_27,r04,ghz_star,16,3,44,42,15,2.8
cairo_heavy_hex_27,r04,ghz_star,16,3,55,40,15,2.6666666666666665
cairo_heavy_hex_27,r04,ghz_star,20,0,11,130,19,6.842105263157895
cairo_heavy_hex_27,r04,ghz_star,20,0,22,133,19,7.0
cairo_heavy_hex_27,r04,ghz_star,20,0,33,114,19,6.0
cairo_heavy_hex_27,r04,ghz_star,20,0,44,100,19,5.2631578947368425
cairo_heavy_hex_27,r04,ghz_star,20,0,55,111,19,5.842105263157895
cairo_heavy_hex_27,r04,ghz_star,20,1,11,78,19,4.105263157894737
cairo_heavy_hex_27,r04,ghz_star,20,1,22,63,19,3.3157894736842106
cairo_heavy_hex_27,r04,ghz_star,20,1,33,63,19,3.3157894736842106
cairo_heavy_hex_27,r04,ghz_star,20,1,44,75,19,3.9473684210526314
cairo_heavy_hex_27,r04,ghz_star,20,1,55,67,19,3.526315789473684
cairo_heavy_hex_27,r04,ghz_star,20,3,11,68,19,3.5789473684210527
cairo_heavy_hex_27,r04,ghz_star,20,3,22,59,19,3.1052631578947367
cairo_heavy_hex_27,r04,ghz_star,20,3,33,57,19,3.0
cairo_heavy_hex_27,r04,ghz_star,20,3,44,55,19,2.8947368421052633
cairo_heavy_hex_27,r04,ghz_star,20,3,55,59,19,3.1052631578947367
cairo_heavy_hex_27,r04,ghz_star,24,0,11,167,23,7.260869565217392
cairo_heavy_hex_27,r04,ghz_star,24,0,22,161,23,7.0
cairo_heavy_hex_27,r04,ghz_star,24,0,33,152,23,6.608695652173913
cairo_heavy_hex_27,r04,ghz_star,24,0,44,131,23,5.695652173913044
cairo_heavy_hex_27,r04,ghz_star,24,0,55,145,23,6.304347826086956
cairo_heavy_hex_27,r04,ghz_star,24,1,11,84,23,3.652173913043478
cairo_heavy_hex_27,r04,ghz_star,24,1,22,84,23,3.652173913043478
cairo_heavy_hex_27,r04,ghz_star,24,1,33,82,23,3.5652173913043477
cairo_heavy_hex_27,r04,ghz_star,24,1,44,89,23,3.869565217391304
cairo_heavy_hex_27,r04,ghz_star,24,1,55,88,23,3.8260869565217392
cairo_heavy_hex_27,r04,ghz_star,24,3,11,77,23,3.347826086956522
cairo_heavy_hex_27,r04,ghz_star,24,3,22,77,23,3.347826086956522
cairo_heavy_hex_27,r04,ghz_star,24,3,33,69,23,3.0
cairo_heavy_hex_27,r04,ghz_star,24,3,44,75,23,3.260869565217391
cairo_heavy_hex_27,r04,ghz_star,24,3,55,78,23,3.391304347826087
cairo_heavy_hex_27,r04,efficient_su2,4,0,11,31,8,3.875
cairo_heavy_hex_27,r04,efficient_su2,4,0,22,31,8,3.875
cairo_heavy_hex_27,r04,efficient_su2,4,0,33,42,8,5.25
cairo_heavy_hex_27,r04,efficient_su2,4,0,44,35,8,4.375
cairo_heavy_hex_27,r04,efficient_su2,4,0,55,37,8,4.625
cairo_heavy_hex_27,r04,efficient_su2,4,1,11,17,8,2.125
cairo_heavy_hex_27,r04,efficient_su2,4,1,22,19,8,2.375
cairo_heavy_hex_27,r04,efficient_su2,4,1,33,17,8,2.125
cairo_heavy_hex_27,r04,efficient_su2,4,1,44,17,8,2.125
cairo_heavy_hex_27,r04,efficient_su2,4,1,55,17,8,2.125
cairo_heavy_hex_27,r04,efficient_su2,4,3,11,17,8,2.125
cairo_heavy_hex_27,r04,efficient_su2,4,3,22,17,8,2.125
cairo_heavy_hex_27,r04,efficient_su2,4,3,33,17,8,2.125
cairo_heavy_hex_27,r04,efficient_su2,4,3,44,17,8,2.125
cairo_heavy_hex_27,r04,efficient_su2,4,3,55,17,8,2.125
cairo_heavy_hex_27,r04,efficient_su2,8,0,11,78,16,4.875
cairo_heavy_hex_27,r04,efficient_su2,8,0,22,76,16,4.75
cairo_heavy_hex_27,r04,efficient_su2,8,0,33,78,16,4.875
cairo_heavy_hex_27,r04,efficient_su2,8,0,44,76,16,4.75
cairo_heavy_hex_27,r04,efficient_su2,8,0,55,81,16,5.0625
cairo_heavy_hex_27,r04,efficient_su2,8,1,11,40,16,2.5
cairo_heavy_hex_27,r04,efficient_su2,8,1,22,40,16,2.5
cairo_heavy_hex_27,r04,efficient_su2,8,1,33,40,16,2.5
cairo_heavy_hex_27,r04,efficient_su2,8,1,44,40,16,2.5
cairo_heavy_hex_27,r04,efficient_su2,8,1,55,40,16,2.5
cairo_heavy_hex_27,r04,efficient_su2,8,3,11,40,16,2.5
cairo_heavy_hex_27,r04,efficient_su2,8,3,22,40,16,2.5
cairo_heavy_hex_27,r04,efficient_su2,8,3,33,40,16,2.5
cairo_heavy_hex_27,r04,efficient_su2,8,3,44,40,16,2.5
cairo_heavy_hex_27,r04,efficient_su2,8,3,55,40,16,2.5
cairo_heavy_hex_27,r04,efficient_su2,12,0,11,122,24,5.083333333333333
cairo_heavy_hex_27,r04,efficient_su2,12,0,22,113,24,4.708333333333333
cairo_heavy_hex_27,r04,efficient_su2,12,0,33,125,24,5.208333333333333
cairo_heavy_hex_27,r04,efficient_su2,12,0,44,133,24,5.541666666666667
cairo_heavy_hex_27,r04,efficient_su2,12,0,55,106,24,4.416666666666667
cairo_heavy_hex_27,r04,efficient_su2,12,1,11,24,24,1.0
cairo_heavy_hex_27,r04,efficient_su2,12,1,22,24,24,1.0
cairo_heavy_hex_27,r04,efficient_su2,12,1,33,24,24,1.0
cairo_heavy_hex_27,r04,efficient_su2,12,1,44,24,24,1.0
cairo_heavy_hex_27,r04,efficient_su2,12,1,55,24,24,1.0
cairo_heavy_hex_27,r04,efficient_su2,12,3,11,24,24,1.0
cairo_heavy_hex_27,r04,efficient_su2,12,3,22,24,24,1.0
cairo_heavy_hex_27,r04,efficient_su2,12,3,33,24,24,1.0
cairo_heavy_hex_27,r04,efficient_su2,12,3,44,24,24,1.0
cairo_heavy_hex_27,r04,efficient_su2,12,3,55,24,24,1.0
cairo_heavy_hex_27,r04,efficient_su2,16,0,11,207,32,6.46875
cairo_heavy_hex_27,r04,efficient_su2,16,0,22,211,32,6.59375
cairo_heavy_hex_27,r04,efficient_su2,16,0,33,190,32,5.9375
cairo_heavy_hex_27,r04,efficient_su2,16,0,44,183,32,5.71875
cairo_heavy_hex_27,r04,efficient_su2,16,0,55,175,32,5.46875
cairo_heavy_hex_27,r04,efficient_su2,16,1,11,92,32,2.875
cairo_heavy_hex_27,r04,efficient_su2,16,1,22,80,32,2.5
cairo_heavy_hex_27,r04,efficient_su2,16,1,33,56,32,1.75
cairo_heavy_hex_27,r04,efficient_su2,16,1,44,121,32,3.78125
cairo_heavy_hex_27,r04,efficient_su2,16,1,55,56,32,1.75
cairo_heavy_hex_27,r04,efficient_su2,16,3,11,40,32,1.25
cairo_heavy_hex_27,r04,efficient_su2,16,3,22,77,32,2.40625
cairo_heavy_hex_27,r04,efficient_su2,16,3,33,42,32,1.3125
cairo_heavy_hex_27,r04,efficient_su2,16,3,44,96,32,3.0
cairo_heavy_hex_27,r04,efficient_su2,16,3,55,40,32,1.25
cairo_heavy_hex_27,r04,efficient_su2,20,0,11,259,40,6.475
cairo_heavy_hex_27,r04,efficient_su2,20,0,22,264,40,6.6
cairo_heavy_hex_27,r04,efficient_su2,20,0,33,280,40,7.0
cairo_heavy_hex_27,r04,efficient_su2,20,0,44,218,40,5.45
cairo_heavy_hex_27,r04,efficient_su2,20,0,55,260,40,6.5
cairo_heavy_hex_27,r04,efficient_su2,20,1,11,40,40,1.0
cairo_heavy_hex_27,r04,efficient_su2,20,1,22,40,40,1.0
cairo_heavy_hex_27,r04,efficient_su2,20,1,33,40,40,1.0
cairo_heavy_hex_27,r04,efficient_su2,20,1,44,40,40,1.0
cairo_heavy_hex_27,r04,efficient_su2,20,1,55,40,40,1.0
cairo_heavy_hex_27,r04,efficient_su2,20,3,11,40,40,1.0
cairo_heavy_hex_27,r04,efficient_su2,20,3,22,40,40,1.0
cairo_heavy_hex_27,r04,efficient_su2,20,3,33,40,40,1.0
cairo_heavy_hex_27,r04,efficient_su2,20,3,44,40,40,1.0
cairo_heavy_hex_27,r04,efficient_su2,20,3,55,40,40,1.0
cairo_heavy_hex_27,r04,efficient_su2,24,0,11,260,48,5.416666666666667
cairo_heavy_hex_27,r04,efficient_su2,24,0,22,272,48,5.666666666666667
cairo_heavy_hex_27,r04,efficient_su2,24,0,33,314,48,6.541666666666667
cairo_heavy_hex_27,r04,efficient_su2,24,0,44,242,48,5.041666666666667
cairo_heavy_hex_27,r04,efficient_su2,24,0,55,304,48,6.333333333333333
cairo_heavy_hex_27,r04,efficient_su2,24,1,11,169,48,3.5208333333333335
cairo_heavy_hex_27,r04,efficient_su2,24,1,22,162,48,3.375
cairo_heavy_hex_27,r04,efficient_su2,24,1,33,165,48,3.4375
cairo_heavy_hex_27,r04,efficient_su2,24,1,44,108,48,2.25
cairo_heavy_hex_27,r04,efficient_su2,24,1,55,123,48,2.5625
cairo_heavy_hex_27,r04,efficient_su2,24,3,11,119,48,2.4791666666666665
cairo_heavy_hex_27,r04,efficient_su2,24,3,22,100,48,2.0833333333333335
cairo_heavy_hex_27,r04,efficient_su2,24,3,33,113,48,2.3541666666666665
cairo_heavy_hex_27,r04,efficient_su2,24,3,44,95,48,1.9791666666666667
cairo_heavy_hex_27,r04,efficient_su2,24,3,55,94,48,1.9583333333333333
cairo_heavy_hex_27,r05,qft,4,0,11,41,10,4.1
cairo_heavy_hex_27,r05,qft,4,0,22,32,10,3.2
cairo_heavy_hex_27,r05,qft,4,0,33,35,10,3.5
cairo_heavy_hex_27,r05,qft,4,0,44,35,10,3.5
cairo_heavy_hex_27,r05,qft,4,0,55,40,10,4.0
cairo_heavy_hex_27,r05,qft,4,1,11,18,10,1.8
cairo_heavy_hex_27,r05,qft,4,1,22,18,10,1.8
cairo_heavy_hex_27,r05,qft,4,1,33,19,10,1.9
cairo_heavy_hex_27,r05,qft,4,1,44,18,10,1.8
cairo_heavy_hex_27,r05,qft,4,1,55,18,10,1.8
cairo_heavy_hex_27,r05,qft,4,3,11,18,10,1.8
cairo_heavy_hex_27,r05,qft,4,3,22,18,10,1.8
cairo_heavy_hex_27,r05,qft,4,3,33,18,10,1.8
cairo_heavy_hex_27,r05,qft,4,3,44,18,10,1.8
cairo_heavy_hex_27,r05,qft,4,3,55,18,10,1.8
cairo_heavy_hex_27,r05,qft,8,0,11,132,26,5.076923076923077
cairo_heavy_hex_27,r05,qft,8,0,22,134,26,5.153846153846154
cairo_heavy_hex_27,r05,qft,8,0,33,123,26,4.730769230769231
cairo_heavy_hex_27,r05,qft,8,0,44,127,26,4.884615384615385
cairo_heavy_hex_27,r05,qft,8,0,55,125,26,4.8076923076923075
cairo_heavy_hex_27,r05,qft,8,1,11,66,26,2.5384615384615383
cairo_heavy_hex_27,r05,qft,8,1,22,70,26,2.6923076923076925
cairo_heavy_hex_27,r05,qft,8,1,33,63,26,2.423076923076923
cairo_heavy_hex_27,r05,qft,8,1,44,64,26,2.4615384615384617
cairo_heavy_hex_27,r05,qft,8,1,55,69,26,2.6538461538461537
cairo_heavy_hex_27,r05,qft,8,3,11,64,26,2.4615384615384617
cairo_heavy_hex_27,r05,qft,8,3,22,52,26,2.0
cairo_heavy_hex_27,r05,qft,8,3,33,63,26,2.423076923076923
cairo_heavy_hex_27,r05,qft,8,3,44,63,26,2.423076923076923
cairo_heavy_hex_27,r05,qft,8,3,55,58,26,2.230769230769231
cairo_heavy_hex_27,r05,qft,12,0,11,256,42,6.095238095238095
cairo_heavy_hex_27,r05,qft,12,0,22,208,42,4.9523809523809526
cairo_heavy_hex_27,r05,qft,12,0,33,217,42,5.166666666666667
cairo_heavy_hex_27,r05,qft,12,0,44,194,42,4.619047619047619
cairo_heavy_hex_27,r05,qft,12,0,55,252,42,6.0
cairo_heavy_hex_27,r05,qft,12,1,11,125,42,2.9761904761904763
cairo_heavy_hex_27,r05,qft,12,1,22,144,42,3.4285714285714284
cairo_heavy_hex_27,r05,qft,12,1,33,123,42,2.9285714285714284
cairo_heavy_hex_27,r05,qft,12,1,44,126,42,3.0
cairo_heavy_hex_27,r05,qft,12,1,55,151,42,3.5952380952380953
cairo_heavy_hex_27,r05,qft,12,3,11,116,42,2.761904761904762
cairo_heavy_hex_27,r05,qft,12,3,22,103,42,2.4523809523809526
cairo_heavy_hex_27,r05,qft,12,3,33,110,42,2.619047619047619
cairo_heavy_hex_27,r05,qft,12,3,44,106,42,2.5238095238095237
cairo_heavy_hex_27,r05,qft,12,3,55,114,42,2.7142857142857144
cairo_heavy_hex_27,r05,qft,16,0,11,350,58,6.0344827586206895
cairo_heavy_hex_27,r05,qft,16,0,22,321,58,5.5344827586206895
cairo_heavy_hex_27,r05,qft,16,0,33,367,58,6.327586206896552
cairo_heavy_hex_27,r05,qft,16,0,44,330,58,5.689655172413793
cairo_heavy_hex_27,r05,qft,16,0,55,325,58,5.603448275862069
cairo_heavy_hex_27,r05,qft,16,1,11,171,58,2.9482758620689653
cairo_heavy_hex_27,r05,qft,16,1,22,234,58,4.0344827586206895
cairo_heavy_hex_27,r05,qft,16,1,33,239,58,4.120689655172414
cairo_heavy_hex_27,r05,qft,16,1,44,277,58,4.775862068965517
cairo_heavy_hex_27,r05,qft,16,1,55,166,58,2.8620689655172415
cairo_heavy_hex_27,r05,qft,16,3,11,165,58,2.8448275862068964
cairo_heavy_hex_27,r05,qft,16,3,22,119,58,2.0517241379310347
cairo_heavy_hex_27,r05,qft,16,3,33,171,58,2.9482758620689653
cairo_heavy_hex_27,r05,qft,16,3,44,127,58,2.189655172413793
cairo_heavy_hex_27,r05,qft,16,3,55,182,58,3.1379310344827585
cairo_heavy_hex_27,r05,qft,20,0,11,517,74,6.986486486486487
cairo_heavy_hex_27,r05,qft,20,0,22,459,74,6.202702702702703
cairo_heavy_hex_27,r05,qft,20,0,33,495,74,6.6891891891891895
cairo_heavy_hex_27,r05,qft,20,0,44,465,74,6.283783783783784
cairo_heavy_hex_27,r05,qft,20,0,55,475,74,6.418918918918919
cairo_heavy_hex_27,r05,qft,20,1,11,269,74,3.635135135135135
cairo_heavy_hex_27,r05,qft,20,1,22,340,74,4.594594594594595
cairo_heavy_hex_27,r05,qft,20,1,33,276,74,3.72972972972973
cairo_heavy_hex_27,r05,qft,20,1,44,284,74,3.8378378378378377
cairo_heavy_hex_27,r05,qft,20,1,55,277,74,3.7432432432432434
cairo_heavy_hex_27,r05,qft,20,3,11,206,74,2.7837837837837838
cairo_heavy_hex_27,r05,qft,20,3,22,204,74,2.7567567567567566
cairo_heavy_hex_27,r05,qft,20,3,33,227,74,3.0675675675675675
cairo_heavy_hex_27,r05,qft,20,3,44,227,74,3.0675675675675675
cairo_heavy_hex_27,r05,qft,20,3,55,191,74,2.581081081081081
cairo_heavy_hex_27,r05,qft,24,0,11,664,90,7.377777777777778
cairo_heavy_hex_27,r05,qft,24,0,22,589,90,6.544444444444444
cairo_heavy_hex_27,r05,qft,24,0,33,596,90,6.622222222222222
cairo_heavy_hex_27,r05,qft,24,0,44,689,90,7.655555555555556
cairo_heavy_hex_27,r05,qft,24,0,55,651,90,7.233333333333333
cairo_heavy_hex_27,r05,qft,24,1,11,312,90,3.466666666666667
cairo_heavy_hex_27,r05,qft,24,1,22,372,90,4.133333333333334
cairo_heavy_hex_27,r05,qft,24,1,33,351,90,3.9
cairo_heavy_hex_27,r05,qft,24,1,44,387,90,4.3
cairo_heavy_hex_27,r05,qft,24,1,55,355,90,3.9444444444444446
cairo_heavy_hex_27,r05,qft,24,3,11,249,90,2.7666666666666666
cairo_heavy_hex_27,r05,qft,24,3,22,301,90,3.3444444444444446
cairo_heavy_hex_27,r05,qft,24,3,33,266,90,2.9555555555555557
cairo_heavy_hex_27,r05,qft,24,3,44,290,90,3.2222222222222223
cairo_heavy_hex_27,r05,qft,24,3,55,263,90,2.922222222222222
cairo_heavy_hex_27,r05,ghz_chain,4,0,11,18,3,6.0
cairo_heavy_hex_27,r05,ghz_chain,4,0,22,16,3,5.333333333333333
cairo_heavy_hex_27,r05,ghz_chain,4,0,33,21,3,7.0
cairo_heavy_hex_27,r05,ghz_chain,4,0,44,21,3,7.0
cairo_heavy_hex_27,r05,ghz_chain,4,0,55,18,3,6.0
cairo_heavy_hex_27,r05,ghz_chain,4,1,11,3,3,1.0
cairo_heavy_hex_27,r05,ghz_chain,4,1,22,3,3,1.0
cairo_heavy_hex_27,r05,ghz_chain,4,1,33,3,3,1.0
cairo_heavy_hex_27,r05,ghz_chain,4,1,44,3,3,1.0
cairo_heavy_hex_27,r05,ghz_chain,4,1,55,3,3,1.0
cairo_heavy_hex_27,r05,ghz_chain,4,3,11,3,3,1.0
cairo_heavy_hex_27,r05,ghz_chain,4,3,22,3,3,1.0
cairo_heavy_hex_27,r05,ghz_chain,4,3,33,3,3,1.0
cairo_heavy_hex_27,r05,ghz_chain,4,3,44,3,3,1.0
cairo_heavy_hex_27,r05,ghz_chain,4,3,55,3,3,1.0
cairo_heavy_hex_27,r05,ghz_chain,8,0,11,45,7,6.428571428571429
cairo_heavy_hex_27,r05,ghz_chain,8,0,22,44,7,6.285714285714286
cairo_heavy_hex_27,r05,ghz_chain,8,0,33,54,7,7.714285714285714
cairo_heavy_hex_27,r05,ghz_chain,8,0,44,51,7,7.285714285714286
cairo_heavy_hex_27,r05,ghz_chain,8,0,55,37,7,5.285714285714286
cairo_heavy_hex_27,r05,ghz_chain,8,1,11,7,7,1.0
cairo_heavy_hex_27,r05,ghz_chain,8,1,22,7,7,1.0
cairo_heavy_hex_27,r05,ghz_chain,8,1,33,7,7,1.0
cairo_heavy_hex_27,r05,ghz_chain,8,1,44,7,7,1.0
cairo_heavy_hex_27,r05,ghz_chain,8,1,55,7,7,1.0
cairo_heavy_hex_27,r05,ghz_chain,8,3,11,7,7,1.0
cairo_heavy_hex_27,r05,ghz_chain,8,3,22,7,7,1.0
cairo_heavy_hex_27,r05,ghz_chain,8,3,33,7,7,1.0
cairo_heavy_hex_27,r05,ghz_chain,8,3,44,7,7,1.0
cairo_heavy_hex_27,r05,ghz_chain,8,3,55,7,7,1.0
cairo_heavy_hex_27,r05,ghz_chain,12,0,11,64,11,5.818181818181818
cairo_heavy_hex_27,r05,ghz_chain,12,0,22,62,11,5.636363636363637
cairo_heavy_hex_27,r05,ghz_chain,12,0,33,71,11,6.454545454545454
cairo_heavy_hex_27,r05,ghz_chain,12,0,44,77,11,7.0
cairo_heavy_hex_27,r05,ghz_chain,12,0,55,74,11,6.7272727272727275
cairo_heavy_hex_27,r05,ghz_chain,12,1,11,11,11,1.0
cairo_heavy_hex_27,r05,ghz_chain,12,1,22,11,11,1.0
cairo_heavy_hex_27,r05,ghz_chain,12,1,33,11,11,1.0
cairo_heavy_hex_27,r05,ghz_chain,12,1,44,11,11,1.0
cairo_heavy_hex_27,r05,ghz_chain,12,1,55,11,11,1.0
cairo_heavy_hex_27,r05,ghz_chain,12,3,11,11,11,1.0
cairo_heavy_hex_27,r05,ghz_chain,12,3,22,11,11,1.0
cairo_heavy_hex_27,r05,ghz_chain,12,3,33,11,11,1.0
cairo_heavy_hex_27,r05,ghz_chain,12,3,44,11,11,1.0
cairo_heavy_hex_27,r05,ghz_chain,12,3,55,11,11,1.0
cairo_heavy_hex_27,r05,ghz_chain,16,0,11,86,15,5.733333333333333
cairo_heavy_hex_27,r05,ghz_chain,16,0,22,75,15,5.0
cairo_heavy_hex_27,r05,ghz_chain,16,0,33,87,15,5.8
cairo_heavy_hex_27,r05,ghz_chain,16,0,44,99,15,6.6
cairo_heavy_hex_27,r05,ghz_chain,16,0,55,99,15,6.6
cairo_heavy_hex_27,r05,ghz_chain,16,1,11,15,15,1.0
cairo_heavy_hex_27,r05,ghz_chain,16,1,22,15,15,1.0
cairo_heavy_hex_27,r05,ghz_chain,16,1,33,15,15,1.0
cairo_heavy_hex_27,r05,ghz_chain,16,1,44,15,15,1.0
cairo_heavy_hex_27,r05,ghz_chain,16,1,55,15,15,1.0
cairo_heavy_hex_27,r05,ghz_chain,16,3,11,15,15,1.0
cairo_heavy_hex_27,r05,ghz_chain,16,3,22,15,15,1.0
cairo_heavy_hex_27,r05,ghz_chain,16,3,33,15,15,1.0
cairo_heavy_hex_27,r05,ghz_chain,16,3,44,15,15,1.0
cairo_heavy_hex_27,r05,ghz_chain,16,3,55,15,15,1.0
cairo_heavy_hex_27,r05,ghz_chain,20,0,11,108,19,5.684210526315789
cairo_heavy_hex_27,r05,ghz_chain,20,0,22,109,19,5.7368421052631575
cairo_heavy_hex_27,r05,ghz_chain,20,0,33,112,19,5.894736842105263
cairo_heavy_hex_27,r05,ghz_chain,20,0,44,117,19,6.157894736842105
cairo_heavy_hex_27,r05,ghz_chain,20,0,55,118,19,6.2105263157894735
cairo_heavy_hex_27,r05,ghz_chain,20,1,11,19,19,1.0
cairo_heavy_hex_27,r05,ghz_chain,20,1,22,19,19,1.0
cairo_heavy_hex_27,r05,ghz_chain,20,1,33,19,19,1.0
cairo_heavy_hex_27,r05,ghz_chain,20,1,44,19,19,1.0
cairo_heavy_hex_27,r05,ghz_chain,20,1,55,19,19,1.0
cairo_heavy_hex_27,r05,ghz_chain,20,3,11,19,19,1.0
cairo_heavy_hex_27,r05,ghz_chain,20,3,22,19,19,1.0
cairo_heavy_hex_27,r05,ghz_chain,20,3,33,19,19,1.0
cairo_heavy_hex_27,r05,ghz_chain,20,3,44,19,19,1.0
cairo_heavy_hex_27,r05,ghz_chain,20,3,55,19,19,1.0
cairo_heavy_hex_27,r05,ghz_chain,24,0,11,133,23,5.782608695652174
cairo_heavy_hex_27,r05,ghz_chain,24,0,22,136,23,5.913043478260869
cairo_heavy_hex_27,r05,ghz_chain,24,0,33,157,23,6.826086956521739
cairo_heavy_hex_27,r05,ghz_chain,24,0,44,142,23,6.173913043478261
cairo_heavy_hex_27,r05,ghz_chain,24,0,55,134,23,5.826086956521739
cairo_heavy_hex_27,r05,ghz_chain,24,1,11,59,23,2.5652173913043477
cairo_heavy_hex_27,r05,ghz_chain,24,1,22,56,23,2.4347826086956523
cairo_heavy_hex_27,r05,ghz_chain,24,1,33,56,23,2.4347826086956523
cairo_heavy_hex_27,r05,ghz_chain,24,1,44,59,23,2.5652173913043477
cairo_heavy_hex_27,r05,ghz_chain,24,1,55,56,23,2.4347826086956523
cairo_heavy_hex_27,r05,ghz_chain,24,3,11,56,23,2.4347826086956523
cairo_heavy_hex_27,r05,ghz_chain,24,3,22,56,23,2.4347826086956523
cairo_heavy_hex_27,r05,ghz_chain,24,3,33,60,23,2.608695652173913
cairo_heavy_hex_27,r05,ghz_chain,24,3,44,66,23,2.869565217391304
cairo_heavy_hex_27,r05,ghz_chain,24,3,55,59,23,2.5652173913043477
cairo_heavy_hex_27,r05,ghz_star,4,0,11,15,3,5.0
cairo_heavy_hex_27,r05,ghz_star,4,0,22,18,3,6.0
cairo_heavy_hex_27,r05,ghz_star,4,0,33,24,3,8.0
cairo_heavy_hex_27,r05,ghz_star,4,0,44,20,3,6.666666666666667
cairo_heavy_hex_27,r05,ghz_star,4,0,55,18,3,6.0
cairo_heavy_hex_27,r05,ghz_star,4,1,11,3,3,1.0
cairo_heavy_hex_27,r05,ghz_star,4,1,22,3,3,1.0
cairo_heavy_hex_27,r05,ghz_star,4,1,33,3,3,1.0
cairo_heavy_hex_27,r05,ghz_star,4,1,44,3,3,1.0
cairo_heavy_hex_27,r05,ghz_star,4,1,55,3,3,1.0
cairo_heavy_hex_27,r05,ghz_star,4,3,11,3,3,1.0
cairo_heavy_hex_27,r05,ghz_star,4,3,22,3,3,1.0
cairo_heavy_hex_27,r05,ghz_star,4,3,33,3,3,1.0
cairo_heavy_hex_27,r05,ghz_star,4,3,44,3,3,1.0
cairo_heavy_hex_27,r05,ghz_star,4,3,55,3,3,1.0
cairo_heavy_hex_27,r05,ghz_star,8,0,11,37,7,5.285714285714286
cairo_heavy_hex_27,r05,ghz_star,8,0,22,38,7,5.428571428571429
cairo_heavy_hex_27,r05,ghz_star,8,0,33,37,7,5.285714285714286
cairo_heavy_hex_27,r05,ghz_star,8,0,44,39,7,5.571428571428571
cairo_heavy_hex_27,r05,ghz_star,8,0,55,58,7,8.285714285714286
cairo_heavy_hex_27,r05,ghz_star,8,1,11,18,7,2.5714285714285716
cairo_heavy_hex_27,r05,ghz_star,8,1,22,18,7,2.5714285714285716
cairo_heavy_hex_27,r05,ghz_star,8,1,33,22,7,3.142857142857143
cairo_heavy_hex_27,r05,ghz_star,8,1,44,19,7,2.7142857142857144
cairo_heavy_hex_27,r05,ghz_star,8,1,55,22,7,3.142857142857143
cairo_heavy_hex_27,r05,ghz_star,8,3,11,15,7,2.142857142857143
cairo_heavy_hex_27,r05,ghz_star,8,3,22,18,7,2.5714285714285716
cairo_heavy_hex_27,r05,ghz_star,8,3,33,15,7,2.142857142857143
cairo_heavy_hex_27,r05,ghz_star,8,3,44,17,7,2.4285714285714284
cairo_heavy_hex_27,r05,ghz_star,8,3,55,15,7,2.142857142857143
cairo_heavy_hex_27,r05,ghz_star,12,0,11,47,11,4.2727272727272725
cairo_heavy_hex_27,r05,ghz_star,12,0,22,60,11,5.454545454545454
cairo_heavy_hex_27,r05,ghz_star,12,0,33,58,11,5.2727272727272725
cairo_heavy_hex_27,r05,ghz_star,12,0,44,74,11,6.7272727272727275
cairo_heavy_hex_27,r05,ghz_star,12,0,55,77,11,7.0
cairo_heavy_hex_27,r05,ghz_star,12,1,11,43,11,3.909090909090909
cairo_heavy_hex_27,r05,ghz_star,12,1,22,27,11,2.4545454545454546
cairo_heavy_hex_27,r05,ghz_star,12,1,33,36,11,3.272727272727273
cairo_heavy_hex_27,r05,ghz_star,12,1,44,44,11,4.0
cairo_heavy_hex_27,r05,ghz_star,12,1,55,39,11,3.5454545454545454
cairo_heavy_hex_27,r05,ghz_star,12,3,11,30,11,2.727272727272727
cairo_heavy_hex_27,r05,ghz_star,12,3,22,25,11,2.272727272727273
cairo_heavy_hex_27,r05,ghz_star,12,3,33,33,11,3.0
cairo_heavy_hex_27,r05,ghz_star,12,3,44,34,11,3.090909090909091
cairo_heavy_hex_27,r05,ghz_star,12,3,55,27,11,2.4545454545454546
cairo_heavy_hex_27,r05,ghz_star,16,0,11,67,15,4.466666666666667
cairo_heavy_hex_27,r05,ghz_star,16,0,22,84,15,5.6
cairo_heavy_hex_27,r05,ghz_star,16,0,33,77,15,5.133333333333334
cairo_heavy_hex_27,r05,ghz_star,16,0,44,96,15,6.4
cairo_heavy_hex_27,r05,ghz_star,16,0,55,102,15,6.8
cairo_heavy_hex_27,r05,ghz_star,16,1,11,59,15,3.933333333333333
cairo_heavy_hex_27,r05,ghz_star,16,1,22,51,15,3.4
cairo_heavy_hex_27,r05,ghz_star,16,1,33,62,15,4.133333333333334
cairo_heavy_hex_27,r05,ghz_star,16,1,44,54,15,3.6
cairo_heavy_hex_27,r05,ghz_star,16,1,55,60,15,4.0
cairo_heavy_hex_27,r05,ghz_star,16,3,11,53,15,3.533333333333333
cairo_heavy_hex_27,r05,ghz_star,16,3,22,43,15,2.8666666666666667
cairo_heavy_hex_27,r05,ghz_star,16,3,33,44,15,2.933333333333333
cairo_heavy_hex_27,r05,ghz_star,16,3,44,50,15,3.3333333333333335
cairo_heavy_hex_27,r05,ghz_star,16,3,55,45,15,3.0
cairo_heavy_hex_27,r05,ghz_star,20,0,11,125,19,6.578947368421052
cairo_heavy_hex_27,r05,ghz_star,20,0,22,118,19,6.2105263157894735
cairo_heavy_hex_27,r05,ghz_star,20,0,33,111,19,5.842105263157895
cairo_heavy_hex_27,r05,ghz_star,20,0,44,118,19,6.2105263157894735
cairo_heavy_hex_27,r05,ghz_star,20,0,55,124,19,6.526315789473684
cairo_heavy_hex_27,r05,ghz_star,20,1,11,83,19,4.368421052631579
cairo_heavy_hex_27,r05,ghz_star,20,1,22,72,19,3.789473684210526
cairo_heavy_hex_27,r05,ghz_star,20,1,33,81,19,4.2631578947368425
cairo_heavy_hex_27,r05,ghz_star,20,1,44,82,19,4.315789473684211
cairo_heavy_hex_27,r05,ghz_star,20,1,55,81,19,4.2631578947368425
cairo_heavy_hex_27,r05,ghz_star,20,3,11,75,19,3.9473684210526314
cairo_heavy_hex_27,r05,ghz_star,20,3,22,61,19,3.210526315789474
cairo_heavy_hex_27,r05,ghz_star,20,3,33,61,19,3.210526315789474
cairo_heavy_hex_27,r05,ghz_star,20,3,44,71,19,3.736842105263158
cairo_heavy_hex_27,r05,ghz_star,20,3,55,68,19,3.5789473684210527
cairo_heavy_hex_27,r05,ghz_star,24,0,11,155,23,6.739130434782608
cairo_heavy_hex_27,r05,ghz_star,24,0,22,149,23,6.478260869565218
cairo_heavy_hex_27,r05,ghz_star,24,0,33,130,23,5.6521739130434785
cairo_heavy_hex_27,r05,ghz_star,24,0,44,140,23,6.086956521739131
cairo_heavy_hex_27,r05,ghz_star,24,0,55,137,23,5.956521739130435
cairo_heavy_hex_27,r05,ghz_star,24,1,11,99,23,4.304347826086956
cairo_heavy_hex_27,r05,ghz_star,24,1,22,100,23,4.3478260869565215
cairo_heavy_hex_27,r05,ghz_star,24,1,33,100,23,4.3478260869565215
cairo_heavy_hex_27,r05,ghz_star,24,1,44,93,23,4.043478260869565
cairo_heavy_hex_27,r05,ghz_star,24,1,55,96,23,4.173913043478261
cairo_heavy_hex_27,r05,ghz_star,24,3,11,86,23,3.739130434782609
cairo_heavy_hex_27,r05,ghz_star,24,3,22,64,23,2.782608695652174
cairo_heavy_hex_27,r05,ghz_star,24,3,33,70,23,3.0434782608695654
cairo_heavy_hex_27,r05,ghz_star,24,3,44,65,23,2.8260869565217392
cairo_heavy_hex_27,r05,ghz_star,24,3,55,86,23,3.739130434782609
cairo_heavy_hex_27,r05,efficient_su2,4,0,11,46,8,5.75
cairo_heavy_hex_27,r05,efficient_su2,4,0,22,35,8,4.375
cairo_heavy_hex_27,r05,efficient_su2,4,0,33,30,8,3.75
cairo_heavy_hex_27,r05,efficient_su2,4,0,44,32,8,4.0
cairo_heavy_hex_27,r05,efficient_su2,4,0,55,44,8,5.5
cairo_heavy_hex_27,r05,efficient_su2,4,1,11,17,8,2.125
cairo_heavy_hex_27,r05,efficient_su2,4,1,22,17,8,2.125
cairo_heavy_hex_27,r05,efficient_su2,4,1,33,17,8,2.125
cairo_heavy_hex_27,r05,efficient_su2,4,1,44,16,8,2.0
cairo_heavy_hex_27,r05,efficient_su2,4,1,55,17,8,2.125
cairo_heavy_hex_27,r05,efficient_su2,4,3,11,17,8,2.125
cairo_heavy_hex_27,r05,efficient_su2,4,3,22,17,8,2.125
cairo_heavy_hex_27,r05,efficient_su2,4,3,33,17,8,2.125
cairo_heavy_hex_27,r05,efficient_su2,4,3,44,17,8,2.125
cairo_heavy_hex_27,r05,efficient_su2,4,3,55,17,8,2.125
cairo_heavy_hex_27,r05,efficient_su2,8,0,11,84,16,5.25
cairo_heavy_hex_27,r05,efficient_su2,8,0,22,81,16,5.0625
cairo_heavy_hex_27,r05,efficient_su2,8,0,33,86,16,5.375
cairo_heavy_hex_27,r05,efficient_su2,8,0,44,82,16,5.125
cairo_heavy_hex_27,r05,efficient_su2,8,0,55,85,16,5.3125
cairo_heavy_hex_27,r05,efficient_su2,8,1,11,40,16,2.5
cairo_heavy_hex_27,r05,efficient_su2,8,1,22,40,16,2.5
cairo_heavy_hex_27,r05,efficient_su2,8,1,33,40,16,2.5
cairo_heavy_hex_27,r05,efficient_su2,8,1,44,40,16,2.5
cairo_heavy_hex_27,r05,efficient_su2,8,1,55,40,16,2.5
cairo_heavy_hex_27,r05,efficient_su2,8,3,11,40,16,2.5
cairo_heavy_hex_27,r05,efficient_su2,8,3,22,40,16,2.5
cairo_heavy_hex_27,r05,efficient_su2,8,3,33,40,16,2.5
cairo_heavy_hex_27,r05,efficient_su2,8,3,44,40,16,2.5
cairo_heavy_hex_27,r05,efficient_su2,8,3,55,40,16,2.5
cairo_heavy_hex_27,r05,efficient_su2,12,0,11,113,24,4.708333333333333
cairo_heavy_hex_27,r05,efficient_su2,12,0,22,147,24,6.125
cairo_heavy_hex_27,r05,efficient_su2,12,0,33,123,24,5.125
cairo_heavy_hex_27,r05,efficient_su2,12,0,44,131,24,5.458333333333333
cairo_heavy_hex_27,r05,efficient_su2,12,0,55,106,24,4.416666666666667
cairo_heavy_hex_27,r05,efficient_su2,12,1,11,24,24,1.0
cairo_heavy_hex_27,r05,efficient_su2,12,1,22,24,24,1.0
cairo_heavy_hex_27,r05,efficient_su2,12,1,33,24,24,1.0
cairo_heavy_hex_27,r05,efficient_su2,12,1,44,24,24,1.0
cairo_heavy_hex_27,r05,efficient_su2,12,1,55,24,24,1.0
cairo_heavy_hex_27,r05,efficient_su2,12,3,11,24,24,1.0
cairo_heavy_hex_27,r05,efficient_su2,12,3,22,24,24,1.0
cairo_heavy_hex_27,r05,efficient_su2,12,3,33,24,24,1.0
cairo_heavy_hex_27,r05,efficient_su2,12,3,44,24,24,1.0
cairo_heavy_hex_27,r05,efficient_su2,12,3,55,24,24,1.0
cairo_heavy_hex_27,r05,efficient_su2,16,0,11,166,32,5.1875
cairo_heavy_hex_27,r05,efficient_su2,16,0,22,135,32,4.21875
cairo_heavy_hex_27,r05,efficient_su2,16,0,33,195,32,6.09375
cairo_heavy_hex_27,r05,efficient_su2,16,0,44,124,32,3.875
cairo_heavy_hex_27,r05,efficient_su2,16,0,55,159,32,4.96875
cairo_heavy_hex_27,r05,efficient_su2,16,1,11,104,32,3.25
cairo_heavy_hex_27,r05,efficient_su2,16,1,22,80,32,2.5
cairo_heavy_hex_27,r05,efficient_su2,16,1,33,92,32,2.875
cairo_heavy_hex_27,r05,efficient_su2,16,1,44,105,32,3.28125
cairo_heavy_hex_27,r05,efficient_su2,16,1,55,80,32,2.5
cairo_heavy_hex_27,r05,efficient_su2,16,3,11,64,32,2.0
cairo_heavy_hex_27,r05,efficient_su2,16,3,22,52,32,1.625
cairo_heavy_hex_27,r05,efficient_su2,16,3,33,90,32,2.8125
cairo_heavy_hex_27,r05,efficient_su2,16,3,44,93,32,2.90625
cairo_heavy_hex_27,r05,efficient_su2,16,3,55,80,32,2.5
cairo_heavy_hex_27,r05,efficient_su2,20,0,11,194,40,4.85
cairo_heavy_hex_27,r05,efficient_su2,20,0,22,237,40,5.925
cairo_heavy_hex_27,r05,efficient_su2,20,0,33,268,40,6.7
cairo_heavy_hex_27,r05,efficient_su2,20,0,44,223,40,5.575
cairo_heavy_hex_27,r05,efficient_su2,20,0,55,219,40,5.475
cairo_heavy_hex_27,r05,efficient_su2,20,1,11,40,40,1.0
cairo_heavy_hex_27,r05,efficient_su2,20,1,22,40,40,1.0
cairo_heavy_hex_27,r05,efficient_su2,20,1,33,40,40,1.0
cairo_heavy_hex_27,r05,efficient_su2,20,1,44,40,40,1.0
cairo_heavy_hex_27,r05,efficient_su2,20,1,55,40,40,1.0
cairo_heavy_hex_27,r05,efficient_su2,20,3,11,40,40,1.0
cairo_heavy_hex_27,r05,efficient_su2,20,3,22,40,40,1.0
cairo_heavy_hex_27,r05,efficient_su2,20,3,33,40,40,1.0
cairo_heavy_hex_27,r05,efficient_su2,20,3,44,40,40,1.0
cairo_heavy_hex_27,r05,efficient_su2,20,3,55,40,40,1.0
cairo_heavy_hex_27,r05,efficient_su2,24,0,11,280,48,5.833333333333333
cairo_heavy_hex_27,r05,efficient_su2,24,0,22,272,48,5.666666666666667
cairo_heavy_hex_27,r05,efficient_su2,24,0,33,323,48,6.729166666666667
cairo_heavy_hex_27,r05,efficient_su2,24,0,44,261,48,5.4375
cairo_heavy_hex_27,r05,efficient_su2,24,0,55,273,48,5.6875
cairo_heavy_hex_27,r05,efficient_su2,24,1,11,150,48,3.125
cairo_heavy_hex_27,r05,efficient_su2,24,1,22,138,48,2.875
cairo_heavy_hex_27,r05,efficient_su2,24,1,33,155,48,3.2291666666666665
cairo_heavy_hex_27,r05,efficient_su2,24,1,44,198,48,4.125
cairo_heavy_hex_27,r05,efficient_su2,24,1,55,165,48,3.4375
cairo_heavy_hex_27,r05,efficient_su2,24,3,11,129,48,2.6875
cairo_heavy_hex_27,r05,efficient_su2,24,3,22,101,48,2.1041666666666665
cairo_heavy_hex_27,r05,efficient_su2,24,3,33,133,48,2.7708333333333335
cairo_heavy_hex_27,r05,efficient_su2,24,3,44,136,48,2.8333333333333335
cairo_heavy_hex_27,r05,efficient_su2,24,3,55,150,48,3.125
cairo_heavy_hex_27,r06,qft,4,0,11,34,10,3.4
cairo_heavy_hex_27,r06,qft,4,0,22,31,10,3.1
cairo_heavy_hex_27,r06,qft,4,0,33,37,10,3.7
cairo_heavy_hex_27,r06,qft,4,0,44,34,10,3.4
cairo_heavy_hex_27,r06,qft,4,0,55,40,10,4.0
cairo_heavy_hex_27,r06,qft,4,1,11,18,10,1.8
cairo_heavy_hex_27,r06,qft,4,1,22,18,10,1.8
cairo_heavy_hex_27,r06,qft,4,1,33,18,10,1.8
cairo_heavy_hex_27,r06,qft,4,1,44,18,10,1.8
cairo_heavy_hex_27,r06,qft,4,1,55,18,10,1.8
cairo_heavy_hex_27,r06,qft,4,3,11,18,10,1.8
cairo_heavy_hex_27,r06,qft,4,3,22,18,10,1.8
cairo_heavy_hex_27,r06,qft,4,3,33,18,10,1.8
cairo_heavy_hex_27,r06,qft,4,3,44,18,10,1.8
cairo_heavy_hex_27,r06,qft,4,3,55,18,10,1.8
cairo_heavy_hex_27,r06,qft,8,0,11,125,26,4.8076923076923075
cairo_heavy_hex_27,r06,qft,8,0,22,121,26,4.653846153846154
cairo_heavy_hex_27,r06,qft,8,0,33,141,26,5.423076923076923
cairo_heavy_hex_27,r06,qft,8,0,44,119,26,4.576923076923077
cairo_heavy_hex_27,r06,qft,8,0,55,114,26,4.384615384615385
cairo_heavy_hex_27,r06,qft,8,1,11,63,26,2.423076923076923
cairo_heavy_hex_27,r06,qft,8,1,22,66,26,2.5384615384615383
cairo_heavy_hex_27,r06,qft,8,1,33,66,26,2.5384615384615383
cairo_heavy_hex_27,r06,qft,8,1,44,79,26,3.0384615384615383
cairo_heavy_hex_27,r06,qft,8,1,55,73,26,2.8076923076923075
cairo_heavy_hex_27,r06,qft,8,3,11,61,26,2.3461538461538463
cairo_heavy_hex_27,r06,qft,8,3,22,58,26,2.230769230769231
cairo_heavy_hex_27,r06,qft,8,3,33,57,26,2.1923076923076925
cairo_heavy_hex_27,r06,qft,8,3,44,52,26,2.0
cairo_heavy_hex_27,r06,qft,8,3,55,51,26,1.9615384615384615
cairo_heavy_hex_27,r06,qft,12,0,11,202,42,4.809523809523809
cairo_heavy_hex_27,r06,qft,12,0,22,238,42,5.666666666666667
cairo_heavy_hex_27,r06,qft,12,0,33,250,42,5.9523809523809526
cairo_heavy_hex_27,r06,qft,12,0,44,229,42,5.4523809523809526
cairo_heavy_hex_27,r06,qft,12,0,55,270,42,6.428571428571429
cairo_heavy_hex_27,r06,qft,12,1,11,155,42,3.6904761904761907
cairo_heavy_hex_27,r06,qft,12,1,22,149,42,3.5476190476190474
cairo_heavy_hex_27,r06,qft,12,1,33,118,42,2.8095238095238093
cairo_heavy_hex_27,r06,qft,12,1,44,138,42,3.2857142857142856
cairo_heavy_hex_27,r06,qft,12,1,55,117,42,2.7857142857142856
cairo_heavy_hex_27,r06,qft,12,3,11,117,42,2.7857142857142856
cairo_heavy_hex_27,r06,qft,12,3,22,117,42,2.7857142857142856
cairo_heavy_hex_27,r06,qft,12,3,33,102,42,2.4285714285714284
cairo_heavy_hex_27,r06,qft,12,3,44,130,42,3.0952380952380953
cairo_heavy_hex_27,r06,qft,12,3,55,117,42,2.7857142857142856
cairo_heavy_hex_27,r06,qft,16,0,11,373,58,6.431034482758621
cairo_heavy_hex_27,r06,qft,16,0,22,365,58,6.293103448275862
cairo_heavy_hex_27,r06,qft,16,0,33,369,58,6.362068965517241
cairo_heavy_hex_27,r06,qft,16,0,44,358,58,6.172413793103448
cairo_heavy_hex_27,r06,qft,16,0,55,307,58,5.293103448275862
cairo_heavy_hex_27,r06,qft,16,1,11,167,58,2.8793103448275863
cairo_heavy_hex_27,r06,qft,16,1,22,257,58,4.431034482758621
cairo_heavy_hex_27,r06,qft,16,1,33,222,58,3.8275862068965516
cairo_heavy_hex_27,r06,qft,16,1,44,155,58,2.6724137931034484
cairo_heavy_hex_27,r06,qft,16,1,55,183,58,3.1551724137931036
cairo_heavy_hex_27,r06,qft,16,3,11,199,58,3.4310344827586206
cairo_heavy_hex_27,r06,qft,16,3,22,165,58,2.8448275862068964
cairo_heavy_hex_27,r06,qft,16,3,33,162,58,2.793103448275862
cairo_heavy_hex_27,r06,qft,16,3,44,155,58,2.6724137931034484
cairo_heavy_hex_27,r06,qft,16,3,55,184,58,3.1724137931034484
cairo_heavy_hex_27,r06,qft,20,0,11,561,74,7.581081081081081
cairo_heavy_hex_27,r06,qft,20,0,22,512,74,6.918918918918919
cairo_heavy_hex_27,r06,qft,20,0,33,470,74,6.351351351351352
cairo_heavy_hex_27,r06,qft,20,0,44,409,74,5.527027027027027
cairo_heavy_hex_27,r06,qft,20,0,55,420,74,5.675675675675675
cairo_heavy_hex_27,r06,qft,20,1,11,272,74,3.675675675675676
cairo_heavy_hex_27,r06,qft,20,1,22,257,74,3.472972972972973
cairo_heavy_hex_27,r06,qft,20,1,33,249,74,3.364864864864865
cairo_heavy_hex_27,r06,qft,20,1,44,238,74,3.2162162162162162
cairo_heavy_hex_27,r06,qft,20,1,55,264,74,3.5675675675675675
cairo_heavy_hex_27,r06,qft,20,3,11,167,74,2.2567567567567566
cairo_heavy_hex_27,r06,qft,20,3,22,218,74,2.945945945945946
cairo_heavy_hex_27,r06,qft,20,3,33,224,74,3.027027027027027
cairo_heavy_hex_27,r06,qft,20,3,44,241,74,3.2567567567567566
cairo_heavy_hex_27,r06,qft,20,3,55,177,74,2.391891891891892
cairo_heavy_hex_27,r06,qft,24,0,11,653,90,7.2555555555555555
cairo_heavy_hex_27,r06,qft,24,0,22,713,90,7.9222222222222225
cairo_heavy_hex_27,r06,qft,24,0,33,636,90,7.066666666666666
cairo_heavy_hex_27,r06,qft,24,0,44,627,90,6.966666666666667
cairo_heavy_hex_27,r06,qft,24,0,55,664,90,7.377777777777778
cairo_heavy_hex_27,r06,qft,24,1,11,422,90,4.688888888888889
cairo_heavy_hex_27,r06,qft,24,1,22,304,90,3.3777777777777778
cairo_heavy_hex_27,r06,qft,24,1,33,376,90,4.177777777777778
cairo_heavy_hex_27,r06,qft,24,1,44,417,90,4.633333333333334
cairo_heavy_hex_27,r06,qft,24,1,55,359,90,3.988888888888889
cairo_heavy_hex_27,r06,qft,24,3,11,317,90,3.522222222222222
cairo_heavy_hex_27,r06,qft,24,3,22,254,90,2.8222222222222224
cairo_heavy_hex_27,r06,qft,24,3,33,262,90,2.911111111111111
cairo_heavy_hex_27,r06,qft,24,3,44,252,90,2.8
cairo_heavy_hex_27,r06,qft,24,3,55,304,90,3.3777777777777778
cairo_heavy_hex_27,r06,ghz_chain,4,0,11,15,3,5.0
cairo_heavy_hex_27,r06,ghz_chain,4,0,22,15,3,5.0
cairo_heavy_hex_27,r06,ghz_chain,4,0,33,15,3,5.0
cairo_heavy_hex_27,r06,ghz_chain,4,0,44,15,3,5.0
cairo_heavy_hex_27,r06,ghz_chain,4,0,55,18,3,6.0
cairo_heavy_hex_27,r06,ghz_chain,4,1,11,3,3,1.0
cairo_heavy_hex_27,r06,ghz_chain,4,1,22,3,3,1.0
cairo_heavy_hex_27,r06,ghz_chain,4,1,33,3,3,1.0
cairo_heavy_hex_27,r06,ghz_chain,4,1,44,3,3,1.0
cairo_heavy_hex_27,r06,ghz_chain,4,1,55,3,3,1.0
cairo_heavy_hex_27,r06,ghz_chain,4,3,11,3,3,1.0
cairo_heavy_hex_27,r06,ghz_chain,4,3,22,3,3,1.0
cairo_heavy_hex_27,r06,ghz_chain,4,3,33,3,3,1.0
cairo_heavy_hex_27,r06,ghz_chain,4,3,44,3,3,1.0
cairo_heavy_hex_27,r06,ghz_chain,4,3,55,3,3,1.0
cairo_heavy_hex_27,r06,ghz_chain,8,0,11,67,7,9.571428571428571
cairo_heavy_hex_27,r06,ghz_chain,8,0,22,46,7,6.571428571428571
cairo_heavy_hex_27,r06,ghz_chain,8,0,33,46,7,6.571428571428571
cairo_heavy_hex_27,r06,ghz_chain,8,0,44,46,7,6.571428571428571
cairo_heavy_hex_27,r06,ghz_chain,8,0,55,52,7,7.428571428571429
cairo_heavy_hex_27,r06,ghz_chain,8,1,11,7,7,1.0
cairo_heavy_hex_27,r06,ghz_chain,8,1,22,7,7,1.0
cairo_heavy_hex_27,r06,ghz_chain,8,1,33,7,7,1.0
cairo_heavy_hex_27,r06,ghz_chain,8,1,44,7,7,1.0
cairo_heavy_hex_27,r06,ghz_chain,8,1,55,7,7,1.0
cairo_heavy_hex_27,r06,ghz_chain,8,3,11,7,7,1.0
cairo_heavy_hex_27,r06,ghz_chain,8,3,22,7,7,1.0
cairo_heavy_hex_27,r06,ghz_chain,8,3,33,7,7,1.0
cairo_heavy_hex_27,r06,ghz_chain,8,3,44,7,7,1.0
cairo_heavy_hex_27,r06,ghz_chain,8,3,55,7,7,1.0
cairo_heavy_hex_27,r06,ghz_chain,12,0,11,91,11,8.272727272727273
cairo_heavy_hex_27,r06,ghz_chain,12,0,22,71,11,6.454545454545454
cairo_heavy_hex_27,r06,ghz_chain,12,0,33,74,11,6.7272727272727275
cairo_heavy_hex_27,r06,ghz_chain,12,0,44,79,11,7.181818181818182
cairo_heavy_hex_27,r06,ghz_chain,12,0,55,101,11,9.181818181818182
cairo_heavy_hex_27,r06,ghz_chain,12,1,11,11,11,1.0
cairo_heavy_hex_27,r06,ghz_chain,12,1,22,11,11,1.0
cairo_heavy_hex_27,r06,ghz_chain,12,1,33,11,11,1.0
cairo_heavy_hex_27,r06,ghz_chain,12,1,44,11,11,1.0
cairo_heavy_hex_27,r06,ghz_chain,12,1,55,11,11,1.0
cairo_heavy_hex_27,r06,ghz_chain,12,3,11,11,11,1.0
cairo_heavy_hex_27,r06,ghz_chain,12,3,22,11,11,1.0
cairo_heavy_hex_27,r06,ghz_chain,12,3,33,11,11,1.0
cairo_heavy_hex_27,r06,ghz_chain,12,3,44,11,11,1.0
cairo_heavy_hex_27,r06,ghz_chain,12,3,55,11,11,1.0
cairo_heavy_hex_27,r06,ghz_chain,16,0,11,102,15,6.8
cairo_heavy_hex_27,r06,ghz_chain,16,0,22,108,15,7.2
cairo_heavy_hex_27,r06,ghz_chain,16,0,33,99,15,6.6
cairo_heavy_hex_27,r06,ghz_chain,16,0,44,92,15,6.133333333333334
cairo_heavy_hex_27,r06,ghz_chain,16,0,55,126,15,8.4
cairo_heavy_hex_27,r06,ghz_chain,16,1,11,15,15,1.0
cairo_heavy_hex_27,r06,ghz_chain,16,1,22,15,15,1.0
cairo_heavy_hex_27,r06,ghz_chain,16,1,33,15,15,1.0
cairo_heavy_hex_27,r06,ghz_chain,16,1,44,15,15,1.0
cairo_heavy_hex_27,r06,ghz_chain,16,1,55,15,15,1.0
cairo_heavy_hex_27,r06,ghz_chain,16,3,11,15,15,1.0
cairo_heavy_hex_27,r06,ghz_chain,16,3,22,15,15,1.0
cairo_heavy_hex_27,r06,ghz_chain,16,3,33,15,15,1.0
cairo_heavy_hex_27,r06,ghz_chain,16,3,44,15,15,1.0
cairo_heavy_hex_27,r06,ghz_chain,16,3,55,15,15,1.0
cairo_heavy_hex_27,r06,ghz_chain,20,0,11,109,19,5.7368421052631575
cairo_heavy_hex_27,r06,ghz_chain,20,0,22,151,19,7.947368421052632
cairo_heavy_hex_27,r06,ghz_chain,20,0,33,133,19,7.0
cairo_heavy_hex_27,r06,ghz_chain,20,0,44,120,19,6.315789473684211
cairo_heavy_hex_27,r06,ghz_chain,20,0,55,169,19,8.894736842105264
cairo_heavy_hex_27,r06,ghz_chain,20,1,11,19,19,1.0
cairo_heavy_hex_27,r06,ghz_chain,20,1,22,19,19,1.0
cairo_heavy_hex_27,r06,ghz_chain,20,1,33,19,19,1.0
cairo_heavy_hex_27,r06,ghz_chain,20,1,44,19,19,1.0
cairo_heavy_hex_27,r06,ghz_chain,20,1,55,19,19,1.0
cairo_heavy_hex_27,r06,ghz_chain,20,3,11,19,19,1.0
cairo_heavy_hex_27,r06,ghz_chain,20,3,22,19,19,1.0
cairo_heavy_hex_27,r06,ghz_chain,20,3,33,19,19,1.0
cairo_heavy_hex_27,r06,ghz_chain,20,3,44,19,19,1.0
cairo_heavy_hex_27,r06,ghz_chain,20,3,55,19,19,1.0
cairo_heavy_hex_27,r06,ghz_chain,24,0,11,178,23,7.739130434782608
cairo_heavy_hex_27,r06,ghz_chain,24,0,22,173,23,7.521739130434782
cairo_heavy_hex_27,r06,ghz_chain,24,0,33,158,23,6.869565217391305
cairo_heavy_hex_27,r06,ghz_chain,24,0,44,154,23,6.695652173913044
cairo_heavy_hex_27,r06,ghz_chain,24,0,55,203,23,8.826086956521738
cairo_heavy_hex_27,r06,ghz_chain,24,1,11,82,23,3.5652173913043477
cairo_heavy_hex_27,r06,ghz_chain,24,1,22,69,23,3.0
cairo_heavy_hex_27,r06,ghz_chain,24,1,33,72,23,3.130434782608696
cairo_heavy_hex_27,r06,ghz_chain,24,1,44,76,23,3.3043478260869565
cairo_heavy_hex_27,r06,ghz_chain,24,1,55,57,23,2.4782608695652173
cairo_heavy_hex_27,r06,ghz_chain,24,3,11,49,23,2.130434782608696
cairo_heavy_hex_27,r06,ghz_chain,24,3,22,49,23,2.130434782608696
cairo_heavy_hex_27,r06,ghz_chain,24,3,33,59,23,2.5652173913043477
cairo_heavy_hex_27,r06,ghz_chain,24,3,44,54,23,2.347826086956522
cairo_heavy_hex_27,r06,ghz_chain,24,3,55,55,23,2.391304347826087
cairo_heavy_hex_27,r06,ghz_star,4,0,11,15,3,5.0
cairo_heavy_hex_27,r06,ghz_star,4,0,22,15,3,5.0
cairo_heavy_hex_27,r06,ghz_star,4,0,33,15,3,5.0
cairo_heavy_hex_27,r06,ghz_star,4,0,44,15,3,5.0
cairo_heavy_hex_27,r06,ghz_star,4,0,55,15,3,5.0
cairo_heavy_hex_27,r06,ghz_star,4,1,11,3,3,1.0
cairo_heavy_hex_27,r06,ghz_star,4,1,22,3,3,1.0
cairo_heavy_hex_27,r06,ghz_star,4,1,33,3,3,1.0
cairo_heavy_hex_27,r06,ghz_star,4,1,44,3,3,1.0
cairo_heavy_hex_27,r06,ghz_star,4,1,55,3,3,1.0
cairo_heavy_hex_27,r06,ghz_star,4,3,11,3,3,1.0
cairo_heavy_hex_27,r06,ghz_star,4,3,22,3,3,1.0
cairo_heavy_hex_27,r06,ghz_star,4,3,33,3,3,1.0
cairo_heavy_hex_27,r06,ghz_star,4,3,44,3,3,1.0
cairo_heavy_hex_27,r06,ghz_star,4,3,55,3,3,1.0
cairo_heavy_hex_27,r06,ghz_star,8,0,11,64,7,9.142857142857142
cairo_heavy_hex_27,r06,ghz_star,8,0,22,56,7,8.0
cairo_heavy_hex_27,r06,ghz_star,8,0,33,46,7,6.571428571428571
cairo_heavy_hex_27,r06,ghz_star,8,0,44,46,7,6.571428571428571
cairo_heavy_hex_27,r06,ghz_star,8,0,55,38,7,5.428571428571429
cairo_heavy_hex_27,r06,ghz_star,8,1,11,15,7,2.142857142857143
cairo_heavy_hex_27,r06,ghz_star,8,1,22,15,7,2.142857142857143
cairo_heavy_hex_27,r06,ghz_star,8,1,33,15,7,2.142857142857143
cairo_heavy_hex_27,r06,ghz_star,8,1,44,15,7,2.142857142857143
cairo_heavy_hex_27,r06,ghz_star,8,1,55,19,7,2.7142857142857144
cairo_heavy_hex_27,r06,ghz_star,8,3,11,15,7,2.142857142857143
cairo_heavy_hex_27,r06,ghz_star,8,3,22,15,7,2.142857142857143
cairo_heavy_hex_27,r06,ghz_star,8,3,33,13,7,1.8571428571428572
cairo_heavy_hex_27,r06,ghz_star,8,3,44,16,7,2.2857142857142856
cairo_heavy_hex_27,r06,ghz_star,8,3,55,17,7,2.4285714285714284
cairo_heavy_hex_27,r06,ghz_star,12,0,11,82,11,7.454545454545454
cairo_heavy_hex_27,r06,ghz_star,12,0,22,74,11,6.7272727272727275
cairo_heavy_hex_27,r06,ghz_star,12,0,33,65,11,5.909090909090909
cairo_heavy_hex_27,r06,ghz_star,12,0,44,81,11,7.363636363636363
cairo_heavy_hex_27,r06,ghz_star,12,0,55,60,11,5.454545454545454
cairo_heavy_hex_27,r06,ghz_star,12,1,11,40,11,3.6363636363636362
cairo_heavy_hex_27,r06,ghz_star,12,1,22,41,11,3.727272727272727
cairo_heavy_hex_27,r06,ghz_star,12,1,33,37,11,3.3636363636363638
cairo_heavy_hex_27,r06,ghz_star,12,1,44,33,11,3.0
cairo_heavy_hex_27,r06,ghz_star,12,1,55,34,11,3.090909090909091
cairo_heavy_hex_27,r06,ghz_star,12,3,11,33,11,3.0
cairo_heavy_hex_27,r06,ghz_star,12,3,22,30,11,2.727272727272727
cairo_heavy_hex_27,r06,ghz_star,12,3,33,26,11,2.3636363636363638
cairo_heavy_hex_27,r06,ghz_star,12,3,44,32,11,2.909090909090909
cairo_heavy_hex_27,r06,ghz_star,12,3,55,31,11,2.8181818181818183
cairo_heavy_hex_27,r06,ghz_star,16,0,11,110,15,7.333333333333333
cairo_heavy_hex_27,r06,ghz_star,16,0,22,93,15,6.2
cairo_heavy_hex_27,r06,ghz_star,16,0,33,90,15,6.0
cairo_heavy_hex_27,r06,ghz_star,16,0,44,108,15,7.2
cairo_heavy_hex_27,r06,ghz_star,16,0,55,82,15,5.466666666666667
cairo_heavy_hex_27,r06,ghz_star,16,1,11,53,15,3.533333333333333
cairo_heavy_hex_27,r06,ghz_star,16,1,22,53,15,3.533333333333333
cairo_heavy_hex_27,r06,ghz_star,16,1,33,53,15,3.533333333333333
cairo_heavy_hex_27,r06,ghz_star,16,1,44,53,15,3.533333333333333
cairo_heavy_hex_27,r06,ghz_star,16,1,55,58,15,3.8666666666666667
cairo_heavy_hex_27,r06,ghz_star,16,3,11,48,15,3.2
cairo_heavy_hex_27,r06,ghz_star,16,3,22,49,15,3.2666666666666666
cairo_heavy_hex_27,r06,ghz_star,16,3,33,49,15,3.2666666666666666
cairo_heavy_hex_27,r06,ghz_star,16,3,44,48,15,3.2
cairo_heavy_hex_27,r06,ghz_star,16,3,55,55,15,3.6666666666666665
cairo_heavy_hex_27,r06,ghz_star,20,0,11,144,19,7.578947368421052
cairo_heavy_hex_27,r06,ghz_star,20,0,22,118,19,6.2105263157894735
cairo_heavy_hex_27,r06,ghz_star,20,0,33,133,19,7.0
cairo_heavy_hex_27,r06,ghz_star,20,0,44,136,19,7.157894736842105
cairo_heavy_hex_27,r06,ghz_star,20,0,55,110,19,5.7894736842105265
cairo_heavy_hex_27,r06,ghz_star,20,1,11,76,19,4.0
cairo_heavy_hex_27,r06,ghz_star,20,1,22,78,19,4.105263157894737
cairo_heavy_hex_27,r06,ghz_star,20,1,33,79,19,4.157894736842105
cairo_heavy_hex_27,r06,ghz_star,20,1,44,76,19,4.0
cairo_heavy_hex_27,r06,ghz_star,20,1,55,79,19,4.157894736842105
cairo_heavy_hex_27,r06,ghz_star,20,3,11,62,19,3.263157894736842
cairo_heavy_hex_27,r06,ghz_star,20,3,22,72,19,3.789473684210526
cairo_heavy_hex_27,r06,ghz_star,20,3,33,70,19,3.6842105263157894
cairo_heavy_hex_27,r06,ghz_star,20,3,44,64,19,3.3684210526315788
cairo_heavy_hex_27,r06,ghz_star,20,3,55,52,19,2.736842105263158
cairo_heavy_hex_27,r06,ghz_star,24,0,11,147,23,6.391304347826087
cairo_heavy_hex_27,r06,ghz_star,24,0,22,140,23,6.086956521739131
cairo_heavy_hex_27,r06,ghz_star,24,0,33,155,23,6.739130434782608
cairo_heavy_hex_27,r06,ghz_star,24,0,44,147,23,6.391304347826087
cairo_heavy_hex_27,r06,ghz_star,24,0,55,190,23,8.26086956521739
cairo_heavy_hex_27,r06,ghz_star,24,1,11,100,23,4.3478260869565215
cairo_heavy_hex_27,r06,ghz_star,24,1,22,91,23,3.9565217391304346
cairo_heavy_hex_27,r06,ghz_star,24,1,33,110,23,4.782608695652174
cairo_heavy_hex_27,r06,ghz_star,24,1,44,92,23,4.0
cairo_heavy_hex_27,r06,ghz_star,24,1,55,100,23,4.3478260869565215
cairo_heavy_hex_27,r06,ghz_star,24,3,11,85,23,3.6956521739130435
cairo_heavy_hex_27,r06,ghz_star,24,3,22,85,23,3.6956521739130435
cairo_heavy_hex_27,r06,ghz_star,24,3,33,91,23,3.9565217391304346
cairo_heavy_hex_27,r06,ghz_star,24,3,44,81,23,3.5217391304347827
cairo_heavy_hex_27,r06,ghz_star,24,3,55,86,23,3.739130434782609
cairo_heavy_hex_27,r06,efficient_su2,4,0,11,34,8,4.25
cairo_heavy_hex_27,r06,efficient_su2,4,0,22,40,8,5.0
cairo_heavy_hex_27,r06,efficient_su2,4,0,33,41,8,5.125
cairo_heavy_hex_27,r06,efficient_su2,4,0,44,38,8,4.75
cairo_heavy_hex_27,r06,efficient_su2,4,0,55,42,8,5.25
cairo_heavy_hex_27,r06,efficient_su2,4,1,11,17,8,2.125
cairo_heavy_hex_27,r06,efficient_su2,4,1,22,17,8,2.125
cairo_heavy_hex_27,r06,efficient_su2,4,1,33,17,8,2.125
cairo_heavy_hex_27,r06,efficient_su2,4,1,44,17,8,2.125
cairo_heavy_hex_27,r06,efficient_su2,4,1,55,17,8,2.125
cairo_heavy_hex_27,r06,efficient_su2,4,3,11,17,8,2.125
cairo_heavy_hex_27,r06,efficient_su2,4,3,22,17,8,2.125
cairo_heavy_hex_27,r06,efficient_su2,4,3,33,17,8,2.125
cairo_heavy_hex_27,r06,efficient_su2,4,3,44,17,8,2.125
cairo_heavy_hex_27,r06,efficient_su2,4,3,55,17,8,2.125
cairo_heavy_hex_27,r06,efficient_su2,8,0,11,111,16,6.9375
cairo_heavy_hex_27,r06,efficient_su2,8,0,22,94,16,5.875
cairo_heavy_hex_27,r06,efficient_su2,8,0,33,102,16,6.375
cairo_heavy_hex_27,r06,efficient_su2,8,0,44,88,16,5.5
cairo_heavy_hex_27,r06,efficient_su2,8,0,55,100,16,6.25
cairo_heavy_hex_27,r06,efficient_su2,8,1,11,40,16,2.5
cairo_heavy_hex_27,r06,efficient_su2,8,1,22,40,16,2.5
cairo_heavy_hex_27,r06,efficient_su2,8,1,33,40,16,2.5
cairo_heavy_hex_27,r06,efficient_su2,8,1,44,40,16,2.5
cairo_heavy_hex_27,r06,efficient_su2,8,1,55,40,16,2.5
cairo_heavy_hex_27,r06,efficient_su2,8,3,11,40,16,2.5
cairo_heavy_hex_27,r06,efficient_su2,8,3,22,40,16,2.5
cairo_heavy_hex_27,r06,efficient_su2,8,3,33,40,16,2.5
cairo_heavy_hex_27,r06,efficient_su2,8,3,44,40,16,2.5
cairo_heavy_hex_27,r06,efficient_su2,8,3,55,40,16,2.5
cairo_heavy_hex_27,r06,efficient_su2,12,0,11,126,24,5.25
cairo_heavy_hex_27,r06,efficient_su2,12,0,22,143,24,5.958333333333333
cairo_heavy_hex_27,r06,efficient_su2,12,0,33,153,24,6.375
cairo_heavy_hex_27,r06,efficient_su2,12,0,44,131,24,5.458333333333333
cairo_heavy_hex_27,r06,efficient_su2,12,0,55,151,24,6.291666666666667
cairo_heavy_hex_27,r06,efficient_su2,12,1,11,24,24,1.0
cairo_heavy_hex_27,r06,efficient_su2,12,1,22,24,24,1.0
cairo_heavy_hex_27,r06,efficient_su2,12,1,33,24,24,1.0
cairo_heavy_hex_27,r06,efficient_su2,12,1,44,24,24,1.0
cairo_heavy_hex_27,r06,efficient_su2,12,1,55,24,24,1.0
cairo_heavy_hex_27,r06,efficient_su2,12,3,11,24,24,1.0
cairo_heavy_hex_27,r06,efficient_su2,12,3,22,24,24,1.0
cairo_heavy_hex_27,r06,efficient_su2,12,3,33,24,24,1.0
cairo_heavy_hex_27,r06,efficient_su2,12,3,44,24,24,1.0
cairo_heavy_hex_27,r06,efficient_su2,12,3,55,24,24,1.0
cairo_heavy_hex_27,r06,efficient_su2,16,0,11,176,32,5.5
cairo_heavy_hex_27,r06,efficient_su2,16,0,22,220,32,6.875
cairo_heavy_hex_27,r06,efficient_su2,16,0,33,199,32,6.21875
cairo_heavy_hex_27,r06,efficient_su2,16,0,44,202,32,6.3125
cairo_heavy_hex_27,r06,efficient_su2,16,0,55,191,32,5.96875
cairo_heavy_hex_27,r06,efficient_su2,16,1,11,80,32,2.5
cairo_heavy_hex_27,r06,efficient_su2,16,1,22,74,32,2.3125
cairo_heavy_hex_27,r06,efficient_su2,16,1,33,74,32,2.3125
cairo_heavy_hex_27,r06,efficient_su2,16,1,44,92,32,2.875
cairo_heavy_hex_27,r06,efficient_su2,16,1,55,92,32,2.875
cairo_heavy_hex_27,r06,efficient_su2,16,3,11,80,32,2.5
cairo_heavy_hex_27,r06,efficient_su2,16,3,22,64,32,2.0
cairo_heavy_hex_27,r06,efficient_su2,16,3,33,56,32,1.75
cairo_heavy_hex_27,r06,efficient_su2,16,3,44,72,32,2.25
cairo_heavy_hex_27,r06,efficient_su2,16,3,55,88,32,2.75
cairo_heavy_hex_27,r06,efficient_su2,20,0,11,249,40,6.225
cairo_heavy_hex_27,r06,efficient_su2,20,0,22,287,40,7.175
cairo_heavy_hex_27,r06,efficient_su2,20,0,33,310,40,7.75
cairo_heavy_hex_27,r06,efficient_su2,20,0,44,223,40,5.575
cairo_heavy_hex_27,r06,efficient_su2,20,0,55,286,40,7.15
cairo_heavy_hex_27,r06,efficient_su2,20,1,11,40,40,1.0
cairo_heavy_hex_27,r06,efficient_su2,20,1,22,40,40,1.0
cairo_heavy_hex_27,r06,efficient_su2,20,1,33,40,40,1.0
cairo_heavy_hex_27,r06,efficient_su2,20,1,44,40,40,1.0
cairo_heavy_hex_27,r06,efficient_su2,20,1,55,40,40,1.0
cairo_heavy_hex_27,r06,efficient_su2,20,3,11,40,40,1.0
cairo_heavy_hex_27,r06,efficient_su2,20,3,22,40,40,1.0
cairo_heavy_hex_27,r06,efficient_su2,20,3,33,40,40,1.0
cairo_heavy_hex_27,r06,efficient_su2,20,3,44,40,40,1.0
cairo_heavy_hex_27,r06,efficient_su2,20,3,55,40,40,1.0
cairo_heavy_hex_27,r06,efficient_su2,24,0,11,279,48,5.8125
cairo_heavy_hex_27,r06,efficient_su2,24,0,22,317,48,6.604166666666667
cairo_heavy_hex_27,r06,efficient_su2,24,0,33,343,48,7.145833333333333
cairo_heavy_hex_27,r06,efficient_su2,24,0,44,320,48,6.666666666666667
cairo_heavy_hex_27,r06,efficient_su2,24,0,55,340,48,7.083333333333333
cairo_heavy_hex_27,r06,efficient_su2,24,1,11,145,48,3.0208333333333335
cairo_heavy_hex_27,r06,efficient_su2,24,1,22,147,48,3.0625
cairo_heavy_hex_27,r06,efficient_su2,24,1,33,190,48,3.9583333333333335
cairo_heavy_hex_27,r06,efficient_su2,24,1,44,72,48,1.5
cairo_heavy_hex_27,r06,efficient_su2,24,1,55,171,48,3.5625
cairo_heavy_hex_27,r06,efficient_su2,24,3,11,129,48,2.6875
cairo_heavy_hex_27,r06,efficient_su2,24,3,22,126,48,2.625
cairo_heavy_hex_27,r06,efficient_su2,24,3,33,116,48,2.4166666666666665
cairo_heavy_hex_27,r06,efficient_su2,24,3,44,56,48,1.1666666666666667
cairo_heavy_hex_27,r06,efficient_su2,24,3,55,116,48,2.4166666666666665
cairo_heavy_hex_27,r07,qft,4,0,11,34,10,3.4
cairo_heavy_hex_27,r07,qft,4,0,22,28,10,2.8
cairo_heavy_hex_27,r07,qft,4,0,33,36,10,3.6
cairo_heavy_hex_27,r07,qft,4,0,44,31,10,3.1
cairo_heavy_hex_27,r07,qft,4,0,55,34,10,3.4
cairo_heavy_hex_27,r07,qft,4,1,11,18,10,1.8
cairo_heavy_hex_27,r07,qft,4,1,22,18,10,1.8
cairo_heavy_hex_27,r07,qft,4,1,33,18,10,1.8
cairo_heavy_hex_27,r07,qft,4,1,44,18,10,1.8
cairo_heavy_hex_27,r07,qft,4,1,55,18,10,1.8
cairo_heavy_hex_27,r07,qft,4,3,11,18,10,1.8
cairo_heavy_hex_27,r07,qft,4,3,22,18,10,1.8
cairo_heavy_hex_27,r07,qft,4,3,33,18,10,1.8
cairo_heavy_hex_27,r07,qft,4,3,44,18,10,1.8
cairo_heavy_hex_27,r07,qft,4,3,55,18,10,1.8
cairo_heavy_hex_27,r07,qft,8,0,11,117,26,4.5
cairo_heavy_hex_27,r07,qft,8,0,22,108,26,4.153846153846154
cairo_heavy_hex_27,r07,qft,8,0,33,119,26,4.576923076923077
cairo_heavy_hex_27,r07,qft,8,0,44,116,26,4.461538461538462
cairo_heavy_hex_27,r07,qft,8,0,55,116,26,4.461538461538462
cairo_heavy_hex_27,r07,qft,8,1,11,72,26,2.769230769230769
cairo_heavy_hex_27,r07,qft,8,1,22,70,26,2.6923076923076925
cairo_heavy_hex_27,r07,qft,8,1,33,69,26,2.6538461538461537
cairo_heavy_hex_27,r07,qft,8,1,44,71,26,2.730769230769231
cairo_heavy_hex_27,r07,qft,8,1,55,71,26,2.730769230769231
cairo_heavy_hex_27,r07,qft,8,3,11,63,26,2.423076923076923
cairo_heavy_hex_27,r07,qft,8,3,22,56,26,2.1538461538461537
cairo_heavy_hex_27,r07,qft,8,3,33,58,26,2.230769230769231
cairo_heavy_hex_27,r07,qft,8,3,44,58,26,2.230769230769231
cairo_heavy_hex_27,r07,qft,8,3,55,61,26,2.3461538461538463
cairo_heavy_hex_27,r07,qft,12,0,11,201,42,4.785714285714286
cairo_heavy_hex_27,r07,qft,12,0,22,227,42,5.404761904761905
cairo_heavy_hex_27,r07,qft,12,0,33,257,42,6.119047619047619
cairo_heavy_hex_27,r07,qft,12,0,44,246,42,5.857142857142857
cairo_heavy_hex_27,r07,qft,12,0,55,255,42,6.071428571428571
cairo_heavy_hex_27,r07,qft,12,1,11,170,42,4.0476190476190474
cairo_heavy_hex_27,r07,qft,12,1,22,150,42,3.5714285714285716
cairo_heavy_hex_27,r07,qft,12,1,33,118,42,2.8095238095238093
cairo_heavy_hex_27,r07,qft,12,1,44,141,42,3.357142857142857
cairo_heavy_hex_27,r07,qft,12,1,55,142,42,3.380952380952381
cairo_heavy_hex_27,r07,qft,12,3,11,102,42,2.4285714285714284
cairo_heavy_hex_27,r07,qft,12,3,22,106,42,2.5238095238095237
cairo_heavy_hex_27,r07,qft,12,3,33,126,42,3.0
cairo_heavy_hex_27,r07,qft,12,3,44,103,42,2.4523809523809526
cairo_heavy_hex_27,r07,qft,12,3,55,119,42,2.8333333333333335
cairo_heavy_hex_27,r07,qft,16,0,11,349,58,6.017241379310345
cairo_heavy_hex_27,r07,qft,16,0,22,357,58,6.155172413793103
cairo_heavy_hex_27,r07,qft,16,0,33,366,58,6.310344827586207
cairo_heavy_hex_27,r07,qft,16,0,44,320,58,5.517241379310345
cairo_heavy_hex_27,r07,qft,16,0,55,387,58,6.672413793103448
cairo_heavy_hex_27,r07,qft,16,1,11,171,58,2.9482758620689653
cairo_heavy_hex_27,r07,qft,16,1,22,204,58,3.5172413793103448
cairo_heavy_hex_27,r07,qft,16,1,33,202,58,3.4827586206896552
cairo_heavy_hex_27,r07,qft,16,1,44,216,58,3.7241379310344827
cairo_heavy_hex_27,r07,qft,16,1,55,173,58,2.9827586206896552
cairo_heavy_hex_27,r07,qft,16,3,11,145,58,2.5
cairo_heavy_hex_27,r07,qft,16,3,22,181,58,3.1206896551724137
cairo_heavy_hex_27,r07,qft,16,3,33,179,58,3.086206896551724
cairo_heavy_hex_27,r07,qft,16,3,44,118,58,2.0344827586206895
cairo_heavy_hex_27,r07,qft,16,3,55,133,58,2.293103448275862
cairo_heavy_hex_27,r07,qft,20,0,11,437,74,5.905405405405405
cairo_heavy_hex_27,r07,qft,20,0,22,549,74,7.418918918918919
cairo_heavy_hex_27,r07,qft,20,0,33,500,74,6.756756756756757
cairo_heavy_hex_27,r07,qft,20,0,44,496,74,6.702702702702703
cairo_heavy_hex_27,r07,qft,20,0,55,520,74,7.027027027027027
cairo_heavy_hex_27,r07,qft,20,1,11,217,74,2.9324324324324325
cairo_heavy_hex_27,r07,qft,20,1,22,214,74,2.891891891891892
cairo_heavy_hex_27,r07,qft,20,1,33,285,74,3.8513513513513513
cairo_heavy_hex_27,r07,qft,20,1,44,265,74,3.581081081081081
cairo_heavy_hex_27,r07,qft,20,1,55,262,74,3.5405405405405403
cairo_heavy_hex_27,r07,qft,20,3,11,185,74,2.5
cairo_heavy_hex_27,r07,qft,20,3,22,214,74,2.891891891891892
cairo_heavy_hex_27,r07,qft,20,3,33,176,74,2.3783783783783785
cairo_heavy_hex_27,r07,qft,20,3,44,243,74,3.2837837837837838
cairo_heavy_hex_27,r07,qft,20,3,55,159,74,2.1486486486486487
cairo_heavy_hex_27,r07,qft,24,0,11,669,90,7.433333333333334
cairo_heavy_hex_27,r07,qft,24,0,22,752,90,8.355555555555556
cairo_heavy_hex_27,r07,qft,24,0,33,707,90,7.855555555555555
cairo_heavy_hex_27,r07,qft,24,0,44,620,90,6.888888888888889
cairo_heavy_hex_27,r07,qft,24,0,55,695,90,7.722222222222222
cairo_heavy_hex_27,r07,qft,24,1,11,402,90,4.466666666666667
cairo_heavy_hex_27,r07,qft,24,1,22,353,90,3.922222222222222
cairo_heavy_hex_27,r07,qft,24,1,33,402,90,4.466666666666667
cairo_heavy_hex_27,r07,qft,24,1,44,455,90,5.055555555555555
cairo_heavy_hex_27,r07,qft,24,1,55,410,90,4.555555555555555
cairo_heavy_hex_27,r07,qft,24,3,11,230,90,2.5555555555555554
cairo_heavy_hex_27,r07,qft,24,3,22,259,90,2.8777777777777778
cairo_heavy_hex_27,r07,qft,24,3,33,254,90,2.8222222222222224
cairo_heavy_hex_27,r07,qft,24,3,44,253,90,2.811111111111111
cairo_heavy_hex_27,r07,qft,24,3,55,192,90,2.1333333333333333
cairo_heavy_hex_27,r07,ghz_chain,4,0,11,12,3,4.0
cairo_heavy_hex_27,r07,ghz_chain,4,0,22,14,3,4.666666666666667
cairo_heavy_hex_27,r07,ghz_chain,4,0,33,17,3,5.666666666666667
cairo_heavy_hex_27,r07,ghz_chain,4,0,44,14,3,4.666666666666667
cairo_heavy_hex_27,r07,ghz_chain,4,0,55,14,3,4.666666666666667
cairo_heavy_hex_27,r07,ghz_chain,4,1,11,3,3,1.0
cairo_heavy_hex_27,r07,ghz_chain,4,1,22,3,3,1.0
cairo_heavy_hex_27,r07,ghz_chain,4,1,33,3,3,1.0
cairo_heavy_hex_27,r07,ghz_chain,4,1,44,3,3,1.0
cairo_heavy_hex_27,r07,ghz_chain,4,1,55,3,3,1.0
cairo_heavy_hex_27,r07,ghz_chain,4,3,11,3,3,1.0
cairo_heavy_hex_27,r07,ghz_chain,4,3,22,3,3,1.0
cairo_heavy_hex_27,r07,ghz_chain,4,3,33,3,3,1.0
cairo_heavy_hex_27,r07,ghz_chain,4,3,44,3,3,1.0
cairo_heavy_hex_27,r07,ghz_chain,4,3,55,3,3,1.0
cairo_heavy_hex_27,r07,ghz_chain,8,0,11,39,7,5.571428571428571
cairo_heavy_hex_27,r07,ghz_chain,8,0,22,34,7,4.857142857142857
cairo_heavy_hex_27,r07,ghz_chain,8,0,33,29,7,4.142857142857143
cairo_heavy_hex_27,r07,ghz_chain,8,0,44,38,7,5.428571428571429
cairo_heavy_hex_27,r07,ghz_chain,8,0,55,36,7,5.142857142857143
cairo_heavy_hex_27,r07,ghz_chain,8,1,11,7,7,1.0
cairo_heavy_hex_27,r07,ghz_chain,8,1,22,7,7,1.0
cairo_heavy_hex_27,r07,ghz_chain,8,1,33,7,7,1.0
cairo_heavy_hex_27,r07,ghz_chain,8,1,44,7,7,1.0
cairo_heavy_hex_27,r07,ghz_chain,8,1,55,7,7,1.0
cairo_heavy_hex_27,r07,ghz_chain,8,3,11,7,7,1.0
cairo_heavy_hex_27,r07,ghz_chain,8,3,22,7,7,1.0
cairo_heavy_hex_27,r07,ghz_chain,8,3,33,7,7,1.0
cairo_heavy_hex_27,r07,ghz_chain,8,3,44,7,7,1.0
cairo_heavy_hex_27,r07,ghz_chain,8,3,55,7,7,1.0
cairo_heavy_hex_27,r07,ghz_chain,12,0,11,54,11,4.909090909090909
cairo_heavy_hex_27,r07,ghz_chain,12,0,22,68,11,6.181818181818182
cairo_heavy_hex_27,r07,ghz_chain,12,0,33,69,11,6.2727272727272725
cairo_heavy_hex_27,r07,ghz_chain,12,0,44,63,11,5.7272727272727275
cairo_heavy_hex_27,r07,ghz_chain,12,0,55,71,11,6.454545454545454
cairo_heavy_hex_27,r07,ghz_chain,12,1,11,11,11,1.0
cairo_heavy_hex_27,r07,ghz_chain,12,1,22,11,11,1.0
cairo_heavy_hex_27,r07,ghz_chain,12,1,33,11,11,1.0
cairo_heavy_hex_27,r07,ghz_chain,12,1,44,11,11,1.0
cairo_heavy_hex_27,r07,ghz_chain,12,1,55,11,11,1.0
cairo_heavy_hex_27,r07,ghz_chain,12,3,11,11,11,1.0
cairo_heavy_hex_27,r07,ghz_chain,12,3,22,11,11,1.0
cairo_heavy_hex_27,r07,ghz_chain,12,3,33,11,11,1.0
cairo_heavy_hex_27,r07,ghz_chain,12,3,44,11,11,1.0
cairo_heavy_hex_27,r07,ghz_chain,12,3,55,11,11,1.0
cairo_heavy_hex_27,r07,ghz_chain,16,0,11,76,15,5.066666666666666
cairo_heavy_hex_27,r07,ghz_chain,16,0,22,93,15,6.2
cairo_heavy_hex_27,r07,ghz_chain,16,0,33,89,15,5.933333333333334
cairo_heavy_hex_27,r07,ghz_chain,16,0,44,108,15,7.2
cairo_heavy_hex_27,r07,ghz_chain,16,0,55,102,15,6.8
cairo_heavy_hex_27,r07,ghz_chain,16,1,11,15,15,1.0
cairo_heavy_hex_27,r07,ghz_chain,16,1,22,15,15,1.0
cairo_heavy_hex_27,r07,ghz_chain,16,1,33,15,15,1.0
cairo_heavy_hex_27,r07,ghz_chain,16,1,44,15,15,1.0
cairo_heavy_hex_27,r07,ghz_chain,16,1,55,15,15,1.0
cairo_heavy_hex_27,r07,ghz_chain,16,3,11,15,15,1.0
cairo_heavy_hex_27,r07,ghz_chain,16,3,22,15,15,1.0
cairo_heavy_hex_27,r07,ghz_chain,16,3,33,15,15,1.0
cairo_heavy_hex_27,r07,ghz_chain,16,3,44,15,15,1.0
cairo_heavy_hex_27,r07,ghz_chain,16,3,55,15,15,1.0
cairo_heavy_hex_27,r07,ghz_chain,20,0,11,103,19,5.421052631578948
cairo_heavy_hex_27,r07,ghz_chain,20,0,22,142,19,7.473684210526316
cairo_heavy_hex_27,r07,ghz_chain,20,0,33,135,19,7.105263157894737
cairo_heavy_hex_27,r07,ghz_chain,20,0,44,139,19,7.315789473684211
cairo_heavy_hex_27,r07,ghz_chain,20,0,55,151,19,7.947368421052632
cairo_heavy_hex_27,r07,ghz_chain,20,1,11,19,19,1.0
cairo_heavy_hex_27,r07,ghz_chain,20,1,22,19,19,1.0
cairo_heavy_hex_27,r07,ghz_chain,20,1,33,19,19,1.0
cairo_heavy_hex_27,r07,ghz_chain,20,1,44,19,19,1.0
cairo_heavy_hex_27,r07,ghz_chain,20,1,55,19,19,1.0
cairo_heavy_hex_27,r07,ghz_chain,20,3,11,19,19,1.0
cairo_heavy_hex_27,r07,ghz_chain,20,3,22,19,19,1.0
cairo_heavy_hex_27,r07,ghz_chain,20,3,33,19,19,1.0
cairo_heavy_hex_27,r07,ghz_chain,20,3,44,19,19,1.0
cairo_heavy_hex_27,r07,ghz_chain,20,3,55,19,19,1.0
cairo_heavy_hex_27,r07,ghz_chain,24,0,11,140,23,6.086956521739131
cairo_heavy_hex_27,r07,ghz_chain,24,0,22,176,23,7.6521739130434785
cairo_heavy_hex_27,r07,ghz_chain,24,0,33,169,23,7.3478260869565215
cairo_heavy_hex_27,r07,ghz_chain,24,0,44,176,23,7.6521739130434785
cairo_heavy_hex_27,r07,ghz_chain,24,0,55,181,23,7.869565217391305
cairo_heavy_hex_27,r07,ghz_chain,24,1,11,69,23,3.0
cairo_heavy_hex_27,r07,ghz_chain,24,1,22,63,23,2.739130434782609
cairo_heavy_hex_27,r07,ghz_chain,24,1,33,43,23,1.8695652173913044
cairo_heavy_hex_27,r07,ghz_chain,24,1,44,62,23,2.6956521739130435
cairo_heavy_hex_27,r07,ghz_chain,24,1,55,72,23,3.130434782608696
cairo_heavy_hex_27,r07,ghz_chain,24,3,11,55,23,2.391304347826087
cairo_heavy_hex_27,r07,ghz_chain,24,3,22,35,23,1.5217391304347827
cairo_heavy_hex_27,r07,ghz_chain,24,3,33,43,23,1.8695652173913044
cairo_heavy_hex_27,r07,ghz_chain,24,3,44,51,23,2.217391304347826
cairo_heavy_hex_27,r07,ghz_chain,24,3,55,63,23,2.739130434782609
cairo_heavy_hex_27,r07,ghz_star,4,0,11,11,3,3.6666666666666665
cairo_heavy_hex_27,r07,ghz_star,4,0,22,14,3,4.666666666666667
cairo_heavy_hex_27,r07,ghz_star,4,0,33,14,3,4.666666666666667
cairo_heavy_hex_27,r07,ghz_star,4,0,44,14,3,4.666666666666667
cairo_heavy_hex_27,r07,ghz_star,4,0,55,14,3,4.666666666666667
cairo_heavy_hex_27,r07,ghz_star,4,1,11,3,3,1.0
cairo_heavy_hex_27,r07,ghz_star,4,1,22,3,3,1.0
cairo_heavy_hex_27,r07,ghz_star,4,1,33,3,3,1.0
cairo_heavy_hex_27,r07,ghz_star,4,1,44,3,3,1.0
cairo_heavy_hex_27,r07,ghz_star,4,1,55,3,3,1.0
cairo_heavy_hex_27,r07,ghz_star,4,3,11,3,3,1.0
cairo_heavy_hex_27,r07,ghz_star,4,3,22,3,3,1.0
cairo_heavy_hex_27,r07,ghz_star,4,3,33,3,3,1.0
cairo_heavy_hex_27,r07,ghz_star,4,3,44,3,3,1.0
cairo_heavy_hex_27,r07,ghz_star,4,3,55,3,3,1.0
cairo_heavy_hex_27,r07,ghz_star,8,0,11,36,7,5.142857142857143
cairo_heavy_hex_27,r07,ghz_star,8,0,22,40,7,5.714285714285714
cairo_heavy_hex_27,r07,ghz_star,8,0,33,30,7,4.285714285714286
cairo_heavy_hex_27,r07,ghz_star,8,0,44,35,7,5.0
cairo_heavy_hex_27,r07,ghz_star,8,0,55,40,7,5.714285714285714
cairo_heavy_hex_27,r07,ghz_star,8,1,11,17,7,2.4285714285714284
cairo_heavy_hex_27,r07,ghz_star,8,1,22,15,7,2.142857142857143
cairo_heavy_hex_27,r07,ghz_star,8,1,33,19,7,2.7142857142857144
cairo_heavy_hex_27,r07,ghz_star,8,1,44,15,7,2.142857142857143
cairo_heavy_hex_27,r07,ghz_star,8,1,55,15,7,2.142857142857143
cairo_heavy_hex_27,r07,ghz_star,8,3,11,17,7,2.4285714285714284
cairo_heavy_hex_27,r07,ghz_star,8,3,22,16,7,2.2857142857142856
cairo_heavy_hex_27,r07,ghz_star,8,3,33,15,7,2.142857142857143
cairo_heavy_hex_27,r07,ghz_star,8,3,44,15,7,2.142857142857143
cairo_heavy_hex_27,r07,ghz_star,8,3,55,14,7,2.0
cairo_heavy_hex_27,r07,ghz_star,12,0,11,47,11,4.2727272727272725
cairo_heavy_hex_27,r07,ghz_star,12,0,22,68,11,6.181818181818182
cairo_heavy_hex_27,r07,ghz_star,12,0,33,65,11,5.909090909090909
cairo_heavy_hex_27,r07,ghz_star,12,0,44,57,11,5.181818181818182
cairo_heavy_hex_27,r07,ghz_star,12,0,55,72,11,6.545454545454546
cairo_heavy_hex_27,r07,ghz_star,12,1,11,38,11,3.4545454545454546
cairo_heavy_hex_27,r07,ghz_star,12,1,22,31,11,2.8181818181818183
cairo_heavy_hex_27,r07,ghz_star,12,1,33,35,11,3.1818181818181817
cairo_heavy_hex_27,r07,ghz_star,12,1,44,36,11,3.272727272727273
cairo_heavy_hex_27,r07,ghz_star,12,1,55,34,11,3.090909090909091
cairo_heavy_hex_27,r07,ghz_star,12,3,11,31,11,2.8181818181818183
cairo_heavy_hex_27,r07,ghz_star,12,3,22,28,11,2.5454545454545454
cairo_heavy_hex_27,r07,ghz_star,12,3,33,29,11,2.6363636363636362
cairo_heavy_hex_27,r07,ghz_star,12,3,44,35,11,3.1818181818181817
cairo_heavy_hex_27,r07,ghz_star,12,3,55,27,11,2.4545454545454546
cairo_heavy_hex_27,r07,ghz_star,16,0,11,66,15,4.4
cairo_heavy_hex_27,r07,ghz_star,16,0,22,87,15,5.8
cairo_heavy_hex_27,r07,ghz_star,16,0,33,93,15,6.2
cairo_heavy_hex_27,r07,ghz_star,16,0,44,91,15,6.066666666666666
cairo_heavy_hex_27,r07,ghz_star,16,0,55,94,15,6.266666666666667
cairo_heavy_hex_27,r07,ghz_star,16,1,11,55,15,3.6666666666666665
cairo_heavy_hex_27,r07,ghz_star,16,1,22,49,15,3.2666666666666666
cairo_heavy_hex_27,r07,ghz_star,16,1,33,50,15,3.3333333333333335
cairo_heavy_hex_27,r07,ghz_star,16,1,44,52,15,3.466666666666667
cairo_heavy_hex_27,r07,ghz_star,16,1,55,57,15,3.8
cairo_heavy_hex_27,r07,ghz_star,16,3,11,46,15,3.066666666666667
cairo_heavy_hex_27,r07,ghz_star,16,3,22,38,15,2.533333333333333
cairo_heavy_hex_27,r07,ghz_star,16,3,33,42,15,2.8
cairo_heavy_hex_27,r07,ghz_star,16,3,44,46,15,3.066666666666667
cairo_heavy_hex_27,r07,ghz_star,16,3,55,49,15,3.2666666666666666
cairo_heavy_hex_27,r07,ghz_star,20,0,11,93,19,4.894736842105263
cairo_heavy_hex_27,r07,ghz_star,20,0,22,139,19,7.315789473684211
cairo_heavy_hex_27,r07,ghz_star,20,0,33,128,19,6.7368421052631575
cairo_heavy_hex_27,r07,ghz_star,20,0,44,116,19,6.105263157894737
cairo_heavy_hex_27,r07,ghz_star,20,0,55,118,19,6.2105263157894735
cairo_heavy_hex_27,r07,ghz_star,20,1,11,64,19,3.3684210526315788
cairo_heavy_hex_27,r07,ghz_star,20,1,22,81,19,4.2631578947368425
cairo_heavy_hex_27,r07,ghz_star,20,1,33,79,19,4.157894736842105
cairo_heavy_hex_27,r07,ghz_star,20,1,44,80,19,4.2105263157894735
cairo_heavy_hex_27,r07,ghz_star,20,1,55,78,19,4.105263157894737
cairo_heavy_hex_27,r07,ghz_star,20,3,11,58,19,3.0526315789473686
cairo_heavy_hex_27,r07,ghz_star,20,3,22,52,19,2.736842105263158
cairo_heavy_hex_27,r07,ghz_star,20,3,33,62,19,3.263157894736842
cairo_heavy_hex_27,r07,ghz_star,20,3,44,62,19,3.263157894736842
cairo_heavy_hex_27,r07,ghz_star,20,3,55,66,19,3.473684210526316
cairo_heavy_hex_27,r07,ghz_star,24,0,11,115,23,5.0
cairo_heavy_hex_27,r07,ghz_star,24,0,22,157,23,6.826086956521739
cairo_heavy_hex_27,r07,ghz_star,24,0,33,159,23,6.913043478260869
cairo_heavy_hex_27,r07,ghz_star,24,0,44,152,23,6.608695652173913
cairo_heavy_hex_27,r07,ghz_star,24,0,55,155,23,6.739130434782608
cairo_heavy_hex_27,r07,ghz_star,24,1,11,93,23,4.043478260869565
cairo_heavy_hex_27,r07,ghz_star,24,1,22,91,23,3.9565217391304346
cairo_heavy_hex_27,r07,ghz_star,24,1,33,87,23,3.782608695652174
cairo_heavy_hex_27,r07,ghz_star,24,1,44,107,23,4.6521739130434785
cairo_heavy_hex_27,r07,ghz_star,24,1,55,89,23,3.869565217391304
cairo_heavy_hex_27,r07,ghz_star,24,3,11,86,23,3.739130434782609
cairo_heavy_hex_27,r07,ghz_star,24,3,22,80,23,3.4782608695652173
cairo_heavy_hex_27,r07,ghz_star,24,3,33,68,23,2.9565217391304346
cairo_heavy_hex_27,r07,ghz_star,24,3,44,73,23,3.1739130434782608
cairo_heavy_hex_27,r07,ghz_star,24,3,55,72,23,3.130434782608696
cairo_heavy_hex_27,r07,efficient_su2,4,0,11,31,8,3.875
cairo_heavy_hex_27,r07,efficient_su2,4,0,22,25,8,3.125
cairo_heavy_hex_27,r07,efficient_su2,4,0,33,25,8,3.125
cairo_heavy_hex_27,r07,efficient_su2,4,0,44,28,8,3.5
cairo_heavy_hex_27,r07,efficient_su2,4,0,55,27,8,3.375
cairo_heavy_hex_27,r07,efficient_su2,4,1,11,17,8,2.125
cairo_heavy_hex_27,r07,efficient_su2,4,1,22,17,8,2.125
cairo_heavy_hex_27,r07,efficient_su2,4,1,33,17,8,2.125
cairo_heavy_hex_27,r07,efficient_su2,4,1,44,17,8,2.125
cairo_heavy_hex_27,r07,efficient_su2,4,1,55,17,8,2.125
cairo_heavy_hex_27,r07,efficient_su2,4,3,11,17,8,2.125
cairo_heavy_hex_27,r07,efficient_su2,4,3,22,17,8,2.125
cairo_heavy_hex_27,r07,efficient_su2,4,3,33,17,8,2.125
cairo_heavy_hex_27,r07,efficient_su2,4,3,44,17,8,2.125
cairo_heavy_hex_27,r07,efficient_su2,4,3,55,17,8,2.125
cairo_heavy_hex_27,r07,efficient_su2,8,0,11,97,16,6.0625
cairo_heavy_hex_27,r07,efficient_su2,8,0,22,73,16,4.5625
cairo_heavy_hex_27,r07,efficient_su2,8,0,33,85,16,5.3125
cairo_heavy_hex_27,r07,efficient_su2,8,0,44,91,16,5.6875
cairo_heavy_hex_27,r07,efficient_su2,8,0,55,60,16,3.75
cairo_heavy_hex_27,r07,efficient_su2,8,1,11,40,16,2.5
cairo_heavy_hex_27,r07,efficient_su2,8,1,22,40,16,2.5
cairo_heavy_hex_27,r07,efficient_su2,8,1,33,40,16,2.5
cairo_heavy_hex_27,r07,efficient_su2,8,1,44,40,16,2.5
cairo_heavy_hex_27,r07,efficient_su2,8,1,55,40,16,2.5
cairo_heavy_hex_27,r07,efficient_su2,8,3,11,40,16,2.5
cairo_heavy_hex_27,r07,efficient_su2,8,3,22,40,16,2.5
cairo_heavy_hex_27,r07,efficient_su2,8,3,33,40,16,2.5
cairo_heavy_hex_27,r07,efficient_su2,8,3,44,40,16,2.5
cairo_heavy_hex_27,r07,efficient_su2,8,3,55,40,16,2.5
cairo_heavy_hex_27,r07,efficient_su2,12,0,11,120,24,5.0
cairo_heavy_hex_27,r07,efficient_su2,12,0,22,131,24,5.458333333333333
cairo_heavy_hex_27,r07,efficient_su2,12,0,33,149,24,6.208333333333333
cairo_heavy_hex_27,r07,efficient_su2,12,0,44,129,24,5.375
cairo_heavy_hex_27,r07,efficient_su2,12,0,55,114,24,4.75
cairo_heavy_hex_27,r07,efficient_su2,12,1,11,24,24,1.0
cairo_heavy_hex_27,r07,efficient_su2,12,1,22,24,24,1.0
cairo_heavy_hex_27,r07,efficient_su2,12,1,33,24,24,1.0
cairo_heavy_hex_27,r07,efficient_su2,12,1,44,24,24,1.0
cairo_heavy_hex_27,r07,efficient_su2,12,1,55,24,24,1.0
cairo_heavy_hex_27,r07,efficient_su2,12,3,11,24,24,1.0
cairo_heavy_hex_27,r07,efficient_su2,12,3,22,24,24,1.0
cairo_heavy_hex_27,r07,efficient_su2,12,3,33,24,24,1.0
cairo_heavy_hex_27,r07,efficient_su2,12,3,44,24,24,1.0
cairo_heavy_hex_27,r07,efficient_su2,12,3,55,24,24,1.0
cairo_heavy_hex_27,r07,efficient_su2,16,0,11,168,32,5.25
cairo_heavy_hex_27,r07,efficient_su2,16,0,22,201,32,6.28125
cairo_heavy_hex_27,r07,efficient_su2,16,0,33,188,32,5.875
cairo_heavy_hex_27,r07,efficient_su2,16,0,44,194,32,6.0625
cairo_heavy_hex_27,r07,efficient_su2,16,0,55,178,32,5.5625
cairo_heavy_hex_27,r07,efficient_su2,16,1,11,80,32,2.5
cairo_heavy_hex_27,r07,efficient_su2,16,1,22,80,32,2.5
cairo_heavy_hex_27,r07,efficient_su2,16,1,33,56,32,1.75
cairo_heavy_hex_27,r07,efficient_su2,16,1,44,80,32,2.5
cairo_heavy_hex_27,r07,efficient_su2,16,1,55,80,32,2.5
cairo_heavy_hex_27,r07,efficient_su2,16,3,11,58,32,1.8125
cairo_heavy_hex_27,r07,efficient_su2,16,3,22,68,32,2.125
cairo_heavy_hex_27,r07,efficient_su2,16,3,33,42,32,1.3125
cairo_heavy_hex_27,r07,efficient_su2,16,3,44,72,32,2.25
cairo_heavy_hex_27,r07,efficient_su2,16,3,55,72,32,2.25
cairo_heavy_hex_27,r07,efficient_su2,20,0,11,239,40,5.975
cairo_heavy_hex_27,r07,efficient_su2,20,0,22,230,40,5.75
cairo_heavy_hex_27,r07,efficient_su2,20,0,33,262,40,6.55
cairo_heavy_hex_27,r07,efficient_su2,20,0,44,262,40,6.55
cairo_heavy_hex_27,r07,efficient_su2,20,0,55,263,40,6.575
cairo_heavy_hex_27,r07,efficient_su2,20,1,11,40,40,1.0
cairo_heavy_hex_27,r07,efficient_su2,20,1,22,40,40,1.0
cairo_heavy_hex_27,r07,efficient_su2,20,1,33,40,40,1.0
cairo_heavy_hex_27,r07,efficient_su2,20,1,44,40,40,1.0
cairo_heavy_hex_27,r07,efficient_su2,20,1,55,40,40,1.0
cairo_heavy_hex_27,r07,efficient_su2,20,3,11,40,40,1.0
cairo_heavy_hex_27,r07,efficient_su2,20,3,22,40,40,1.0
cairo_heavy_hex_27,r07,efficient_su2,20,3,33,40,40,1.0
cairo_heavy_hex_27,r07,efficient_su2,20,3,44,40,40,1.0
cairo_heavy_hex_27,r07,efficient_su2,20,3,55,40,40,1.0
cairo_heavy_hex_27,r07,efficient_su2,24,0,11,309,48,6.4375
cairo_heavy_hex_27,r07,efficient_su2,24,0,22,311,48,6.479166666666667
cairo_heavy_hex_27,r07,efficient_su2,24,0,33,314,48,6.541666666666667
cairo_heavy_hex_27,r07,efficient_su2,24,0,44,305,48,6.354166666666667
cairo_heavy_hex_27,r07,efficient_su2,24,0,55,348,48,7.25
cairo_heavy_hex_27,r07,efficient_su2,24,1,11,169,48,3.5208333333333335
cairo_heavy_hex_27,r07,efficient_su2,24,1,22,180,48,3.75
cairo_heavy_hex_27,r07,efficient_su2,24,1,33,93,48,1.9375
cairo_heavy_hex_27,r07,efficient_su2,24,1,44,111,48,2.3125
cairo_heavy_hex_27,r07,efficient_su2,24,1,55,178,48,3.7083333333333335
cairo_heavy_hex_27,r07,efficient_su2,24,3,11,136,48,2.8333333333333335
cairo_heavy_hex_27,r07,efficient_su2,24,3,22,89,48,1.8541666666666667
cairo_heavy_hex_27,r07,efficient_su2,24,3,33,74,48,1.5416666666666667
cairo_heavy_hex_27,r07,efficient_su2,24,3,44,97,48,2.0208333333333335
cairo_heavy_hex_27,r07,efficient_su2,24,3,55,140,48,2.9166666666666665
cairo_heavy_hex_27,r08,qft,4,0,11,33,10,3.3
cairo_heavy_hex_27,r08,qft,4,0,22,28,10,2.8
cairo_heavy_hex_27,r08,qft,4,0,33,37,10,3.7
cairo_heavy_hex_27,r08,qft,4,0,44,31,10,3.1
cairo_heavy_hex_27,r08,qft,4,0,55,34,10,3.4
cairo_heavy_hex_27,r08,qft,4,1,11,18,10,1.8
cairo_heavy_hex_27,r08,qft,4,1,22,18,10,1.8
cairo_heavy_hex_27,r08,qft,4,1,33,18,10,1.8
cairo_heavy_hex_27,r08,qft,4,1,44,18,10,1.8
cairo_heavy_hex_27,r08,qft,4,1,55,18,10,1.8
cairo_heavy_hex_27,r08,qft,4,3,11,18,10,1.8
cairo_heavy_hex_27,r08,qft,4,3,22,16,10,1.6
cairo_heavy_hex_27,r08,qft,4,3,33,18,10,1.8
cairo_heavy_hex_27,r08,qft,4,3,44,18,10,1.8
cairo_heavy_hex_27,r08,qft,4,3,55,18,10,1.8
cairo_heavy_hex_27,r08,qft,8,0,11,107,26,4.115384615384615
cairo_heavy_hex_27,r08,qft,8,0,22,96,26,3.6923076923076925
cairo_heavy_hex_27,r08,qft,8,0,33,129,26,4.961538461538462
cairo_heavy_hex_27,r08,qft,8,0,44,117,26,4.5
cairo_heavy_hex_27,r08,qft,8,0,55,132,26,5.076923076923077
cairo_heavy_hex_27,r08,qft,8,1,11,72,26,2.769230769230769
cairo_heavy_hex_27,r08,qft,8,1,22,70,26,2.6923076923076925
cairo_heavy_hex_27,r08,qft,8,1,33,69,26,2.6538461538461537
cairo_heavy_hex_27,r08,qft,8,1,44,71,26,2.730769230769231
cairo_heavy_hex_27,r08,qft,8,1,55,64,26,2.4615384615384617
cairo_heavy_hex_27,r08,qft,8,3,11,52,26,2.0
cairo_heavy_hex_27,r08,qft,8,3,22,57,26,2.1923076923076925
cairo_heavy_hex_27,r08,qft,8,3,33,58,26,2.230769230769231
cairo_heavy_hex_27,r08,qft,8,3,44,52,26,2.0
cairo_heavy_hex_27,r08,qft,8,3,55,52,26,2.0
cairo_heavy_hex_27,r08,qft,12,0,11,250,42,5.9523809523809526
cairo_heavy_hex_27,r08,qft,12,0,22,239,42,5.690476190476191
cairo_heavy_hex_27,r08,qft,12,0,33,240,42,5.714285714285714
cairo_heavy_hex_27,r08,qft,12,0,44,197,42,4.690476190476191
cairo_heavy_hex_27,r08,qft,12,0,55,219,42,5.214285714285714
cairo_heavy_hex_27,r08,qft,12,1,11,153,42,3.642857142857143
cairo_heavy_hex_27,r08,qft,12,1,22,115,42,2.738095238095238
cairo_heavy_hex_27,r08,qft,12,1,33,167,42,3.9761904761904763
cairo_heavy_hex_27,r08,qft,12,1,44,156,42,3.7142857142857144
cairo_heavy_hex_27,r08,qft,12,1,55,113,42,2.6904761904761907
cairo_heavy_hex_27,r08,qft,12,3,11,134,42,3.1904761904761907
cairo_heavy_hex_27,r08,qft,12,3,22,115,42,2.738095238095238
cairo_heavy_hex_27,r08,qft,12,3,33,105,42,2.5
cairo_heavy_hex_27,r08,qft,12,3,44,110,42,2.619047619047619
cairo_heavy_hex_27,r08,qft,12,3,55,87,42,2.0714285714285716
cairo_heavy_hex_27,r08,qft,16,0,11,342,58,5.896551724137931
cairo_heavy_hex_27,r08,qft,16,0,22,360,58,6.206896551724138
cairo_heavy_hex_27,r08,qft,16,0,33,352,58,6.068965517241379
cairo_heavy_hex_27,r08,qft,16,0,44,309,58,5.327586206896552
cairo_heavy_hex_27,r08,qft,16,0,55,330,58,5.689655172413793
cairo_heavy_hex_27,r08,qft,16,1,11,233,58,4.017241379310345
cairo_heavy_hex_27,r08,qft,16,1,22,208,58,3.586206896551724
cairo_heavy_hex_27,r08,qft,16,1,33,173,58,2.9827586206896552
cairo_heavy_hex_27,r08,qft,16,1,44,174,58,3.0
cairo_heavy_hex_27,r08,qft,16,1,55,247,58,4.258620689655173
cairo_heavy_hex_27,r08,qft,16,3,11,161,58,2.7758620689655173
cairo_heavy_hex_27,r08,qft,16,3,22,113,58,1.9482758620689655
cairo_heavy_hex_27,r08,qft,16,3,33,168,58,2.896551724137931
cairo_heavy_hex_27,r08,qft,16,3,44,174,58,3.0
cairo_heavy_hex_27,r08,qft,16,3,55,115,58,1.9827586206896552
cairo_heavy_hex_27,r08,qft,20,0,11,600,74,8.108108108108109
cairo_heavy_hex_27,r08,qft,20,0,22,501,74,6.77027027027027
cairo_heavy_hex_27,r08,qft,20,0,33,495,74,6.6891891891891895
cairo_heavy_hex_27,r08,qft,20,0,44,509,74,6.878378378378378
cairo_heavy_hex_27,r08,qft,20,0,55,504,74,6.8108108108108105
cairo_heavy_hex_27,r08,qft,20,1,11,292,74,3.945945945945946
cairo_heavy_hex_27,r08,qft,20,1,22,261,74,3.527027027027027
cairo_heavy_hex_27,r08,qft,20,1,33,212,74,2.864864864864865
cairo_heavy_hex_27,r08,qft,20,1,44,283,74,3.824324324324324
cairo_heavy_hex_27,r08,qft,20,1,55,274,74,3.7027027027027026
cairo_heavy_hex_27,r08,qft,20,3,11,151,74,2.0405405405405403
cairo_heavy_hex_27,r08,qft,20,3,22,151,74,2.0405405405405403
cairo_heavy_hex_27,r08,qft,20,3,33,164,74,2.2162162162162162
cairo_heavy_hex_27,r08,qft,20,3,44,225,74,3.0405405405405403
cairo_heavy_hex_27,r08,qft,20,3,55,226,74,3.054054054054054
cairo_heavy_hex_27,r08,qft,24,0,11,605,90,6.722222222222222
cairo_heavy_hex_27,r08,qft,24,0,22,626,90,6.955555555555556
cairo_heavy_hex_27,r08,qft,24,0,33,615,90,6.833333333333333
cairo_heavy_hex_27,r08,qft,24,0,44,657,90,7.3
cairo_heavy_hex_27,r08,qft,24,0,55,596,90,6.622222222222222
cairo_heavy_hex_27,r08,qft,24,1,11,380,90,4.222222222222222
cairo_heavy_hex_27,r08,qft,24,1,22,384,90,4.266666666666667
cairo_heavy_hex_27,r08,qft,24,1,33,386,90,4.288888888888889
cairo_heavy_hex_27,r08,qft,24,1,44,396,90,4.4
cairo_heavy_hex_27,r08,qft,24,1,55,441,90,4.9
cairo_heavy_hex_27,r08,qft,24,3,11,209,90,2.3222222222222224
cairo_heavy_hex_27,r08,qft,24,3,22,348,90,3.8666666666666667
cairo_heavy_hex_27,r08,qft,24,3,33,205,90,2.2777777777777777
cairo_heavy_hex_27,r08,qft,24,3,44,268,90,2.977777777777778
cairo_heavy_hex_27,r08,qft,24,3,55,231,90,2.566666666666667
cairo_heavy_hex_27,r08,ghz_chain,4,0,11,24,3,8.0
cairo_heavy_hex_27,r08,ghz_chain,4,0,22,21,3,7.0
cairo_heavy_hex_27,r08,ghz_chain,4,0,33,18,3,6.0
cairo_heavy_hex_27,r08,ghz_chain,4,0,44,18,3,6.0
cairo_heavy_hex_27,r08,ghz_chain,4,0,55,21,3,7.0
cairo_heavy_hex_27,r08,ghz_chain,4,1,11,3,3,1.0
cairo_heavy_hex_27,r08,ghz_chain,4,1,22,3,3,1.0
cairo_heavy_hex_27,r08,ghz_chain,4,1,33,3,3,1.0
cairo_heavy_hex_27,r08,ghz_chain,4,1,44,3,3,1.0
cairo_heavy_hex_27,r08,ghz_chain,4,1,55,3,3,1.0
cairo_heavy_hex_27,r08,ghz_chain,4,3,11,3,3,1.0
cairo_heavy_hex_27,r08,ghz_chain,4,3,22,3,3,1.0
cairo_heavy_hex_27,r08,ghz_chain,4,3,33,3,3,1.0
cairo_heavy_hex_27,r08,ghz_chain,4,3,44,3,3,1.0
cairo_heavy_hex_27,r08,ghz_chain,4,3,55,3,3,1.0
cairo_heavy_hex_27,r08,ghz_chain,8,0,11,39,7,5.571428571428571
cairo_heavy_hex_27,r08,ghz_chain,8,0,22,40,7,5.714285714285714
cairo_heavy_hex_27,r08,ghz_chain,8,0,33,46,7,6.571428571428571
cairo_heavy_hex_27,r08,ghz_chain,8,0,44,40,7,5.714285714285714
cairo_heavy_hex_27,r08,ghz_chain,8,0,55,46,7,6.571428571428571
cairo_heavy_hex_27,r08,ghz_chain,8,1,11,7,7,1.0
cairo_heavy_hex_27,r08,ghz_chain,8,1,22,7,7,1.0
cairo_heavy_hex_27,r08,ghz_chain,8,1,33,7,7,1.0
cairo_heavy_hex_27,r08,ghz_chain,8,1,44,7,7,1.0
cairo_heavy_hex_27,r08,ghz_chain,8,1,55,7,7,1.0
cairo_heavy_hex_27,r08,ghz_chain,8,3,11,7,7,1.0
cairo_heavy_hex_27,r08,ghz_chain,8,3,22,7,7,1.0
cairo_heavy_hex_27,r08,ghz_chain,8,3,33,7,7,1.0
cairo_heavy_hex_27,r08,ghz_chain,8,3,44,7,7,1.0
cairo_heavy_hex_27,r08,ghz_chain,8,3,55,7,7,1.0
cairo_heavy_hex_27,r08,ghz_chain,12,0,11,55,11,5.0
cairo_heavy_hex_27,r08,ghz_chain,12,0,22,62,11,5.636363636363637
cairo_heavy_hex_27,r08,ghz_chain,12,0,33,71,11,6.454545454545454
cairo_heavy_hex_27,r08,ghz_chain,12,0,44,71,11,6.454545454545454
cairo_heavy_hex_27,r08,ghz_chain,12,0,55,80,11,7.2727272727272725
cairo_heavy_hex_27,r08,ghz_chain,12,1,11,11,11,1.0
cairo_heavy_hex_27,r08,ghz_chain,12,1,22,11,11,1.0
cairo_heavy_hex_27,r08,ghz_chain,12,1,33,11,11,1.0
cairo_heavy_hex_27,r08,ghz_chain,12,1,44,11,11,1.0
cairo_heavy_hex_27,r08,ghz_chain,12,1,55,11,11,1.0
cairo_heavy_hex_27,r08,ghz_chain,12,3,11,11,11,1.0
cairo_heavy_hex_27,r08,ghz_chain,12,3,22,11,11,1.0
cairo_heavy_hex_27,r08,ghz_chain,12,3,33,11,11,1.0
cairo_heavy_hex_27,r08,ghz_chain,12,3,44,11,11,1.0
cairo_heavy_hex_27,r08,ghz_chain,12,3,55,11,11,1.0
cairo_heavy_hex_27,r08,ghz_chain,16,0,11,71,15,4.733333333333333
cairo_heavy_hex_27,r08,ghz_chain,16,0,22,105,15,7.0
cairo_heavy_hex_27,r08,ghz_chain,16,0,33,93,15,6.2
cairo_heavy_hex_27,r08,ghz_chain,16,0,44,84,15,5.6
cairo_heavy_hex_27,r08,ghz_chain,16,0,55,82,15,5.466666666666667
cairo_heavy_hex_27,r08,ghz_chain,16,1,11,15,15,1.0
cairo_heavy_hex_27,r08,ghz_chain,16,1,22,15,15,1.0
cairo_heavy_hex_27,r08,ghz_chain,16,1,33,15,15,1.0
cairo_heavy_hex_27,r08,ghz_chain,16,1,44,15,15,1.0
cairo_heavy_hex_27,r08,ghz_chain,16,1,55,15,15,1.0
cairo_heavy_hex_27,r08,ghz_chain,16,3,11,15,15,1.0
cairo_heavy_hex_27,r08,ghz_chain,16,3,22,15,15,1.0
cairo_heavy_hex_27,r08,ghz_chain,16,3,33,15,15,1.0
cairo_heavy_hex_27,r08,ghz_chain,16,3,44,15,15,1.0
cairo_heavy_hex_27,r08,ghz_chain,16,3,55,15,15,1.0
cairo_heavy_hex_27,r08,ghz_chain,20,0,11,114,19,6.0
cairo_heavy_hex_27,r08,ghz_chain,20,0,22,139,19,7.315789473684211
cairo_heavy_hex_27,r08,ghz_chain,20,0,33,133,19,7.0
cairo_heavy_hex_27,r08,ghz_chain,20,0,44,115,19,6.052631578947368
cairo_heavy_hex_27,r08,ghz_chain,20,0,55,139,19,7.315789473684211
cairo_heavy_hex_27,r08,ghz_chain,20,1,11,19,19,1.0
cairo_heavy_hex_27,r08,ghz_chain,20,1,22,19,19,1.0
cairo_heavy_hex_27,r08,ghz_chain,20,1,33,19,19,1.0
cairo_heavy_hex_27,r08,ghz_chain,20,1,44,19,19,1.0
cairo_heavy_hex_27,r08,ghz_chain,20,1,55,19,19,1.0
cairo_heavy_hex_27,r08,ghz_chain,20,3,11,19,19,1.0
cairo_heavy_hex_27,r08,ghz_chain,20,3,22,19,19,1.0
cairo_heavy_hex_27,r08,ghz_chain,20,3,33,19,19,1.0
cairo_heavy_hex_27,r08,ghz_chain,20,3,44,19,19,1.0
cairo_heavy_hex_27,r08,ghz_chain,20,3,55,19,19,1.0
cairo_heavy_hex_27,r08,ghz_chain,24,0,11,130,23,5.6521739130434785
cairo_heavy_hex_27,r08,ghz_chain,24,0,22,161,23,7.0
cairo_heavy_hex_27,r08,ghz_chain,24,0,33,153,23,6.6521739130434785
cairo_heavy_hex_27,r08,ghz_chain,24,0,44,131,23,5.695652173913044
cairo_heavy_hex_27,r08,ghz_chain,24,0,55,170,23,7.391304347826087
cairo_heavy_hex_27,r08,ghz_chain,24,1,11,76,23,3.3043478260869565
cairo_heavy_hex_27,r08,ghz_chain,24,1,22,80,23,3.4782608695652173
cairo_heavy_hex_27,r08,ghz_chain,24,1,33,72,23,3.130434782608696
cairo_heavy_hex_27,r08,ghz_chain,24,1,44,62,23,2.6956521739130435
cairo_heavy_hex_27,r08,ghz_chain,24,1,55,65,23,2.8260869565217392
cairo_heavy_hex_27,r08,ghz_chain,24,3,11,46,23,2.0
cairo_heavy_hex_27,r08,ghz_chain,24,3,22,73,23,3.1739130434782608
cairo_heavy_hex_27,r08,ghz_chain,24,3,33,46,23,2.0
cairo_heavy_hex_27,r08,ghz_chain,24,3,44,50,23,2.1739130434782608
cairo_heavy_hex_27,r08,ghz_chain,24,3,55,60,23,2.608695652173913
cairo_heavy_hex_27,r08,ghz_star,4,0,11,24,3,8.0
cairo_heavy_hex_27,r08,ghz_star,4,0,22,18,3,6.0
cairo_heavy_hex_27,r08,ghz_star,4,0,33,18,3,6.0
cairo_heavy_hex_27,r08,ghz_star,4,0,44,21,3,7.0
cairo_heavy_hex_27,r08,ghz_star,4,0,55,18,3,6.0
cairo_heavy_hex_27,r08,ghz_star,4,1,11,3,3,1.0
cairo_heavy_hex_27,r08,ghz_star,4,1,22,3,3,1.0
cairo_heavy_hex_27,r08,ghz_star,4,1,33,3,3,1.0
cairo_heavy_hex_27,r08,ghz_star,4,1,44,3,3,1.0
cairo_heavy_hex_27,r08,ghz_star,4,1,55,3,3,1.0
cairo_heavy_hex_27,r08,ghz_star,4,3,11,3,3,1.0
cairo_heavy_hex_27,r08,ghz_star,4,3,22,3,3,1.0
cairo_heavy_hex_27,r08,ghz_star,4,3,33,3,3,1.0
cairo_heavy_hex_27,r08,ghz_star,4,3,44,3,3,1.0
cairo_heavy_hex_27,r08,ghz_star,4,3,55,3,3,1.0
cairo_heavy_hex_27,r08,ghz_star,8,0,11,49,7,7.0
cairo_heavy_hex_27,r08,ghz_star,8,0,22,37,7,5.285714285714286
cairo_heavy_hex_27,r08,ghz_star,8,0,33,43,7,6.142857142857143
cairo_heavy_hex_27,r08,ghz_star,8,0,44,42,7,6.0
cairo_heavy_hex_27,r08,ghz_star,8,0,55,43,7,6.142857142857143
cairo_heavy_hex_27,r08,ghz_star,8,1,11,15,7,2.142857142857143
cairo_heavy_hex_27,r08,ghz_star,8,1,22,15,7,2.142857142857143
cairo_heavy_hex_27,r08,ghz_star,8,1,33,15,7,2.142857142857143
cairo_heavy_hex_27,r08,ghz_star,8,1,44,15,7,2.142857142857143
cairo_heavy_hex_27,r08,ghz_star,8,1,55,18,7,2.5714285714285716
cairo_heavy_hex_27,r08,ghz_star,8,3,11,15,7,2.142857142857143
cairo_heavy_hex_27,r08,ghz_star,8,3,22,15,7,2.142857142857143
cairo_heavy_hex_27,r08,ghz_star,8,3,33,16,7,2.2857142857142856
cairo_heavy_hex_27,r08,ghz_star,8,3,44,13,7,1.8571428571428572
cairo_heavy_hex_27,r08,ghz_star,8,3,55,14,7,2.0
cairo_heavy_hex_27,r08,ghz_star,12,0,11,52,11,4.7272727272727275
cairo_heavy_hex_27,r08,ghz_star,12,0,22,67,11,6.090909090909091
cairo_heavy_hex_27,r08,ghz_star,12,0,33,61,11,5.545454545454546
cairo_heavy_hex_27,r08,ghz_star,12,0,44,73,11,6.636363636363637
cairo_heavy_hex_27,r08,ghz_star,12,0,55,62,11,5.636363636363637
cairo_heavy_hex_27,r08,ghz_star,12,1,11,37,11,3.3636363636363638
cairo_heavy_hex_27,r08,ghz_star,12,1,22,37,11,3.3636363636363638
cairo_heavy_hex_27,r08,ghz_star,12,1,33,34,11,3.090909090909091
cairo_heavy_hex_27,r08,ghz_star,12,1,44,37,11,3.3636363636363638
cairo_heavy_hex_27,r08,ghz_star,12,1,55,35,11,3.1818181818181817
cairo_heavy_hex_27,r08,ghz_star,12,3,11,30,11,2.727272727272727
cairo_heavy_hex_27,r08,ghz_star,12,3,22,31,11,2.8181818181818183
cairo_heavy_hex_27,r08,ghz_star,12,3,33,30,11,2.727272727272727
cairo_heavy_hex_27,r08,ghz_star,12,3,44,31,11,2.8181818181818183
cairo_heavy_hex_27,r08,ghz_star,12,3,55,31,11,2.8181818181818183
cairo_heavy_hex_27,r08,ghz_star,16,0,11,77,15,5.133333333333334
cairo_heavy_hex_27,r08,ghz_star,16,0,22,95,15,6.333333333333333
cairo_heavy_hex_27,r08,ghz_star,16,0,33,87,15,5.8
cairo_heavy_hex_27,r08,ghz_star,16,0,44,96,15,6.4
cairo_heavy_hex_27,r08,ghz_star,16,0,55,104,15,6.933333333333334
cairo_heavy_hex_27,r08,ghz_star,16,1,11,47,15,3.1333333333333333
cairo_heavy_hex_27,r08,ghz_star,16,1,22,47,15,3.1333333333333333
cairo_heavy_hex_27,r08,ghz_star,16,1,33,48,15,3.2
cairo_heavy_hex_27,r08,ghz_star,16,1,44,47,15,3.1333333333333333
cairo_heavy_hex_27,r08,ghz_star,16,1,55,47,15,3.1333333333333333
cairo_heavy_hex_27,r08,ghz_star,16,3,11,40,15,2.6666666666666665
cairo_heavy_hex_27,r08,ghz_star,16,3,22,39,15,2.6
cairo_heavy_hex_27,r08,ghz_star,16,3,33,38,15,2.533333333333333
cairo_heavy_hex_27,r08,ghz_star,16,3,44,44,15,2.933333333333333
cairo_heavy_hex_27,r08,ghz_star,16,3,55,40,15,2.6666666666666665
cairo_heavy_hex_27,r08,ghz_star,20,0,11,111,19,5.842105263157895
cairo_heavy_hex_27,r08,ghz_star,20,0,22,126,19,6.631578947368421
cairo_heavy_hex_27,r08,ghz_star,20,0,33,133,19,7.0
cairo_heavy_hex_27,r08,ghz_star,20,0,44,130,19,6.842105263157895
cairo_heavy_hex_27,r08,ghz_star,20,0,55,133,19,7.0
cairo_heavy_hex_27,r08,ghz_star,20,1,11,79,19,4.157894736842105
cairo_heavy_hex_27,r08,ghz_star,20,1,22,69,19,3.6315789473684212
cairo_heavy_hex_27,r08,ghz_star,20,1,33,82,19,4.315789473684211
cairo_heavy_hex_27,r08,ghz_star,20,1,44,79,19,4.157894736842105
cairo_heavy_hex_27,r08,ghz_star,20,1,55,83,19,4.368421052631579
cairo_heavy_hex_27,r08,ghz_star,20,3,11,61,19,3.210526315789474
cairo_heavy_hex_27,r08,ghz_star,20,3,22,51,19,2.6842105263157894
cairo_heavy_hex_27,r08,ghz_star,20,3,33,68,19,3.5789473684210527
cairo_heavy_hex_27,r08,ghz_star,20,3,44,63,19,3.3157894736842106
cairo_heavy_hex_27,r08,ghz_star,20,3,55,59,19,3.1052631578947367
cairo_heavy_hex_27,r08,ghz_star,24,0,11,127,23,5.521739130434782
cairo_heavy_hex_27,r08,ghz_star,24,0,22,168,23,7.304347826086956
cairo_heavy_hex_27,r08,ghz_star,24,0,33,155,23,6.739130434782608
cairo_heavy_hex_27,r08,ghz_star,24,0,44,148,23,6.434782608695652
cairo_heavy_hex_27,r08,ghz_star,24,0,55,163,23,7.086956521739131
cairo_heavy_hex_27,r08,ghz_star,24,1,11,92,23,4.0
cairo_heavy_hex_27,r08,ghz_star,24,1,22,93,23,4.043478260869565
cairo_heavy_hex_27,r08,ghz_star,24,1,33,88,23,3.8260869565217392
cairo_heavy_hex_27,r08,ghz_star,24,1,44,102,23,4.434782608695652
cairo_heavy_hex_27,r08,ghz_star,24,1,55,113,23,4.913043478260869
cairo_heavy_hex_27,r08,ghz_star,24,3,11,75,23,3.260869565217391
cairo_heavy_hex_27,r08,ghz_star,24,3,22,81,23,3.5217391304347827
cairo_heavy_hex_27,r08,ghz_star,24,3,33,73,23,3.1739130434782608
cairo_heavy_hex_27,r08,ghz_star,24,3,44,67,23,2.9130434782608696
cairo_heavy_hex_27,r08,ghz_star,24,3,55,66,23,2.869565217391304
cairo_heavy_hex_27,r08,efficient_su2,4,0,11,44,8,5.5
cairo_heavy_hex_27,r08,efficient_su2,4,0,22,35,8,4.375
cairo_heavy_hex_27,r08,efficient_su2,4,0,33,38,8,4.75
cairo_heavy_hex_27,r08,efficient_su2,4,0,44,39,8,4.875
cairo_heavy_hex_27,r08,efficient_su2,4,0,55,38,8,4.75
cairo_heavy_hex_27,r08,efficient_su2,4,1,11,17,8,2.125
cairo_heavy_hex_27,r08,efficient_su2,4,1,22,17,8,2.125
cairo_heavy_hex_27,r08,efficient_su2,4,1,33,17,8,2.125
cairo_heavy_hex_27,r08,efficient_su2,4,1,44,17,8,2.125
cairo_heavy_hex_27,r08,efficient_su2,4,1,55,17,8,2.125
cairo_heavy_hex_27,r08,efficient_su2,4,3,11,17,8,2.125
cairo_heavy_hex_27,r08,efficient_su2,4,3,22,17,8,2.125
cairo_heavy_hex_27,r08,efficient_su2,4,3,33,17,8,2.125
cairo_heavy_hex_27,r08,efficient_su2,4,3,44,17,8,2.125
cairo_heavy_hex_27,r08,efficient_su2,4,3,55,17,8,2.125
cairo_heavy_hex_27,r08,efficient_su2,8,0,11,94,16,5.875
cairo_heavy_hex_27,r08,efficient_su2,8,0,22,80,16,5.0
cairo_heavy_hex_27,r08,efficient_su2,8,0,33,85,16,5.3125
cairo_heavy_hex_27,r08,efficient_su2,8,0,44,75,16,4.6875
cairo_heavy_hex_27,r08,efficient_su2,8,0,55,81,16,5.0625
cairo_heavy_hex_27,r08,efficient_su2,8,1,11,37,16,2.3125
cairo_heavy_hex_27,r08,efficient_su2,8,1,22,40,16,2.5
cairo_heavy_hex_27,r08,efficient_su2,8,1,33,40,16,2.5
cairo_heavy_hex_27,r08,efficient_su2,8,1,44,37,16,2.3125
cairo_heavy_hex_27,r08,efficient_su2,8,1,55,40,16,2.5
cairo_heavy_hex_27,r08,efficient_su2,8,3,11,40,16,2.5
cairo_heavy_hex_27,r08,efficient_su2,8,3,22,40,16,2.5
cairo_heavy_hex_27,r08,efficient_su2,8,3,33,40,16,2.5
cairo_heavy_hex_27,r08,efficient_su2,8,3,44,40,16,2.5
cairo_heavy_hex_27,r08,efficient_su2,8,3,55,40,16,2.5
cairo_heavy_hex_27,r08,efficient_su2,12,0,11,130,24,5.416666666666667
cairo_heavy_hex_27,r08,efficient_su2,12,0,22,131,24,5.458333333333333
cairo_heavy_hex_27,r08,efficient_su2,12,0,33,122,24,5.083333333333333
cairo_heavy_hex_27,r08,efficient_su2,12,0,44,116,24,4.833333333333333
cairo_heavy_hex_27,r08,efficient_su2,12,0,55,134,24,5.583333333333333
cairo_heavy_hex_27,r08,efficient_su2,12,1,11,24,24,1.0
cairo_heavy_hex_27,r08,efficient_su2,12,1,22,24,24,1.0
cairo_heavy_hex_27,r08,efficient_su2,12,1,33,24,24,1.0
cairo_heavy_hex_27,r08,efficient_su2,12,1,44,24,24,1.0
cairo_heavy_hex_27,r08,efficient_su2,12,1,55,24,24,1.0
cairo_heavy_hex_27,r08,efficient_su2,12,3,11,24,24,1.0
cairo_heavy_hex_27,r08,efficient_su2,12,3,22,24,24,1.0
cairo_heavy_hex_27,r08,efficient_su2,12,3,33,24,24,1.0
cairo_heavy_hex_27,r08,efficient_su2,12,3,44,24,24,1.0
cairo_heavy_hex_27,r08,efficient_su2,12,3,55,24,24,1.0
cairo_heavy_hex_27,r08,efficient_su2,16,0,11,187,32,5.84375
cairo_heavy_hex_27,r08,efficient_su2,16,0,22,197,32,6.15625
cairo_heavy_hex_27,r08,efficient_su2,16,0,33,200,32,6.25
cairo_heavy_hex_27,r08,efficient_su2,16,0,44,182,32,5.6875
cairo_heavy_hex_27,r08,efficient_su2,16,0,55,229,32,7.15625
cairo_heavy_hex_27,r08,efficient_su2,16,1,11,56,32,1.75
cairo_heavy_hex_27,r08,efficient_su2,16,1,22,60,32,1.875
cairo_heavy_hex_27,r08,efficient_su2,16,1,33,56,32,1.75
cairo_heavy_hex_27,r08,efficient_su2,16,1,44,60,32,1.875
cairo_heavy_hex_27,r08,efficient_su2,16,1,55,56,32,1.75
cairo_heavy_hex_27,r08,efficient_su2,16,3,11,45,32,1.40625
cairo_heavy_hex_27,r08,efficient_su2,16,3,22,48,32,1.5
cairo_heavy_hex_27,r08,efficient_su2,16,3,33,45,32,1.40625
cairo_heavy_hex_27,r08,efficient_su2,16,3,44,48,32,1.5
cairo_heavy_hex_27,r08,efficient_su2,16,3,55,45,32,1.40625
cairo_heavy_hex_27,r08,efficient_su2,20,0,11,238,40,5.95
cairo_heavy_hex_27,r08,efficient_su2,20,0,22,256,40,6.4
cairo_heavy_hex_27,r08,efficient_su2,20,0,33,236,40,5.9
cairo_heavy_hex_27,r08,efficient_su2,20,0,44,241,40,6.025
cairo_heavy_hex_27,r08,efficient_su2,20,0,55,231,40,5.775
cairo_heavy_hex_27,r08,efficient_su2,20,1,11,40,40,1.0
cairo_heavy_hex_27,r08,efficient_su2,20,1,22,40,40,1.0
cairo_heavy_hex_27,r08,efficient_su2,20,1,33,40,40,1.0
cairo_heavy_hex_27,r08,efficient_su2,20,1,44,40,40,1.0
cairo_heavy_hex_27,r08,efficient_su2,20,1,55,40,40,1.0
cairo_heavy_hex_27,r08,efficient_su2,20,3,11,40,40,1.0
cairo_heavy_hex_27,r08,efficient_su2,20,3,22,40,40,1.0
cairo_heavy_hex_27,r08,efficient_su2,20,3,33,40,40,1.0
cairo_heavy_hex_27,r08,efficient_su2,20,3,44,40,40,1.0
cairo_heavy_hex_27,r08,efficient_su2,20,3,55,40,40,1.0
cairo_heavy_hex_27,r08,efficient_su2,24,0,11,265,48,5.520833333333333
cairo_heavy_hex_27,r08,efficient_su2,24,0,22,274,48,5.708333333333333
cairo_heavy_hex_27,r08,efficient_su2,24,0,33,302,48,6.291666666666667
cairo_heavy_hex_27,r08,efficient_su2,24,0,44,261,48,5.4375
cairo_heavy_hex_27,r08,efficient_su2,24,0,55,273,48,5.6875
cairo_heavy_hex_27,r08,efficient_su2,24,1,11,162,48,3.375
cairo_heavy_hex_27,r08,efficient_su2,24,1,22,168,48,3.5
cairo_heavy_hex_27,r08,efficient_su2,24,1,33,174,48,3.625
cairo_heavy_hex_27,r08,efficient_su2,24,1,44,129,48,2.6875
cairo_heavy_hex_27,r08,efficient_su2,24,1,55,154,48,3.2083333333333335
cairo_heavy_hex_27,r08,efficient_su2,24,3,11,123,48,2.5625
cairo_heavy_hex_27,r08,efficient_su2,24,3,22,124,48,2.5833333333333335
cairo_heavy_hex_27,r08,efficient_su2,24,3,33,124,48,2.5833333333333335
cairo_heavy_hex_27,r08,efficient_su2,24,3,44,111,48,2.3125
cairo_heavy_hex_27,r08,efficient_su2,24,3,55,108,48,2.25
cairo_heavy_hex_27,r09,qft,4,0,11,50,10,5.0
cairo_heavy_hex_27,r09,qft,4,0,22,37,10,3.7
cairo_heavy_hex_27,r09,qft,4,0,33,52,10,5.2
cairo_heavy_hex_27,r09,qft,4,0,44,41,10,4.1
cairo_heavy_hex_27,r09,qft,4,0,55,49,10,4.9
cairo_heavy_hex_27,r09,qft,4,1,11,18,10,1.8
cairo_heavy_hex_27,r09,qft,4,1,22,18,10,1.8
cairo_heavy_hex_27,r09,qft,4,1,33,18,10,1.8
cairo_heavy_hex_27,r09,qft,4,1,44,18,10,1.8
cairo_heavy_hex_27,r09,qft,4,1,55,19,10,1.9
cairo_heavy_hex_27,r09,qft,4,3,11,18,10,1.8
cairo_heavy_hex_27,r09,qft,4,3,22,18,10,1.8
cairo_heavy_hex_27,r09,qft,4,3,33,16,10,1.6
cairo_heavy_hex_27,r09,qft,4,3,44,18,10,1.8
cairo_heavy_hex_27,r09,qft,4,3,55,18,10,1.8
cairo_heavy_hex_27,r09,qft,8,0,11,104,26,4.0
cairo_heavy_hex_27,r09,qft,8,0,22,123,26,4.730769230769231
cairo_heavy_hex_27,r09,qft,8,0,33,123,26,4.730769230769231
cairo_heavy_hex_27,r09,qft,8,0,44,137,26,5.269230769230769
cairo_heavy_hex_27,r09,qft,8,0,55,123,26,4.730769230769231
cairo_heavy_hex_27,r09,qft,8,1,11,80,26,3.076923076923077
cairo_heavy_hex_27,r09,qft,8,1,22,70,26,2.6923076923076925
cairo_heavy_hex_27,r09,qft,8,1,33,74,26,2.8461538461538463
cairo_heavy_hex_27,r09,qft,8,1,44,74,26,2.8461538461538463
cairo_heavy_hex_27,r09,qft,8,1,55,71,26,2.730769230769231
cairo_heavy_hex_27,r09,qft,8,3,11,52,26,2.0
cairo_heavy_hex_27,r09,qft,8,3,22,52,26,2.0
cairo_heavy_hex_27,r09,qft,8,3,33,59,26,2.269230769230769
cairo_heavy_hex_27,r09,qft,8,3,44,58,26,2.230769230769231
cairo_heavy_hex_27,r09,qft,8,3,55,58,26,2.230769230769231
cairo_heavy_hex_27,r09,qft,12,0,11,265,42,6.309523809523809
cairo_heavy_hex_27,r09,qft,12,0,22,240,42,5.714285714285714
cairo_heavy_hex_27,r09,qft,12,0,33,256,42,6.095238095238095
cairo_heavy_hex_27,r09,qft,12,0,44,260,42,6.190476190476191
cairo_heavy_hex_27,r09,qft,12,0,55,224,42,5.333333333333333
cairo_heavy_hex_27,r09,qft,12,1,11,160,42,3.8095238095238093
cairo_heavy_hex_27,r09,qft,12,1,22,142,42,3.380952380952381
cairo_heavy_hex_27,r09,qft,12,1,33,132,42,3.142857142857143
cairo_heavy_hex_27,r09,qft,12,1,44,143,42,3.4047619047619047
cairo_heavy_hex_27,r09,qft,12,1,55,130,42,3.0952380952380953
cairo_heavy_hex_27,r09,qft,12,3,11,112,42,2.6666666666666665
cairo_heavy_hex_27,r09,qft,12,3,22,109,42,2.5952380952380953
cairo_heavy_hex_27,r09,qft,12,3,33,113,42,2.6904761904761907
cairo_heavy_hex_27,r09,qft,12,3,44,143,42,3.4047619047619047
cairo_heavy_hex_27,r09,qft,12,3,55,103,42,2.4523809523809526
cairo_heavy_hex_27,r09,qft,16,0,11,347,58,5.982758620689655
cairo_heavy_hex_27,r09,qft,16,0,22,400,58,6.896551724137931
cairo_heavy_hex_27,r09,qft,16,0,33,337,58,5.810344827586207
cairo_heavy_hex_27,r09,qft,16,0,44,357,58,6.155172413793103
cairo_heavy_hex_27,r09,qft,16,0,55,362,58,6.241379310344827
cairo_heavy_hex_27,r09,qft,16,1,11,237,58,4.086206896551724
cairo_heavy_hex_27,r09,qft,16,1,22,240,58,4.137931034482759
cairo_heavy_hex_27,r09,qft,16,1,33,164,58,2.8275862068965516
cairo_heavy_hex_27,r09,qft,16,1,44,191,58,3.293103448275862
cairo_heavy_hex_27,r09,qft,16,1,55,197,58,3.396551724137931
cairo_heavy_hex_27,r09,qft,16,3,11,142,58,2.4482758620689653
cairo_heavy_hex_27,r09,qft,16,3,22,189,58,3.2586206896551726
cairo_heavy_hex_27,r09,qft,16,3,33,117,58,2.0172413793103448
cairo_heavy_hex_27,r09,qft,16,3,44,119,58,2.0517241379310347
cairo_heavy_hex_27,r09,qft,16,3,55,138,58,2.3793103448275863
cairo_heavy_hex_27,r09,qft,20,0,11,483,74,6.527027027027027
cairo_heavy_hex_27,r09,qft,20,0,22,550,74,7.4324324324324325
cairo_heavy_hex_27,r09,qft,20,0,33,512,74,6.918918918918919
cairo_heavy_hex_27,r09,qft,20,0,44,478,74,6.45945945945946
cairo_heavy_hex_27,r09,qft,20,0,55,470,74,6.351351351351352
cairo_heavy_hex_27,r09,qft,20,1,11,267,74,3.608108108108108
cairo_heavy_hex_27,r09,qft,20,1,22,392,74,5.297297297297297
cairo_heavy_hex_27,r09,qft,20,1,33,244,74,3.2972972972972974
cairo_heavy_hex_27,r09,qft,20,1,44,219,74,2.9594594594594597
cairo_heavy_hex_27,r09,qft,20,1,55,388,74,5.243243243243243
cairo_heavy_hex_27,r09,qft,20,3,11,145,74,1.9594594594594594
cairo_heavy_hex_27,r09,qft,20,3,22,200,74,2.7027027027027026
cairo_heavy_hex_27,r09,qft,20,3,33,241,74,3.2567567567567566
cairo_heavy_hex_27,r09,qft,20,3,44,273,74,3.689189189189189
cairo_heavy_hex_27,r09,qft,20,3,55,230,74,3.108108108108108
cairo_heavy_hex_27,r09,qft,24,0,11,628,90,6.977777777777778
cairo_heavy_hex_27,r09,qft,24,0,22,624,90,6.933333333333334
cairo_heavy_hex_27,r09,qft,24,0,33,633,90,7.033333333333333
cairo_heavy_hex_27,r09,qft,24,0,44,678,90,7.533333333333333
cairo_heavy_hex_27,r09,qft,24,0,55,605,90,6.722222222222222
cairo_heavy_hex_27,r09,qft,24,1,11,351,90,3.9
cairo_heavy_hex_27,r09,qft,24,1,22,383,90,4.2555555555555555
cairo_heavy_hex_27,r09,qft,24,1,33,418,90,4.644444444444445
cairo_heavy_hex_27,r09,qft,24,1,44,456,90,5.066666666666666
cairo_heavy_hex_27,r09,qft,24,1,55,411,90,4.566666666666666
cairo_heavy_hex_27,r09,qft,24,3,11,337,90,3.7444444444444445
cairo_heavy_hex_27,r09,qft,24,3,22,340,90,3.7777777777777777
cairo_heavy_hex_27,r09,qft,24,3,33,286,90,3.1777777777777776
cairo_heavy_hex_27,r09,qft,24,3,44,285,90,3.1666666666666665
cairo_heavy_hex_27,r09,qft,24,3,55,293,90,3.2555555555555555
cairo_heavy_hex_27,r09,ghz_chain,4,0,11,21,3,7.0
cairo_heavy_hex_27,r09,ghz_chain,4,0,22,27,3,9.0
cairo_heavy_hex_27,r09,ghz_chain,4,0,33,33,3,11.0
cairo_heavy_hex_27,r09,ghz_chain,4,0,44,24,3,8.0
cairo_heavy_hex_27,r09,ghz_chain,4,0,55,27,3,9.0
cairo_heavy_hex_27,r09,ghz_chain,4,1,11,3,3,1.0
cairo_heavy_hex_27,r09,ghz_chain,4,1,22,3,3,1.0
cairo_heavy_hex_27,r09,ghz_chain,4,1,33,3,3,1.0
cairo_heavy_hex_27,r09,ghz_chain,4,1,44,3,3,1.0
cairo_heavy_hex_27,r09,ghz_chain,4,1,55,3,3,1.0
cairo_heavy_hex_27,r09,ghz_chain,4,3,11,3,3,1.0
cairo_heavy_hex_27,r09,ghz_chain,4,3,22,3,3,1.0
cairo_heavy_hex_27,r09,ghz_chain,4,3,33,3,3,1.0
cairo_heavy_hex_27,r09,ghz_chain,4,3,44,3,3,1.0
cairo_heavy_hex_27,r09,ghz_chain,4,3,55,3,3,1.0
cairo_heavy_hex_27,r09,ghz_chain,8,0,11,46,7,6.571428571428571
cairo_heavy_hex_27,r09,ghz_chain,8,0,22,46,7,6.571428571428571
cairo_heavy_hex_27,r09,ghz_chain,8,0,33,48,7,6.857142857142857
cairo_heavy_hex_27,r09,ghz_chain,8,0,44,49,7,7.0
cairo_heavy_hex_27,r09,ghz_chain,8,0,55,61,7,8.714285714285714
cairo_heavy_hex_27,r09,ghz_chain,8,1,11,7,7,1.0
cairo_heavy_hex_27,r09,ghz_chain,8,1,22,7,7,1.0
cairo_heavy_hex_27,r09,ghz_chain,8,1,33,7,7,1.0
cairo_heavy_hex_27,r09,ghz_chain,8,1,44,7,7,1.0
cairo_heavy_hex_27,r09,ghz_chain,8,1,55,7,7,1.0
cairo_heavy_hex_27,r09,ghz_chain,8,3,11,7,7,1.0
cairo_heavy_hex_27,r09,ghz_chain,8,3,22,7,7,1.0
cairo_heavy_hex_27,r09,ghz_chain,8,3,33,7,7,1.0
cairo_heavy_hex_27,r09,ghz_chain,8,3,44,7,7,1.0
cairo_heavy_hex_27,r09,ghz_chain,8,3,55,7,7,1.0
cairo_heavy_hex_27,r09,ghz_chain,12,0,11,69,11,6.2727272727272725
cairo_heavy_hex_27,r09,ghz_chain,12,0,22,76,11,6.909090909090909
cairo_heavy_hex_27,r09,ghz_chain,12,0,33,85,11,7.7272727272727275
cairo_heavy_hex_27,r09,ghz_chain,12,0,44,80,11,7.2727272727272725
cairo_heavy_hex_27,r09,ghz_chain,12,0,55,64,11,5.818181818181818
cairo_heavy_hex_27,r09,ghz_chain,12,1,11,11,11,1.0
cairo_heavy_hex_27,r09,ghz_chain,12,1,22,11,11,1.0
cairo_heavy_hex_27,r09,ghz_chain,12,1,33,11,11,1.0
cairo_heavy_hex_27,r09,ghz_chain,12,1,44,11,11,1.0
cairo_heavy_hex_27,r09,ghz_chain,12,1,55,11,11,1.0
cairo_heavy_hex_27,r09,ghz_chain,12,3,11,11,11,1.0
cairo_heavy_hex_27,r09,ghz_chain,12,3,22,11,11,1.0
cairo_heavy_hex_27,r09,ghz_chain,12,3,33,11,11,1.0
cairo_heavy_hex_27,r09,ghz_chain,12,3,44,11,11,1.0
cairo_heavy_hex_27,r09,ghz_chain,12,3,55,11,11,1.0
cairo_heavy_hex_27,r09,ghz_chain,16,0,11,100,15,6.666666666666667
cairo_heavy_hex_27,r09,ghz_chain,16,0,22,107,15,7.133333333333334
cairo_heavy_hex_27,r09,ghz_chain,16,0,33,116,15,7.733333333333333
cairo_heavy_hex_27,r09,ghz_chain,16,0,44,98,15,6.533333333333333
cairo_heavy_hex_27,r09,ghz_chain,16,0,55,123,15,8.2
cairo_heavy_hex_27,r09,ghz_chain,16,1,11,15,15,1.0
cairo_heavy_hex_27,r09,ghz_chain,16,1,22,15,15,1.0
cairo_heavy_hex_27,r09,ghz_chain,16,1,33,15,15,1.0
cairo_heavy_hex_27,r09,ghz_chain,16,1,44,15,15,1.0
cairo_heavy_hex_27,r09,ghz_chain,16,1,55,15,15,1.0
cairo_heavy_hex_27,r09,ghz_chain,16,3,11,15,15,1.0
cairo_heavy_hex_27,r09,ghz_chain,16,3,22,15,15,1.0
cairo_heavy_hex_27,r09,ghz_chain,16,3,33,15,15,1.0
cairo_heavy_hex_27,r09,ghz_chain,16,3,44,15,15,1.0
cairo_heavy_hex_27,r09,ghz_chain,16,3,55,15,15,1.0
cairo_heavy_hex_27,r09,ghz_chain,20,0,11,151,19,7.947368421052632
cairo_heavy_hex_27,r09,ghz_chain,20,0,22,138,19,7.2631578947368425
cairo_heavy_hex_27,r09,ghz_chain,20,0,33,153,19,8.052631578947368
cairo_heavy_hex_27,r09,ghz_chain,20,0,44,143,19,7.526315789473684
cairo_heavy_hex_27,r09,ghz_chain,20,0,55,139,19,7.315789473684211
cairo_heavy_hex_27,r09,ghz_chain,20,1,11,19,19,1.0
cairo_heavy_hex_27,r09,ghz_chain,20,1,22,19,19,1.0
cairo_heavy_hex_27,r09,ghz_chain,20,1,33,19,19,1.0
cairo_heavy_hex_27,r09,ghz_chain,20,1,44,19,19,1.0
cairo_heavy_hex_27,r09,ghz_chain,20,1,55,19,19,1.0
cairo_heavy_hex_27,r09,ghz_chain,20,3,11,19,19,1.0
cairo_heavy_hex_27,r09,ghz_chain,20,3,22,19,19,1.0
cairo_heavy_hex_27,r09,ghz_chain,20,3,33,19,19,1.0
cairo_heavy_hex_27,r09,ghz_chain,20,3,44,19,19,1.0
cairo_heavy_hex_27,r09,ghz_chain,20,3,55,19,19,1.0
cairo_heavy_hex_27,r09,ghz_chain,24,0,11,167,23,7.260869565217392
cairo_heavy_hex_27,r09,ghz_chain,24,0,22,191,23,8.304347826086957
cairo_heavy_hex_27,r09,ghz_chain,24,0,33,184,23,8.0
cairo_heavy_hex_27,r09,ghz_chain,24,0,44,174,23,7.565217391304348
cairo_heavy_hex_27,r09,ghz_chain,24,0,55,155,23,6.739130434782608
cairo_heavy_hex_27,r09,ghz_chain,24,1,11,41,23,1.7826086956521738
cairo_heavy_hex_27,r09,ghz_chain,24,1,22,59,23,2.5652173913043477
cairo_heavy_hex_27,r09,ghz_chain,24,1,33,70,23,3.0434782608695654
cairo_heavy_hex_27,r09,ghz_chain,24,1,44,76,23,3.3043478260869565
cairo_heavy_hex_27,r09,ghz_chain,24,1,55,77,23,3.347826086956522
cairo_heavy_hex_27,r09,ghz_chain,24,3,11,41,23,1.7826086956521738
cairo_heavy_hex_27,r09,ghz_chain,24,3,22,59,23,2.5652173913043477
cairo_heavy_hex_27,r09,ghz_chain,24,3,33,40,23,1.7391304347826086
cairo_heavy_hex_27,r09,ghz_chain,24,3,44,54,23,2.347826086956522
cairo_heavy_hex_27,r09,ghz_chain,24,3,55,60,23,2.608695652173913
cairo_heavy_hex_27,r09,ghz_star,4,0,11,18,3,6.0
cairo_heavy_hex_27,r09,ghz_star,4,0,22,24,3,8.0
cairo_heavy_hex_27,r09,ghz_star,4,0,33,24,3,8.0
cairo_heavy_hex_27,r09,ghz_star,4,0,44,21,3,7.0
cairo_heavy_hex_27,r09,ghz_star,4,0,55,24,3,8.0
cairo_heavy_hex_27,r09,ghz_star,4,1,11,3,3,1.0
cairo_heavy_hex_27,r09,ghz_star,4,1,22,3,3,1.0
cairo_heavy_hex_27,r09,ghz_star,4,1,33,3,3,1.0
cairo_heavy_hex_27,r09,ghz_star,4,1,44,3,3,1.0
cairo_heavy_hex_27,r09,ghz_star,4,1,55,3,3,1.0
cairo_heavy_hex_27,r09,ghz_star,4,3,11,3,3,1.0
cairo_heavy_hex_27,r09,ghz_star,4,3,22,3,3,1.0
cairo_heavy_hex_27,r09,ghz_star,4,3,33,3,3,1.0
cairo_heavy_hex_27,r09,ghz_star,4,3,44,3,3,1.0
cairo_heavy_hex_27,r09,ghz_star,4,3,55,3,3,1.0
cairo_heavy_hex_27,r09,ghz_star,8,0,11,61,7,8.714285714285714
cairo_heavy_hex_27,r09,ghz_star,8,0,22,46,7,6.571428571428571
cairo_heavy_hex_27,r09,ghz_star,8,0,33,44,7,6.285714285714286
cairo_heavy_hex_27,r09,ghz_star,8,0,44,40,7,5.714285714285714
cairo_heavy_hex_27,r09,ghz_star,8,0,55,61,7,8.714285714285714
cairo_heavy_hex_27,r09,ghz_star,8,1,11,15,7,2.142857142857143
cairo_heavy_hex_27,r09,ghz_star,8,1,22,16,7,2.2857142857142856
cairo_heavy_hex_27,r09,ghz_star,8,1,33,18,7,2.5714285714285716
cairo_heavy_hex_27,r09,ghz_star,8,1,44,16,7,2.2857142857142856
cairo_heavy_hex_27,r09,ghz_star,8,1,55,15,7,2.142857142857143
cairo_heavy_hex_27,r09,ghz_star,8,3,11,13,7,1.8571428571428572
cairo_heavy_hex_27,r09,ghz_star,8,3,22,13,7,1.8571428571428572
cairo_heavy_hex_27,r09,ghz_star,8,3,33,12,7,1.7142857142857142
cairo_heavy_hex_27,r09,ghz_star,8,3,44,12,7,1.7142857142857142
cairo_heavy_hex_27,r09,ghz_star,8,3,55,14,7,2.0
cairo_heavy_hex_27,r09,ghz_star,12,0,11,58,11,5.2727272727272725
cairo_heavy_hex_27,r09,ghz_star,12,0,22,67,11,6.090909090909091
cairo_heavy_hex_27,r09,ghz_star,12,0,33,75,11,6.818181818181818
cairo_heavy_hex_27,r09,ghz_star,12,0,44,65,11,5.909090909090909
cairo_heavy_hex_27,r09,ghz_star,12,0,55,55,11,5.0
cairo_heavy_hex_27,r09,ghz_star,12,1,11,31,11,2.8181818181818183
cairo_heavy_hex_27,r09,ghz_star,12,1,22,31,11,2.8181818181818183
cairo_heavy_hex_27,r09,ghz_star,12,1,33,35,11,3.1818181818181817
cairo_heavy_hex_27,r09,ghz_star,12,1,44,31,11,2.8181818181818183
cairo_heavy_hex_27,r09,ghz_star,12,1,55,37,11,3.3636363636363638
cairo_heavy_hex_27,r09,ghz_star,12,3,11,27,11,2.4545454545454546
cairo_heavy_hex_27,r09,ghz_star,12,3,22,30,11,2.727272727272727
cairo_heavy_hex_27,r09,ghz_star,12,3,33,25,11,2.272727272727273
cairo_heavy_hex_27,r09,ghz_star,12,3,44,25,11,2.272727272727273
cairo_heavy_hex_27,r09,ghz_star,12,3,55,27,11,2.4545454545454546
cairo_heavy_hex_27,r09,ghz_star,16,0,11,95,15,6.333333333333333
cairo_heavy_hex_27,r09,ghz_star,16,0,22,98,15,6.533333333333333
cairo_heavy_hex_27,r09,ghz_star,16,0,33,106,15,7.066666666666666
cairo_heavy_hex_27,r09,ghz_star,16,0,44,96,15,6.4
cairo_heavy_hex_27,r09,ghz_star,16,0,55,83,15,5.533333333333333
cairo_heavy_hex_27,r09,ghz_star,16,1,11,53,15,3.533333333333333
cairo_heavy_hex_27,r09,ghz_star,16,1,22,56,15,3.7333333333333334
cairo_heavy_hex_27,r09,ghz_star,16,1,33,55,15,3.6666666666666665
cairo_heavy_hex_27,r09,ghz_star,16,1,44,56,15,3.7333333333333334
cairo_heavy_hex_27,r09,ghz_star,16,1,55,55,15,3.6666666666666665
cairo_heavy_hex_27,r09,ghz_star,16,3,11,45,15,3.0
cairo_heavy_hex_27,r09,ghz_star,16,3,22,49,15,3.2666666666666666
cairo_heavy_hex_27,r09,ghz_star,16,3,33,49,15,3.2666666666666666
cairo_heavy_hex_27,r09,ghz_star,16,3,44,42,15,2.8
cairo_heavy_hex_27,r09,ghz_star,16,3,55,47,15,3.1333333333333333
cairo_heavy_hex_27,r09,ghz_star,20,0,11,135,19,7.105263157894737
cairo_heavy_hex_27,r09,ghz_star,20,0,22,135,19,7.105263157894737
cairo_heavy_hex_27,r09,ghz_star,20,0,33,144,19,7.578947368421052
cairo_heavy_hex_27,r09,ghz_star,20,0,44,121,19,6.368421052631579
cairo_heavy_hex_27,r09,ghz_star,20,0,55,120,19,6.315789473684211
cairo_heavy_hex_27,r09,ghz_star,20,1,11,74,19,3.8947368421052633
cairo_heavy_hex_27,r09,ghz_star,20,1,22,75,19,3.9473684210526314
cairo_heavy_hex_27,r09,ghz_star,20,1,33,75,19,3.9473684210526314
cairo_heavy_hex_27,r09,ghz_star,20,1,44,74,19,3.8947368421052633
cairo_heavy_hex_27,r09,ghz_star,20,1,55,75,19,3.9473684210526314
cairo_heavy_hex_27,r09,ghz_star,20,3,11,65,19,3.4210526315789473
cairo_heavy_hex_27,r09,ghz_star,20,3,22,62,19,3.263157894736842
cairo_heavy_hex_27,r09,ghz_star,20,3,33,65,19,3.4210526315789473
cairo_heavy_hex_27,r09,ghz_star,20,3,44,61,19,3.210526315789474
cairo_heavy_hex_27,r09,ghz_star,20,3,55,66,19,3.473684210526316
cairo_heavy_hex_27,r09,ghz_star,24,0,11,163,23,7.086956521739131
cairo_heavy_hex_27,r09,ghz_star,24,0,22,151,23,6.565217391304348
cairo_heavy_hex_27,r09,ghz_star,24,0,33,169,23,7.3478260869565215
cairo_heavy_hex_27,r09,ghz_star,24,0,44,152,23,6.608695652173913
cairo_heavy_hex_27,r09,ghz_star,24,0,55,173,23,7.521739130434782
cairo_heavy_hex_27,r09,ghz_star,24,1,11,79,23,3.4347826086956523
cairo_heavy_hex_27,r09,ghz_star,24,1,22,105,23,4.565217391304348
cairo_heavy_hex_27,r09,ghz_star,24,1,33,96,23,4.173913043478261
cairo_heavy_hex_27,r09,ghz_star,24,1,44,97,23,4.217391304347826
cairo_heavy_hex_27,r09,ghz_star,24,1,55,84,23,3.652173913043478
cairo_heavy_hex_27,r09,ghz_star,24,3,11,69,23,3.0
cairo_heavy_hex_27,r09,ghz_star,24,3,22,74,23,3.217391304347826
cairo_heavy_hex_27,r09,ghz_star,24,3,33,80,23,3.4782608695652173
cairo_heavy_hex_27,r09,ghz_star,24,3,44,69,23,3.0
cairo_heavy_hex_27,r09,ghz_star,24,3,55,75,23,3.260869565217391
cairo_heavy_hex_27,r09,efficient_su2,4,0,11,39,8,4.875
cairo_heavy_hex_27,r09,efficient_su2,4,0,22,40,8,5.0
cairo_heavy_hex_27,r09,efficient_su2,4,0,33,46,8,5.75
cairo_heavy_hex_27,r09,efficient_su2,4,0,44,37,8,4.625
cairo_heavy_hex_27,r09,efficient_su2,4,0,55,35,8,4.375
cairo_heavy_hex_27,r09,efficient_su2,4,1,11,17,8,2.125
cairo_heavy_hex_27,r09,efficient_su2,4,1,22,17,8,2.125
cairo_heavy_hex_27,r09,efficient_su2,4,1,33,17,8,2.125
cairo_heavy_hex_27,r09,efficient_su2,4,1,44,17,8,2.125
cairo_heavy_hex_27,r09,efficient_su2,4,1,55,17,8,2.125
cairo_heavy_hex_27,r09,efficient_su2,4,3,11,17,8,2.125
cairo_heavy_hex_27,r09,efficient_su2,4,3,22,17,8,2.125
cairo_heavy_hex_27,r09,efficient_su2,4,3,33,17,8,2.125
cairo_heavy_hex_27,r09,efficient_su2,4,3,44,17,8,2.125
cairo_heavy_hex_27,r09,efficient_su2,4,3,55,17,8,2.125
cairo_heavy_hex_27,r09,efficient_su2,8,0,11,63,16,3.9375
cairo_heavy_hex_27,r09,efficient_su2,8,0,22,101,16,6.3125
cairo_heavy_hex_27,r09,efficient_su2,8,0,33,109,16,6.8125
cairo_heavy_hex_27,r09,efficient_su2,8,0,44,90,16,5.625
cairo_heavy_hex_27,r09,efficient_su2,8,0,55,95,16,5.9375
cairo_heavy_hex_27,r09,efficient_su2,8,1,11,40,16,2.5
cairo_heavy_hex_27,r09,efficient_su2,8,1,22,39,16,2.4375
cairo_heavy_hex_27,r09,efficient_su2,8,1,33,40,16,2.5
cairo_heavy_hex_27,r09,efficient_su2,8,1,44,40,16,2.5
cairo_heavy_hex_27,r09,efficient_su2,8,1,55,36,16,2.25
cairo_heavy_hex_27,r09,efficient_su2,8,3,11,40,16,2.5
cairo_heavy_hex_27,r09,efficient_su2,8,3,22,40,16,2.5
cairo_heavy_hex_27,r09,efficient_su2,8,3,33,40,16,2.5
cairo_heavy_hex_27,r09,efficient_su2,8,3,44,40,16,2.5
cairo_heavy_hex_27,r09,efficient_su2,8,3,55,40,16,2.5
cairo_heavy_hex_27,r09,efficient_su2,12,0,11,124,24,5.166666666666667
cairo_heavy_hex_27,r09,efficient_su2,12,0,22,153,24,6.375
cairo_heavy_hex_27,r09,efficient_su2,12,0,33,149,24,6.208333333333333
cairo_heavy_hex_27,r09,efficient_su2,12,0,44,138,24,5.75
cairo_heavy_hex_27,r09,efficient_su2,12,0,55,155,24,6.458333333333333
cairo_heavy_hex_27,r09,efficient_su2,12,1,11,24,24,1.0
cairo_heavy_hex_27,r09,efficient_su2,12,1,22,24,24,1.0
cairo_heavy_hex_27,r09,efficient_su2,12,1,33,24,24,1.0
cairo_heavy_hex_27,r09,efficient_su2,12,1,44,24,24,1.0
cairo_heavy_hex_27,r09,efficient_su2,12,1,55,24,24,1.0
cairo_heavy_hex_27,r09,efficient_su2,12,3,11,24,24,1.0
cairo_heavy_hex_27,r09,efficient_su2,12,3,22,24,24,1.0
cairo_heavy_hex_27,r09,efficient_su2,12,3,33,24,24,1.0
cairo_heavy_hex_27,r09,efficient_su2,12,3,44,24,24,1.0
cairo_heavy_hex_27,r09,efficient_su2,12,3,55,24,24,1.0
cairo_heavy_hex_27,r09,efficient_su2,16,0,11,159,32,4.96875
cairo_heavy_hex_27,r09,efficient_su2,16,0,22,191,32,5.96875
cairo_heavy_hex_27,r09,efficient_su2,16,0,33,188,32,5.875
cairo_heavy_hex_27,r09,efficient_su2,16,0,44,176,32,5.5
cairo_heavy_hex_27,r09,efficient_su2,16,0,55,210,32,6.5625
cairo_heavy_hex_27,r09,efficient_su2,16,1,11,92,32,2.875
cairo_heavy_hex_27,r09,efficient_su2,16,1,22,68,32,2.125
cairo_heavy_hex_27,r09,efficient_su2,16,1,33,90,32,2.8125
cairo_heavy_hex_27,r09,efficient_su2,16,1,44,116,32,3.625
cairo_heavy_hex_27,r09,efficient_su2,16,1,55,57,32,1.78125
cairo_heavy_hex_27,r09,efficient_su2,16,3,11,45,32,1.40625
cairo_heavy_hex_27,r09,efficient_su2,16,3,22,64,32,2.0
cairo_heavy_hex_27,r09,efficient_su2,16,3,33,52,32,1.625
cairo_heavy_hex_27,r09,efficient_su2,16,3,44,56,32,1.75
cairo_heavy_hex_27,r09,efficient_su2,16,3,55,45,32,1.40625
cairo_heavy_hex_27,r09,efficient_su2,20,0,11,239,40,5.975
cairo_heavy_hex_27,r09,efficient_su2,20,0,22,262,40,6.55
cairo_heavy_hex_27,r09,efficient_su2,20,0,33,260,40,6.5
cairo_heavy_hex_27,r09,efficient_su2,20,0,44,270,40,6.75
cairo_heavy_hex_27,r09,efficient_su2,20,0,55,219,40,5.475
cairo_heavy_hex_27,r09,efficient_su2,20,1,11,40,40,1.0
cairo_heavy_hex_27,r09,efficient_su2,20,1,22,40,40,1.0
cairo_heavy_hex_27,r09,efficient_su2,20,1,33,40,40,1.0
cairo_heavy_hex_27,r09,efficient_su2,20,1,44,40,40,1.0
cairo_heavy_hex_27,r09,efficient_su2,20,1,55,40,40,1.0
cairo_heavy_hex_27,r09,efficient_su2,20,3,11,40,40,1.0
cairo_heavy_hex_27,r09,efficient_su2,20,3,22,40,40,1.0
cairo_heavy_hex_27,r09,efficient_su2,20,3,33,40,40,1.0
cairo_heavy_hex_27,r09,efficient_su2,20,3,44,40,40,1.0
cairo_heavy_hex_27,r09,efficient_su2,20,3,55,40,40,1.0
cairo_heavy_hex_27,r09,efficient_su2,24,0,11,323,48,6.729166666666667
cairo_heavy_hex_27,r09,efficient_su2,24,0,22,300,48,6.25
cairo_heavy_hex_27,r09,efficient_su2,24,0,33,301,48,6.270833333333333
cairo_heavy_hex_27,r09,efficient_su2,24,0,44,338,48,7.041666666666667
cairo_heavy_hex_27,r09,efficient_su2,24,0,55,340,48,7.083333333333333
cairo_heavy_hex_27,r09,efficient_su2,24,1,11,120,48,2.5
cairo_heavy_hex_27,r09,efficient_su2,24,1,22,131,48,2.7291666666666665
cairo_heavy_hex_27,r09,efficient_su2,24,1,33,79,48,1.6458333333333333
cairo_heavy_hex_27,r09,efficient_su2,24,1,44,140,48,2.9166666666666665
cairo_heavy_hex_27,r09,efficient_su2,24,1,55,131,48,2.7291666666666665
cairo_heavy_hex_27,r09,efficient_su2,24,3,11,112,48,2.3333333333333335
cairo_heavy_hex_27,r09,efficient_su2,24,3,22,108,48,2.25
cairo_heavy_hex_27,r09,efficient_su2,24,3,33,71,48,1.4791666666666667
cairo_heavy_hex_27,r09,efficient_su2,24,3,44,108,48,2.25
cairo_heavy_hex_27,r09,efficient_su2,24,3,55,96,48,2.0
cairo_heavy_hex_27,r10,qft,4,0,11,37,10,3.7
cairo_heavy_hex_27,r10,qft,4,0,22,31,10,3.1
cairo_heavy_hex_27,r10,qft,4,0,33,37,10,3.7
cairo_heavy_hex_27,r10,qft,4,0,44,34,10,3.4
cairo_heavy_hex_27,r10,qft,4,0,55,37,10,3.7
cairo_heavy_hex_27,r10,qft,4,1,11,18,10,1.8
cairo_heavy_hex_27,r10,qft,4,1,22,18,10,1.8
cairo_heavy_hex_27,r10,qft,4,1,33,18,10,1.8
cairo_heavy_hex_27,r10,qft,4,1,44,18,10,1.8
cairo_heavy_hex_27,r10,qft,4,1,55,18,10,1.8
cairo_heavy_hex_27,r10,qft,4,3,11,18,10,1.8
cairo_heavy_hex_27,r10,qft,4,3,22,18,10,1.8
cairo_heavy_hex_27,r10,qft,4,3,33,18,10,1.8
cairo_heavy_hex_27,r10,qft,4,3,44,18,10,1.8
cairo_heavy_hex_27,r10,qft,4,3,55,18,10,1.8
cairo_heavy_hex_27,r10,qft,8,0,11,119,26,4.576923076923077
cairo_heavy_hex_27,r10,qft,8,0,22,117,26,4.5
cairo_heavy_hex_27,r10,qft,8,0,33,108,26,4.153846153846154
cairo_heavy_hex_27,r10,qft,8,0,44,108,26,4.153846153846154
cairo_heavy_hex_27,r10,qft,8,0,55,111,26,4.269230769230769
cairo_heavy_hex_27,r10,qft,8,1,11,80,26,3.076923076923077
cairo_heavy_hex_27,r10,qft,8,1,22,66,26,2.5384615384615383
cairo_heavy_hex_27,r10,qft,8,1,33,90,26,3.4615384615384617
cairo_heavy_hex_27,r10,qft,8,1,44,66,26,2.5384615384615383
cairo_heavy_hex_27,r10,qft,8,1,55,71,26,2.730769230769231
cairo_heavy_hex_27,r10,qft,8,3,11,60,26,2.3076923076923075
cairo_heavy_hex_27,r10,qft,8,3,22,66,26,2.5384615384615383
cairo_heavy_hex_27,r10,qft,8,3,33,52,26,2.0
cairo_heavy_hex_27,r10,qft,8,3,44,58,26,2.230769230769231
cairo_heavy_hex_27,r10,qft,8,3,55,57,26,2.1923076923076925
cairo_heavy_hex_27,r10,qft,12,0,11,246,42,5.857142857142857
cairo_heavy_hex_27,r10,qft,12,0,22,192,42,4.571428571428571
cairo_heavy_hex_27,r10,qft,12,0,33,246,42,5.857142857142857
cairo_heavy_hex_27,r10,qft,12,0,44,210,42,5.0
cairo_heavy_hex_27,r10,qft,12,0,55,183,42,4.357142857142857
cairo_heavy_hex_27,r10,qft,12,1,11,143,42,3.4047619047619047
cairo_heavy_hex_27,r10,qft,12,1,22,130,42,3.0952380952380953
cairo_heavy_hex_27,r10,qft,12,1,33,158,42,3.761904761904762
cairo_heavy_hex_27,r10,qft,12,1,44,153,42,3.642857142857143
cairo_heavy_hex_27,r10,qft,12,1,55,162,42,3.857142857142857
cairo_heavy_hex_27,r10,qft,12,3,11,103,42,2.4523809523809526
cairo_heavy_hex_27,r10,qft,12,3,22,109,42,2.5952380952380953
cairo_heavy_hex_27,r10,qft,12,3,33,147,42,3.5
cairo_heavy_hex_27,r10,qft,12,3,44,107,42,2.5476190476190474
cairo_heavy_hex_27,r10,qft,12,3,55,130,42,3.0952380952380953
cairo_heavy_hex_27,r10,qft,16,0,11,390,58,6.724137931034483
cairo_heavy_hex_27,r10,qft,16,0,22,381,58,6.568965517241379
cairo_heavy_hex_27,r10,qft,16,0,33,363,58,6.258620689655173
cairo_heavy_hex_27,r10,qft,16,0,44,351,58,6.051724137931035
cairo_heavy_hex_27,r10,qft,16,0,55,380,58,6.551724137931035
cairo_heavy_hex_27,r10,qft,16,1,11,244,58,4.206896551724138
cairo_heavy_hex_27,r10,qft,16,1,22,223,58,3.8448275862068964
cairo_heavy_hex_27,r10,qft,16,1,33,192,58,3.310344827586207
cairo_heavy_hex_27,r10,qft,16,1,44,227,58,3.913793103448276
cairo_heavy_hex_27,r10,qft,16,1,55,256,58,4.413793103448276
cairo_heavy_hex_27,r10,qft,16,3,11,194,58,3.3448275862068964
cairo_heavy_hex_27,r10,qft,16,3,22,155,58,2.6724137931034484
cairo_heavy_hex_27,r10,qft,16,3,33,142,58,2.4482758620689653
cairo_heavy_hex_27,r10,qft,16,3,44,173,58,2.9827586206896552
cairo_heavy_hex_27,r10,qft,16,3,55,184,58,3.1724137931034484
cairo_heavy_hex_27,r10,qft,20,0,11,440,74,5.945945945945946
cairo_heavy_hex_27,r10,qft,20,0,22,522,74,7.054054054054054
cairo_heavy_hex_27,r10,qft,20,0,33,418,74,5.648648648648648
cairo_heavy_hex_27,r10,qft,20,0,44,495,74,6.6891891891891895
cairo_heavy_hex_27,r10,qft,20,0,55,504,74,6.8108108108108105
cairo_heavy_hex_27,r10,qft,20,1,11,303,74,4.094594594594595
cairo_heavy_hex_27,r10,qft,20,1,22,275,74,3.7162162162162162
cairo_heavy_hex_27,r10,qft,20,1,33,232,74,3.135135135135135
cairo_heavy_hex_27,r10,qft,20,1,44,241,74,3.2567567567567566
cairo_heavy_hex_27,r10,qft,20,1,55,248,74,3.3513513513513513
cairo_heavy_hex_27,r10,qft,20,3,11,226,74,3.054054054054054
cairo_heavy_hex_27,r10,qft,20,3,22,228,74,3.081081081081081
cairo_heavy_hex_27,r10,qft,20,3,33,153,74,2.0675675675675675
cairo_heavy_hex_27,r10,qft,20,3,44,148,74,2.0
cairo_heavy_hex_27,r10,qft,20,3,55,148,74,2.0
cairo_heavy_hex_27,r10,qft,24,0,11,656,90,7.288888888888889
cairo_heavy_hex_27,r10,qft,24,0,22,603,90,6.7
cairo_heavy_hex_27,r10,qft,24,0,33,703,90,7.811111111111111
cairo_heavy_hex_27,r10,qft,24,0,44,589,90,6.544444444444444
cairo_heavy_hex_27,r10,qft,24,0,55,727,90,8.077777777777778
cairo_heavy_hex_27,r10,qft,24,1,11,344,90,3.8222222222222224
cairo_heavy_hex_27,r10,qft,24,1,22,345,90,3.8333333333333335
cairo_heavy_hex_27,r10,qft,24,1,33,364,90,4.044444444444444
cairo_heavy_hex_27,r10,qft,24,1,44,296,90,3.2888888888888888
cairo_heavy_hex_27,r10,qft,24,1,55,428,90,4.7555555555555555
cairo_heavy_hex_27,r10,qft,24,3,11,347,90,3.8555555555555556
cairo_heavy_hex_27,r10,qft,24,3,22,258,90,2.8666666666666667
cairo_heavy_hex_27,r10,qft,24,3,33,278,90,3.088888888888889
cairo_heavy_hex_27,r10,qft,24,3,44,275,90,3.0555555555555554
cairo_heavy_hex_27,r10,qft,24,3,55,240,90,2.6666666666666665
cairo_heavy_hex_27,r10,ghz_chain,4,0,11,18,3,6.0
cairo_heavy_hex_27,r10,ghz_chain,4,0,22,15,3,5.0
cairo_heavy_hex_27,r10,ghz_chain,4,0,33,15,3,5.0
cairo_heavy_hex_27,r10,ghz_chain,4,0,44,15,3,5.0
cairo_heavy_hex_27,r10,ghz_chain,4,0,55,14,3,4.666666666666667
cairo_heavy_hex_27,r10,ghz_chain,4,1,11,3,3,1.0
cairo_heavy_hex_27,r10,ghz_chain,4,1,22,3,3,1.0
cairo_heavy_hex_27,r10,ghz_chain,4,1,33,3,3,1.0
cairo_heavy_hex_27,r10,ghz_chain,4,1,44,3,3,1.0
cairo_heavy_hex_27,r10,ghz_chain,4,1,55,3,3,1.0
cairo_heavy_hex_27,r10,ghz_chain,4,3,11,3,3,1.0
cairo_heavy_hex_27,r10,ghz_chain,4,3,22,3,3,1.0
cairo_heavy_hex_27,r10,ghz_chain,4,3,33,3,3,1.0
cairo_heavy_hex_27,r10,ghz_chain,4,3,44,3,3,1.0
cairo_heavy_hex_27,r10,ghz_chain,4,3,55,3,3,1.0
cairo_heavy_hex_27,r10,ghz_chain,8,0,11,40,7,5.714285714285714
cairo_heavy_hex_27,r10,ghz_chain,8,0,22,34,7,4.857142857142857
cairo_heavy_hex_27,r10,ghz_chain,8,0,33,31,7,4.428571428571429
cairo_heavy_hex_27,r10,ghz_chain,8,0,44,28,7,4.0
cairo_heavy_hex_27,r10,ghz_chain,8,0,55,31,7,4.428571428571429
cairo_heavy_hex_27,r10,ghz_chain,8,1,11,7,7,1.0
cairo_heavy_hex_27,r10,ghz_chain,8,1,22,7,7,1.0
cairo_heavy_hex_27,r10,ghz_chain,8,1,33,7,7,1.0
cairo_heavy_hex_27,r10,ghz_chain,8,1,44,7,7,1.0
cairo_heavy_hex_27,r10,ghz_chain,8,1,55,7,7,1.0
cairo_heavy_hex_27,r10,ghz_chain,8,3,11,7,7,1.0
cairo_heavy_hex_27,r10,ghz_chain,8,3,22,7,7,1.0
cairo_heavy_hex_27,r10,ghz_chain,8,3,33,7,7,1.0
cairo_heavy_hex_27,r10,ghz_chain,8,3,44,7,7,1.0
cairo_heavy_hex_27,r10,ghz_chain,8,3,55,7,7,1.0
cairo_heavy_hex_27,r10,ghz_chain,12,0,11,68,11,6.181818181818182
cairo_heavy_hex_27,r10,ghz_chain,12,0,22,52,11,4.7272727272727275
cairo_heavy_hex_27,r10,ghz_chain,12,0,33,47,11,4.2727272727272725
cairo_heavy_hex_27,r10,ghz_chain,12,0,44,50,11,4.545454545454546
cairo_heavy_hex_27,r10,ghz_chain,12,0,55,50,11,4.545454545454546
cairo_heavy_hex_27,r10,ghz_chain,12,1,11,11,11,1.0
cairo_heavy_hex_27,r10,ghz_chain,12,1,22,11,11,1.0
cairo_heavy_hex_27,r10,ghz_chain,12,1,33,11,11,1.0
cairo_heavy_hex_27,r10,ghz_chain,12,1,44,11,11,1.0
cairo_heavy_hex_27,r10,ghz_chain,12,1,55,11,11,1.0
cairo_heavy_hex_27,r10,ghz_chain,12,3,11,11,11,1.0
cairo_heavy_hex_27,r10,ghz_chain,12,3,22,11,11,1.0
cairo_heavy_hex_27,r10,ghz_chain,12,3,33,11,11,1.0
cairo_heavy_hex_27,r10,ghz_chain,12,3,44,11,11,1.0
cairo_heavy_hex_27,r10,ghz_chain,12,3,55,11,11,1.0
cairo_heavy_hex_27,r10,ghz_chain,16,0,11,93,15,6.2
cairo_heavy_hex_27,r10,ghz_chain,16,0,22,80,15,5.333333333333333
cairo_heavy_hex_27,r10,ghz_chain,16,0,33,78,15,5.2
cairo_heavy_hex_27,r10,ghz_chain,16,0,44,75,15,5.0
cairo_heavy_hex_27,r10,ghz_chain,16,0,55,84,15,5.6
cairo_heavy_hex_27,r10,ghz_chain,16,1,11,15,15,1.0
cairo_heavy_hex_27,r10,ghz_chain,16,1,22,15,15,1.0
cairo_heavy_hex_27,r10,ghz_chain,16,1,33,15,15,1.0
cairo_heavy_hex_27,r10,ghz_chain,16,1,44,15,15,1.0
cairo_heavy_hex_27,r10,ghz_chain,16,1,55,15,15,1.0
cairo_heavy_hex_27,r10,ghz_chain,16,3,11,15,15,1.0
cairo_heavy_hex_27,r10,ghz_chain,16,3,22,15,15,1.0
cairo_heavy_hex_27,r10,ghz_chain,16,3,33,15,15,1.0
cairo_heavy_hex_27,r10,ghz_chain,16,3,44,15,15,1.0
cairo_heavy_hex_27,r10,ghz_chain,16,3,55,15,15,1.0
cairo_heavy_hex_27,r10,ghz_chain,20,0,11,133,19,7.0
cairo_heavy_hex_27,r10,ghz_chain,20,0,22,127,19,6.684210526315789
cairo_heavy_hex_27,r10,ghz_chain,20,0,33,118,19,6.2105263157894735
cairo_heavy_hex_27,r10,ghz_chain,20,0,44,118,19,6.2105263157894735
cairo_heavy_hex_27,r10,ghz_chain,20,0,55,130,19,6.842105263157895
cairo_heavy_hex_27,r10,ghz_chain,20,1,11,19,19,1.0
cairo_heavy_hex_27,r10,ghz_chain,20,1,22,19,19,1.0
cairo_heavy_hex_27,r10,ghz_chain,20,1,33,19,19,1.0
cairo_heavy_hex_27,r10,ghz_chain,20,1,44,19,19,1.0
cairo_heavy_hex_27,r10,ghz_chain,20,1,55,19,19,1.0
cairo_heavy_hex_27,r10,ghz_chain,20,3,11,19,19,1.0
cairo_heavy_hex_27,r10,ghz_chain,20,3,22,19,19,1.0
cairo_heavy_hex_27,r10,ghz_chain,20,3,33,19,19,1.0
cairo_heavy_hex_27,r10,ghz_chain,20,3,44,19,19,1.0
cairo_heavy_hex_27,r10,ghz_chain,20,3,55,19,19,1.0
cairo_heavy_hex_27,r10,ghz_chain,24,0,11,101,23,4.391304347826087
cairo_heavy_hex_27,r10,ghz_chain,24,0,22,149,23,6.478260869565218
cairo_heavy_hex_27,r10,ghz_chain,24,0,33,152,23,6.608695652173913
cairo_heavy_hex_27,r10,ghz_chain,24,0,44,143,23,6.217391304347826
cairo_heavy_hex_27,r10,ghz_chain,24,0,55,142,23,6.173913043478261
cairo_heavy_hex_27,r10,ghz_chain,24,1,11,65,23,2.8260869565217392
cairo_heavy_hex_27,r10,ghz_chain,24,1,22,71,23,3.0869565217391304
cairo_heavy_hex_27,r10,ghz_chain,24,1,33,62,23,2.6956521739130435
cairo_heavy_hex_27,r10,ghz_chain,24,1,44,84,23,3.652173913043478
cairo_heavy_hex_27,r10,ghz_chain,24,1,55,87,23,3.782608695652174
cairo_heavy_hex_27,r10,ghz_chain,24,3,11,53,23,2.3043478260869565
cairo_heavy_hex_27,r10,ghz_chain,24,3,22,49,23,2.130434782608696
cairo_heavy_hex_27,r10,ghz_chain,24,3,33,62,23,2.6956521739130435
cairo_heavy_hex_27,r10,ghz_chain,24,3,44,69,23,3.0
cairo_heavy_hex_27,r10,ghz_chain,24,3,55,57,23,2.4782608695652173
cairo_heavy_hex_27,r10,ghz_star,4,0,11,17,3,5.666666666666667
cairo_heavy_hex_27,r10,ghz_star,4,0,22,14,3,4.666666666666667
cairo_heavy_hex_27,r10,ghz_star,4,0,33,10,3,3.3333333333333335
cairo_heavy_hex_27,r10,ghz_star,4,0,44,11,3,3.6666666666666665
cairo_heavy_hex_27,r10,ghz_star,4,0,55,10,3,3.3333333333333335
cairo_heavy_hex_27,r10,ghz_star,4,1,11,3,3,1.0
cairo_heavy_hex_27,r10,ghz_star,4,1,22,3,3,1.0
cairo_heavy_hex_27,r10,ghz_star,4,1,33,3,3,1.0
cairo_heavy_hex_27,r10,ghz_star,4,1,44,3,3,1.0
cairo_heavy_hex_27,r10,ghz_star,4,1,55,3,3,1.0
cairo_heavy_hex_27,r10,ghz_star,4,3,11,3,3,1.0
cairo_heavy_hex_27,r10,ghz_star,4,3,22,3,3,1.0
cairo_heavy_hex_27,r10,ghz_star,4,3,33,3,3,1.0
cairo_heavy_hex_27,r10,ghz_star,4,3,44,3,3,1.0
cairo_heavy_hex_27,r10,ghz_star,4,3,55,3,3,1.0
cairo_heavy_hex_27,r10,ghz_star,8,0,11,33,7,4.714285714285714
cairo_heavy_hex_27,r10,ghz_star,8,0,22,37,7,5.285714285714286
cairo_heavy_hex_27,r10,ghz_star,8,0,33,37,7,5.285714285714286
cairo_heavy_hex_27,r10,ghz_star,8,0,44,28,7,4.0
cairo_heavy_hex_27,r10,ghz_star,8,0,55,40,7,5.714285714285714
cairo_heavy_hex_27,r10,ghz_star,8,1,11,15,7,2.142857142857143
cairo_heavy_hex_27,r10,ghz_star,8,1,22,16,7,2.2857142857142856
cairo_heavy_hex_27,r10,ghz_star,8,1,33,15,7,2.142857142857143
cairo_heavy_hex_27,r10,ghz_star,8,1,44,16,7,2.2857142857142856
cairo_heavy_hex_27,r10,ghz_star,8,1,55,14,7,2.0
cairo_heavy_hex_27,r10,ghz_star,8,3,11,12,7,1.7142857142857142
cairo_heavy_hex_27,r10,ghz_star,8,3,22,13,7,1.8571428571428572
cairo_heavy_hex_27,r10,ghz_star,8,3,33,12,7,1.7142857142857142
cairo_heavy_hex_27,r10,ghz_star,8,3,44,12,7,1.7142857142857142
cairo_heavy_hex_27,r10,ghz_star,8,3,55,12,7,1.7142857142857142
cairo_heavy_hex_27,r10,ghz_star,12,0,11,68,11,6.181818181818182
cairo_heavy_hex_27,r10,ghz_star,12,0,22,47,11,4.2727272727272725
cairo_heavy_hex_27,r10,ghz_star,12,0,33,60,11,5.454545454545454
cairo_heavy_hex_27,r10,ghz_star,12,0,44,50,11,4.545454545454546
cairo_heavy_hex_27,r10,ghz_star,12,0,55,48,11,4.363636363636363
cairo_heavy_hex_27,r10,ghz_star,12,1,11,33,11,3.0
cairo_heavy_hex_27,r10,ghz_star,12,1,22,31,11,2.8181818181818183
cairo_heavy_hex_27,r10,ghz_star,12,1,33,37,11,3.3636363636363638
cairo_heavy_hex_27,r10,ghz_star,12,1,44,35,11,3.1818181818181817
cairo_heavy_hex_27,r10,ghz_star,12,1,55,39,11,3.5454545454545454
cairo_heavy_hex_27,r10,ghz_star,12,3,11,25,11,2.272727272727273
cairo_heavy_hex_27,r10,ghz_star,12,3,22,26,11,2.3636363636363638
cairo_heavy_hex_27,r10,ghz_star,12,3,33,31,11,2.8181818181818183
cairo_heavy_hex_27,r10,ghz_star,12,3,44,26,11,2.3636363636363638
cairo_heavy_hex_27,r10,ghz_star,12,3,55,30,11,2.727272727272727
cairo_heavy_hex_27,r10,ghz_star,16,0,11,64,15,4.266666666666667
cairo_heavy_hex_27,r10,ghz_star,16,0,22,75,15,5.0
cairo_heavy_hex_27,r10,ghz_star,16,0,33,98,15,6.533333333333333
cairo_heavy_hex_27,r10,ghz_star,16,0,44,95,15,6.333333333333333
cairo_heavy_hex_27,r10,ghz_star,16,0,55,63,15,4.2
cairo_heavy_hex_27,r10,ghz_star,16,1,11,53,15,3.533333333333333
cairo_heavy_hex_27,r10,ghz_star,16,1,22,53,15,3.533333333333333
cairo_heavy_hex_27,r10,ghz_star,16,1,33,57,15,3.8
cairo_heavy_hex_27,r10,ghz_star,16,1,44,63,15,4.2
cairo_heavy_hex_27,r10,ghz_star,16,1,55,62,15,4.133333333333334
cairo_heavy_hex_27,r10,ghz_star,16,3,11,48,15,3.2
cairo_heavy_hex_27,r10,ghz_star,16,3,22,47,15,3.1333333333333333
cairo_heavy_hex_27,r10,ghz_star,16,3,33,44,15,2.933333333333333
cairo_heavy_hex_27,r10,ghz_star,16,3,44,53,15,3.533333333333333
cairo_heavy_hex_27,r10,ghz_star,16,3,55,51,15,3.4
cairo_heavy_hex_27,r10,ghz_star,20,0,11,98,19,5.157894736842105
cairo_heavy_hex_27,r10,ghz_star,20,0,22,115,19,6.052631578947368
cairo_heavy_hex_27,r10,ghz_star,20,0,33,129,19,6.7894736842105265
cairo_heavy_hex_27,r10,ghz_star,20,0,44,117,19,6.157894736842105
cairo_heavy_hex_27,r10,ghz_star,20,0,55,116,19,6.105263157894737
cairo_heavy_hex_27,r10,ghz_star,20,1,11,81,19,4.2631578947368425
cairo_heavy_hex_27,r10,ghz_star,20,1,22,76,19,4.0
cairo_heavy_hex_27,r10,ghz_star,20,1,33,77,19,4.052631578947368
cairo_heavy_hex_27,r10,ghz_star,20,1,44,82,19,4.315789473684211
cairo_heavy_hex_27,r10,ghz_star,20,1,55,79,19,4.157894736842105
cairo_heavy_hex_27,r10,ghz_star,20,3,11,59,19,3.1052631578947367
cairo_heavy_hex_27,r10,ghz_star,20,3,22,65,19,3.4210526315789473
cairo_heavy_hex_27,r10,ghz_star,20,3,33,67,19,3.526315789473684
cairo_heavy_hex_27,r10,ghz_star,20,3,44,65,19,3.4210526315789473
cairo_heavy_hex_27,r10,ghz_star,20,3,55,73,19,3.8421052631578947
cairo_heavy_hex_27,r10,ghz_star,24,0,11,137,23,5.956521739130435
cairo_heavy_hex_27,r10,ghz_star,24,0,22,143,23,6.217391304347826
cairo_heavy_hex_27,r10,ghz_star,24,0,33,153,23,6.6521739130434785
cairo_heavy_hex_27,r10,ghz_star,24,0,44,132,23,5.739130434782608
cairo_heavy_hex_27,r10,ghz_star,24,0,55,128,23,5.565217391304348
cairo_heavy_hex_27,r10,ghz_star,24,1,11,97,23,4.217391304347826
cairo_heavy_hex_27,r10,ghz_star,24,1,22,101,23,4.391304347826087
cairo_heavy_hex_27,r10,ghz_star,24,1,33,91,23,3.9565217391304346
cairo_heavy_hex_27,r10,ghz_star,24,1,44,93,23,4.043478260869565
cairo_heavy_hex_27,r10,ghz_star,24,1,55,93,23,4.043478260869565
cairo_heavy_hex_27,r10,ghz_star,24,3,11,84,23,3.652173913043478
cairo_heavy_hex_27,r10,ghz_star,24,3,22,87,23,3.782608695652174
cairo_heavy_hex_27,r10,ghz_star,24,3,33,73,23,3.1739130434782608
cairo_heavy_hex_27,r10,ghz_star,24,3,44,74,23,3.217391304347826
cairo_heavy_hex_27,r10,ghz_star,24,3,55,64,23,2.782608695652174
cairo_heavy_hex_27,r10,efficient_su2,4,0,11,33,8,4.125
cairo_heavy_hex_27,r10,efficient_su2,4,0,22,27,8,3.375
cairo_heavy_hex_27,r10,efficient_su2,4,0,33,36,8,4.5
cairo_heavy_hex_27,r10,efficient_su2,4,0,44,41,8,5.125
cairo_heavy_hex_27,r10,efficient_su2,4,0,55,29,8,3.625
cairo_heavy_hex_27,r10,efficient_su2,4,1,11,17,8,2.125
cairo_heavy_hex_27,r10,efficient_su2,4,1,22,17,8,2.125
cairo_heavy_hex_27,r10,efficient_su2,4,1,33,17,8,2.125
cairo_heavy_hex_27,r10,efficient_su2,4,1,44,17,8,2.125
cairo_heavy_hex_27,r10,efficient_su2,4,1,55,17,8,2.125
cairo_heavy_hex_27,r10,efficient_su2,4,3,11,17,8,2.125
cairo_heavy_hex_27,r10,efficient_su2,4,3,22,17,8,2.125
cairo_heavy_hex_27,r10,efficient_su2,4,3,33,17,8,2.125
cairo_heavy_hex_27,r10,efficient_su2,4,3,44,17,8,2.125
cairo_heavy_hex_27,r10,efficient_su2,4,3,55,17,8,2.125
cairo_heavy_hex_27,r10,efficient_su2,8,0,11,76,16,4.75
cairo_heavy_hex_27,r10,efficient_su2,8,0,22,61,16,3.8125
cairo_heavy_hex_27,r10,efficient_su2,8,0,33,73,16,4.5625
cairo_heavy_hex_27,r10,efficient_su2,8,0,44,91,16,5.6875
cairo_heavy_hex_27,r10,efficient_su2,8,0,55,67,16,4.1875
cairo_heavy_hex_27,r10,efficient_su2,8,1,11,40,16,2.5
cairo_heavy_hex_27,r10,efficient_su2,8,1,22,40,16,2.5
cairo_heavy_hex_27,r10,efficient_su2,8,1,33,40,16,2.5
cairo_heavy_hex_27,r10,efficient_su2,8,1,44,40,16,2.5
cairo_heavy_hex_27,r10,efficient_su2,8,1,55,36,16,2.25
cairo_heavy_hex_27,r10,efficient_su2,8,3,11,40,16,2.5
cairo_heavy_hex_27,r10,efficient_su2,8,3,22,40,16,2.5
cairo_heavy_hex_27,r10,efficient_su2,8,3,33,40,16,2.5
cairo_heavy_hex_27,r10,efficient_su2,8,3,44,40,16,2.5
cairo_heavy_hex_27,r10,efficient_su2,8,3,55,35,16,2.1875
cairo_heavy_hex_27,r10,efficient_su2,12,0,11,110,24,4.583333333333333
cairo_heavy_hex_27,r10,efficient_su2,12,0,22,112,24,4.666666666666667
cairo_heavy_hex_27,r10,efficient_su2,12,0,33,123,24,5.125
cairo_heavy_hex_27,r10,efficient_su2,12,0,44,108,24,4.5
cairo_heavy_hex_27,r10,efficient_su2,12,0,55,117,24,4.875
cairo_heavy_hex_27,r10,efficient_su2,12,1,11,24,24,1.0
cairo_heavy_hex_27,r10,efficient_su2,12,1,22,24,24,1.0
cairo_heavy_hex_27,r10,efficient_su2,12,1,33,24,24,1.0
cairo_heavy_hex_27,r10,efficient_su2,12,1,44,24,24,1.0
cairo_heavy_hex_27,r10,efficient_su2,12,1,55,24,24,1.0
cairo_heavy_hex_27,r10,efficient_su2,12,3,11,24,24,1.0
cairo_heavy_hex_27,r10,efficient_su2,12,3,22,24,24,1.0
cairo_heavy_hex_27,r10,efficient_su2,12,3,33,24,24,1.0
cairo_heavy_hex_27,r10,efficient_su2,12,3,44,24,24,1.0
cairo_heavy_hex_27,r10,efficient_su2,12,3,55,24,24,1.0
cairo_heavy_hex_27,r10,efficient_su2,16,0,11,178,32,5.5625
cairo_heavy_hex_27,r10,efficient_su2,16,0,22,187,32,5.84375
cairo_heavy_hex_27,r10,efficient_su2,16,0,33,177,32,5.53125
cairo_heavy_hex_27,r10,efficient_su2,16,0,44,171,32,5.34375
cairo_heavy_hex_27,r10,efficient_su2,16,0,55,209,32,6.53125
cairo_heavy_hex_27,r10,efficient_su2,16,1,11,94,32,2.9375
cairo_heavy_hex_27,r10,efficient_su2,16,1,22,80,32,2.5
cairo_heavy_hex_27,r10,efficient_su2,16,1,33,74,32,2.3125
cairo_heavy_hex_27,r10,efficient_su2,16,1,44,89,32,2.78125
cairo_heavy_hex_27,r10,efficient_su2,16,1,55,89,32,2.78125
cairo_heavy_hex_27,r10,efficient_su2,16,3,11,77,32,2.40625
cairo_heavy_hex_27,r10,efficient_su2,16,3,22,80,32,2.5
cairo_heavy_hex_27,r10,efficient_su2,16,3,33,66,32,2.0625
cairo_heavy_hex_27,r10,efficient_su2,16,3,44,85,32,2.65625
cairo_heavy_hex_27,r10,efficient_su2,16,3,55,69,32,2.15625
cairo_heavy_hex_27,r10,efficient_su2,20,0,11,238,40,5.95
cairo_heavy_hex_27,r10,efficient_su2,20,0,22,243,40,6.075
cairo_heavy_hex_27,r10,efficient_su2,20,0,33,250,40,6.25
cairo_heavy_hex_27,r10,efficient_su2,20,0,44,259,40,6.475
cairo_heavy_hex_27,r10,efficient_su2,20,0,55,229,40,5.725
cairo_heavy_hex_27,r10,efficient_su2,20,1,11,40,40,1.0
cairo_heavy_hex_27,r10,efficient_su2,20,1,22,40,40,1.0
cairo_heavy_hex_27,r10,efficient_su2,20,1,33,40,40,1.0
cairo_heavy_hex_27,r10,efficient_su2,20,1,44,40,40,1.0
cairo_heavy_hex_27,r10,efficient_su2,20,1,55,40,40,1.0
cairo_heavy_hex_27,r10,efficient_su2,20,3,11,40,40,1.0
cairo_heavy_hex_27,r10,efficient_su2,20,3,22,40,40,1.0
cairo_heavy_hex_27,r10,efficient_su2,20,3,33,40,40,1.0
cairo_heavy_hex_27,r10,efficient_su2,20,3,44,40,40,1.0
cairo_heavy_hex_27,r10,efficient_su2,20,3,55,40,40,1.0
cairo_heavy_hex_27,r10,efficient_su2,24,0,11,277,48,5.770833333333333
cairo_heavy_hex_27,r10,efficient_su2,24,0,22,316,48,6.583333333333333
cairo_heavy_hex_27,r10,efficient_su2,24,0,33,314,48,6.541666666666667
cairo_heavy_hex_27,r10,efficient_su2,24,0,44,310,48,6.458333333333333
cairo_heavy_hex_27,r10,efficient_su2,24,0,55,293,48,6.104166666666667
cairo_heavy_hex_27,r10,efficient_su2,24,1,11,159,48,3.3125
cairo_heavy_hex_27,r10,efficient_su2,24,1,22,168,48,3.5
cairo_heavy_hex_27,r10,efficient_su2,24,1,33,159,48,3.3125
cairo_heavy_hex_27,r10,efficient_su2,24,1,44,177,48,3.6875
cairo_heavy_hex_27,r10,efficient_su2,24,1,55,196,48,4.083333333333333
cairo_heavy_hex_27,r10,efficient_su2,24,3,11,144,48,3.0
cairo_heavy_hex_27,r10,efficient_su2,24,3,22,80,48,1.6666666666666667
cairo_heavy_hex_27,r10,efficient_su2,24,3,33,123,48,2.5625
cairo_heavy_hex_27,r10,efficient_su2,24,3,44,148,48,3.0833333333333335
cairo_heavy_hex_27,r10,efficient_su2,24,3,55,133,48,2.7708333333333335
cairo_heavy_hex_27,r11,qft,4,0,11,31,10,3.1
cairo_heavy_hex_27,r11,qft,4,0,22,28,10,2.8
cairo_heavy_hex_27,r11,qft,4,0,33,31,10,3.1
cairo_heavy_hex_27,r11,qft,4,0,44,34,10,3.4
cairo_heavy_hex_27,r11,qft,4,0,55,32,10,3.2
cairo_heavy_hex_27,r11,qft,4,1,11,18,10,1.8
cairo_heavy_hex_27,r11,qft,4,1,22,18,10,1.8
cairo_heavy_hex_27,r11,qft,4,1,33,18,10,1.8
cairo_heavy_hex_27,r11,qft,4,1,44,18,10,1.8
cairo_heavy_hex_27,r11,qft,4,1,55,18,10,1.8
cairo_heavy_hex_27,r11,qft,4,3,11,18,10,1.8
cairo_heavy_hex_27,r11,qft,4,3,22,18,10,1.8
cairo_heavy_hex_27,r11,qft,4,3,33,18,10,1.8
cairo_heavy_hex_27,r11,qft,4,3,44,18,10,1.8
cairo_heavy_hex_27,r11,qft,4,3,55,18,10,1.8
cairo_heavy_hex_27,r11,qft,8,0,11,100,26,3.8461538461538463
cairo_heavy_hex_27,r11,qft,8,0,22,110,26,4.230769230769231
cairo_heavy_hex_27,r11,qft,8,0,33,128,26,4.923076923076923
cairo_heavy_hex_27,r11,qft,8,0,44,91,26,3.5
cairo_heavy_hex_27,r11,qft,8,0,55,114,26,4.384615384615385
cairo_heavy_hex_27,r11,qft,8,1,11,73,26,2.8076923076923075
cairo_heavy_hex_27,r11,qft,8,1,22,66,26,2.5384615384615383
cairo_heavy_hex_27,r11,qft,8,1,33,72,26,2.769230769230769
cairo_heavy_hex_27,r11,qft,8,1,44,66,26,2.5384615384615383
cairo_heavy_hex_27,r11,qft,8,1,55,69,26,2.6538461538461537
cairo_heavy_hex_27,r11,qft,8,3,11,58,26,2.230769230769231
cairo_heavy_hex_27,r11,qft,8,3,22,52,26,2.0
cairo_heavy_hex_27,r11,qft,8,3,33,58,26,2.230769230769231
cairo_heavy_hex_27,r11,qft,8,3,44,52,26,2.0
cairo_heavy_hex_27,r11,qft,8,3,55,58,26,2.230769230769231
cairo_heavy_hex_27,r11,qft,12,0,11,200,42,4.761904761904762
cairo_heavy_hex_27,r11,qft,12,0,22,200,42,4.761904761904762
cairo_heavy_hex_27,r11,qft,12,0,33,190,42,4.523809523809524
cairo_heavy_hex_27,r11,qft,12,0,44,238,42,5.666666666666667
cairo_heavy_hex_27,r11,qft,12,0,55,232,42,5.523809523809524
cairo_heavy_hex_27,r11,qft,12,1,11,147,42,3.5
cairo_heavy_hex_27,r11,qft,12,1,22,126,42,3.0
cairo_heavy_hex_27,r11,qft,12,1,33,112,42,2.6666666666666665
cairo_heavy_hex_27,r11,qft,12,1,44,131,42,3.119047619047619
cairo_heavy_hex_27,r11,qft,12,1,55,146,42,3.4761904761904763
cairo_heavy_hex_27,r11,qft,12,3,11,121,42,2.880952380952381
cairo_heavy_hex_27,r11,qft,12,3,22,113,42,2.6904761904761907
cairo_heavy_hex_27,r11,qft,12,3,33,112,42,2.6666666666666665
cairo_heavy_hex_27,r11,qft,12,3,44,104,42,2.4761904761904763
cairo_heavy_hex_27,r11,qft,12,3,55,118,42,2.8095238095238093
cairo_heavy_hex_27,r11,qft,16,0,11,350,58,6.0344827586206895
cairo_heavy_hex_27,r11,qft,16,0,22,298,58,5.137931034482759
cairo_heavy_hex_27,r11,qft,16,0,33,349,58,6.017241379310345
cairo_heavy_hex_27,r11,qft,16,0,44,350,58,6.0344827586206895
cairo_heavy_hex_27,r11,qft,16,0,55,335,58,5.775862068965517
cairo_heavy_hex_27,r11,qft,16,1,11,171,58,2.9482758620689653
cairo_heavy_hex_27,r11,qft,16,1,22,287,58,4.948275862068965
cairo_heavy_hex_27,r11,qft,16,1,33,194,58,3.3448275862068964
cairo_heavy_hex_27,r11,qft,16,1,44,218,58,3.7586206896551726
cairo_heavy_hex_27,r11,qft,16,1,55,224,58,3.8620689655172415
cairo_heavy_hex_27,r11,qft,16,3,11,183,58,3.1551724137931036
cairo_heavy_hex_27,r11,qft,16,3,22,155,58,2.6724137931034484
cairo_heavy_hex_27,r11,qft,16,3,33,186,58,3.206896551724138
cairo_heavy_hex_27,r11,qft,16,3,44,180,58,3.103448275862069
cairo_heavy_hex_27,r11,qft,16,3,55,132,58,2.2758620689655173
cairo_heavy_hex_27,r11,qft,20,0,11,480,74,6.486486486486487
cairo_heavy_hex_27,r11,qft,20,0,22,453,74,6.121621621621622
cairo_heavy_hex_27,r11,qft,20,0,33,442,74,5.972972972972973
cairo_heavy_hex_27,r11,qft,20,0,44,543,74,7.337837837837838
cairo_heavy_hex_27,r11,qft,20,0,55,486,74,6.5675675675675675
cairo_heavy_hex_27,r11,qft,20,1,11,215,74,2.9054054054054053
cairo_heavy_hex_27,r11,qft,20,1,22,229,74,3.0945945945945947
cairo_heavy_hex_27,r11,qft,20,1,33,247,74,3.3378378378378377
cairo_heavy_hex_27,r11,qft,20,1,44,297,74,4.013513513513513
cairo_heavy_hex_27,r11,qft,20,1,55,228,74,3.081081081081081
cairo_heavy_hex_27,r11,qft,20,3,11,257,74,3.472972972972973
cairo_heavy_hex_27,r11,qft,20,3,22,175,74,2.364864864864865
cairo_heavy_hex_27,r11,qft,20,3,33,194,74,2.6216216216216215
cairo_heavy_hex_27,r11,qft,20,3,44,205,74,2.77027027027027
cairo_heavy_hex_27,r11,qft,20,3,55,196,74,2.6486486486486487
cairo_heavy_hex_27,r11,qft,24,0,11,614,90,6.822222222222222
cairo_heavy_hex_27,r11,qft,24,0,22,617,90,6.855555555555555
cairo_heavy_hex_27,r11,qft,24,0,33,584,90,6.488888888888889
cairo_heavy_hex_27,r11,qft,24,0,44,656,90,7.288888888888889
cairo_heavy_hex_27,r11,qft,24,0,55,631,90,7.011111111111111
cairo_heavy_hex_27,r11,qft,24,1,11,338,90,3.7555555555555555
cairo_heavy_hex_27,r11,qft,24,1,22,368,90,4.088888888888889
cairo_heavy_hex_27,r11,qft,24,1,33,321,90,3.566666666666667
cairo_heavy_hex_27,r11,qft,24,1,44,377,90,4.188888888888889
cairo_heavy_hex_27,r11,qft,24,1,55,397,90,4.411111111111111
cairo_heavy_hex_27,r11,qft,24,3,11,278,90,3.088888888888889
cairo_heavy_hex_27,r11,qft,24,3,22,189,90,2.1
cairo_heavy_hex_27,r11,qft,24,3,33,334,90,3.7111111111111112
cairo_heavy_hex_27,r11,qft,24,3,44,251,90,2.7888888888888888
cairo_heavy_hex_27,r11,qft,24,3,55,261,90,2.9
cairo_heavy_hex_27,r11,ghz_chain,4,0,11,21,3,7.0
cairo_heavy_hex_27,r11,ghz_chain,4,0,22,24,3,8.0
cairo_heavy_hex_27,r11,ghz_chain,4,0,33,21,3,7.0
cairo_heavy_hex_27,r11,ghz_chain,4,0,44,24,3,8.0
cairo_heavy_hex_27,r11,ghz_chain,4,0,55,21,3,7.0
cairo_heavy_hex_27,r11,ghz_chain,4,1,11,3,3,1.0
cairo_heavy_hex_27,r11,ghz_chain,4,1,22,3,3,1.0
cairo_heavy_hex_27,r11,ghz_chain,4,1,33,3,3,1.0
cairo_heavy_hex_27,r11,ghz_chain,4,1,44,3,3,1.0
cairo_heavy_hex_27,r11,ghz_chain,4,1,55,3,3,1.0
cairo_heavy_hex_27,r11,ghz_chain,4,3,11,3,3,1.0
cairo_heavy_hex_27,r11,ghz_chain,4,3,22,3,3,1.0
cairo_heavy_hex_27,r11,ghz_chain,4,3,33,3,3,1.0
cairo_heavy_hex_27,r11,ghz_chain,4,3,44,3,3,1.0
cairo_heavy_hex_27,r11,ghz_chain,4,3,55,3,3,1.0
cairo_heavy_hex_27,r11,ghz_chain,8,0,11,40,7,5.714285714285714
cairo_heavy_hex_27,r11,ghz_chain,8,0,22,43,7,6.142857142857143
cairo_heavy_hex_27,r11,ghz_chain,8,0,33,45,7,6.428571428571429
cairo_heavy_hex_27,r11,ghz_chain,8,0,44,46,7,6.571428571428571
cairo_heavy_hex_27,r11,ghz_chain,8,0,55,40,7,5.714285714285714
cairo_heavy_hex_27,r11,ghz_chain,8,1,11,7,7,1.0
cairo_heavy_hex_27,r11,ghz_chain,8,1,22,7,7,1.0
cairo_heavy_hex_27,r11,ghz_chain,8,1,33,7,7,1.0
cairo_heavy_hex_27,r11,ghz_chain,8,1,44,7,7,1.0
cairo_heavy_hex_27,r11,ghz_chain,8,1,55,7,7,1.0
cairo_heavy_hex_27,r11,ghz_chain,8,3,11,7,7,1.0
cairo_heavy_hex_27,r11,ghz_chain,8,3,22,7,7,1.0
cairo_heavy_hex_27,r11,ghz_chain,8,3,33,7,7,1.0
cairo_heavy_hex_27,r11,ghz_chain,8,3,44,7,7,1.0
cairo_heavy_hex_27,r11,ghz_chain,8,3,55,7,7,1.0
cairo_heavy_hex_27,r11,ghz_chain,12,0,11,86,11,7.818181818181818
cairo_heavy_hex_27,r11,ghz_chain,12,0,22,71,11,6.454545454545454
cairo_heavy_hex_27,r11,ghz_chain,12,0,33,79,11,7.181818181818182
cairo_heavy_hex_27,r11,ghz_chain,12,0,44,74,11,6.7272727272727275
cairo_heavy_hex_27,r11,ghz_chain,12,0,55,68,11,6.181818181818182
cairo_heavy_hex_27,r11,ghz_chain,12,1,11,11,11,1.0
cairo_heavy_hex_27,r11,ghz_chain,12,1,22,11,11,1.0
cairo_heavy_hex_27,r11,ghz_chain,12,1,33,11,11,1.0
cairo_heavy_hex_27,r11,ghz_chain,12,1,44,11,11,1.0
cairo_heavy_hex_27,r11,ghz_chain,12,1,55,11,11,1.0
cairo_heavy_hex_27,r11,ghz_chain,12,3,11,11,11,1.0
cairo_heavy_hex_27,r11,ghz_chain,12,3,22,11,11,1.0
cairo_heavy_hex_27,r11,ghz_chain,12,3,33,11,11,1.0
cairo_heavy_hex_27,r11,ghz_chain,12,3,44,11,11,1.0
cairo_heavy_hex_27,r11,ghz_chain,12,3,55,11,11,1.0
cairo_heavy_hex_27,r11,ghz_chain,16,0,11,105,15,7.0
cairo_heavy_hex_27,r11,ghz_chain,16,0,22,104,15,6.933333333333334
cairo_heavy_hex_27,r11,ghz_chain,16,0,33,87,15,5.8
cairo_heavy_hex_27,r11,ghz_chain,16,0,44,87,15,5.8
cairo_heavy_hex_27,r11,ghz_chain,16,0,55,90,15,6.0
cairo_heavy_hex_27,r11,ghz_chain,16,1,11,15,15,1.0
cairo_heavy_hex_27,r11,ghz_chain,16,1,22,15,15,1.0
cairo_heavy_hex_27,r11,ghz_chain,16,1,33,15,15,1.0
cairo_heavy_hex_27,r11,ghz_chain,16,1,44,15,15,1.0
cairo_heavy_hex_27,r11,ghz_chain,16,1,55,15,15,1.0
cairo_heavy_hex_27,r11,ghz_chain,16,3,11,15,15,1.0
cairo_heavy_hex_27,r11,ghz_chain,16,3,22,15,15,1.0
cairo_heavy_hex_27,r11,ghz_chain,16,3,33,15,15,1.0
cairo_heavy_hex_27,r11,ghz_chain,16,3,44,15,15,1.0
cairo_heavy_hex_27,r11,ghz_chain,16,3,55,15,15,1.0
cairo_heavy_hex_27,r11,ghz_chain,20,0,11,124,19,6.526315789473684
cairo_heavy_hex_27,r11,ghz_chain,20,0,22,132,19,6.947368421052632
cairo_heavy_hex_27,r11,ghz_chain,20,0,33,127,19,6.684210526315789
cairo_heavy_hex_27,r11,ghz_chain,20,0,44,114,19,6.0
cairo_heavy_hex_27,r11,ghz_chain,20,0,55,121,19,6.368421052631579
cairo_heavy_hex_27,r11,ghz_chain,20,1,11,19,19,1.0
cairo_heavy_hex_27,r11,ghz_chain,20,1,22,19,19,1.0
cairo_heavy_hex_27,r11,ghz_chain,20,1,33,19,19,1.0
cairo_heavy_hex_27,r11,ghz_chain,20,1,44,19,19,1.0
cairo_heavy_hex_27,r11,ghz_chain,20,1,55,19,19,1.0
cairo_heavy_hex_27,r11,ghz_chain,20,3,11,19,19,1.0
cairo_heavy_hex_27,r11,ghz_chain,20,3,22,19,19,1.0
cairo_heavy_hex_27,r11,ghz_chain,20,3,33,19,19,1.0
cairo_heavy_hex_27,r11,ghz_chain,20,3,44,19,19,1.0
cairo_heavy_hex_27,r11,ghz_chain,20,3,55,19,19,1.0
cairo_heavy_hex_27,r11,ghz_chain,24,0,11,152,23,6.608695652173913
cairo_heavy_hex_27,r11,ghz_chain,24,0,22,172,23,7.478260869565218
cairo_heavy_hex_27,r11,ghz_chain,24,0,33,164,23,7.130434782608695
cairo_heavy_hex_27,r11,ghz_chain,24,0,44,151,23,6.565217391304348
cairo_heavy_hex_27,r11,ghz_chain,24,0,55,140,23,6.086956521739131
cairo_heavy_hex_27,r11,ghz_chain,24,1,11,76,23,3.3043478260869565
cairo_heavy_hex_27,r11,ghz_chain,24,1,22,68,23,2.9565217391304346
cairo_heavy_hex_27,r11,ghz_chain,24,1,33,66,23,2.869565217391304
cairo_heavy_hex_27,r11,ghz_chain,24,1,44,53,23,2.3043478260869565
cairo_heavy_hex_27,r11,ghz_chain,24,1,55,71,23,3.0869565217391304
cairo_heavy_hex_27,r11,ghz_chain,24,3,11,47,23,2.0434782608695654
cairo_heavy_hex_27,r11,ghz_chain,24,3,22,38,23,1.6521739130434783
cairo_heavy_hex_27,r11,ghz_chain,24,3,33,42,23,1.826086956521739
cairo_heavy_hex_27,r11,ghz_chain,24,3,44,49,23,2.130434782608696
cairo_heavy_hex_27,r11,ghz_chain,24,3,55,58,23,2.5217391304347827
cairo_heavy_hex_27,r11,ghz_star,4,0,11,27,3,9.0
cairo_heavy_hex_27,r11,ghz_star,4,0,22,21,3,7.0
cairo_heavy_hex_27,r11,ghz_star,4,0,33,16,3,5.333333333333333
cairo_heavy_hex_27,r11,ghz_star,4,0,44,18,3,6.0
cairo_heavy_hex_27,r11,ghz_star,4,0,55,21,3,7.0
cairo_heavy_hex_27,r11,ghz_star,4,1,11,3,3,1.0
cairo_heavy_hex_27,r11,ghz_star,4,1,22,3,3,1.0
cairo_heavy_hex_27,r11,ghz_star,4,1,33,3,3,1.0
cairo_heavy_hex_27,r11,ghz_star,4,1,44,3,3,1.0
cairo_heavy_hex_27,r11,ghz_star,4,1,55,3,3,1.0
cairo_heavy_hex_27,r11,ghz_star,4,3,11,3,3,1.0
cairo_heavy_hex_27,r11,ghz_star,4,3,22,3,3,1.0
cairo_heavy_hex_27,r11,ghz_star,4,3,33,3,3,1.0
cairo_heavy_hex_27,r11,ghz_star,4,3,44,3,3,1.0
cairo_heavy_hex_27,r11,ghz_star,4,3,55,3,3,1.0
cairo_heavy_hex_27,r11,ghz_star,8,0,11,61,7,8.714285714285714
cairo_heavy_hex_27,r11,ghz_star,8,0,22,55,7,7.857142857142857
cairo_heavy_hex_27,r11,ghz_star,8,0,33,38,7,5.428571428571429
cairo_heavy_hex_27,r11,ghz_star,8,0,44,49,7,7.0
cairo_heavy_hex_27,r11,ghz_star,8,0,55,55,7,7.857142857142857
cairo_heavy_hex_27,r11,ghz_star,8,1,11,19,7,2.7142857142857144
cairo_heavy_hex_27,r11,ghz_star,8,1,22,18,7,2.5714285714285716
cairo_heavy_hex_27,r11,ghz_star,8,1,33,18,7,2.5714285714285716
cairo_heavy_hex_27,r11,ghz_star,8,1,44,19,7,2.7142857142857144
cairo_heavy_hex_27,r11,ghz_star,8,1,55,16,7,2.2857142857142856
cairo_heavy_hex_27,r11,ghz_star,8,3,11,19,7,2.7142857142857144
cairo_heavy_hex_27,r11,ghz_star,8,3,22,16,7,2.2857142857142856
cairo_heavy_hex_27,r11,ghz_star,8,3,33,17,7,2.4285714285714284
cairo_heavy_hex_27,r11,ghz_star,8,3,44,15,7,2.142857142857143
cairo_heavy_hex_27,r11,ghz_star,8,3,55,13,7,1.8571428571428572
cairo_heavy_hex_27,r11,ghz_star,12,0,11,86,11,7.818181818181818
cairo_heavy_hex_27,r11,ghz_star,12,0,22,68,11,6.181818181818182
cairo_heavy_hex_27,r11,ghz_star,12,0,33,66,11,6.0
cairo_heavy_hex_27,r11,ghz_star,12,0,44,68,11,6.181818181818182
cairo_heavy_hex_27,r11,ghz_star,12,0,55,88,11,8.0
cairo_heavy_hex_27,r11,ghz_star,12,1,11,37,11,3.3636363636363638
cairo_heavy_hex_27,r11,ghz_star,12,1,22,35,11,3.1818181818181817
cairo_heavy_hex_27,r11,ghz_star,12,1,33,28,11,2.5454545454545454
cairo_heavy_hex_27,r11,ghz_star,12,1,44,37,11,3.3636363636363638
cairo_heavy_hex_27,r11,ghz_star,12,1,55,34,11,3.090909090909091
cairo_heavy_hex_27,r11,ghz_star,12,3,11,36,11,3.272727272727273
cairo_heavy_hex_27,r11,ghz_star,12,3,22,26,11,2.3636363636363638
cairo_heavy_hex_27,r11,ghz_star,12,3,33,26,11,2.3636363636363638
cairo_heavy_hex_27,r11,ghz_star,12,3,44,33,11,3.0
cairo_heavy_hex_27,r11,ghz_star,12,3,55,28,11,2.5454545454545454
cairo_heavy_hex_27,r11,ghz_star,16,0,11,110,15,7.333333333333333
cairo_heavy_hex_27,r11,ghz_star,16,0,22,85,15,5.666666666666667
cairo_heavy_hex_27,r11,ghz_star,16,0,33,78,15,5.2
cairo_heavy_hex_27,r11,ghz_star,16,0,44,83,15,5.533333333333333
cairo_heavy_hex_27,r11,ghz_star,16,0,55,104,15,6.933333333333334
cairo_heavy_hex_27,r11,ghz_star,16,1,11,51,15,3.4
cairo_heavy_hex_27,r11,ghz_star,16,1,22,51,15,3.4
cairo_heavy_hex_27,r11,ghz_star,16,1,33,59,15,3.933333333333333
cairo_heavy_hex_27,r11,ghz_star,16,1,44,51,15,3.4
cairo_heavy_hex_27,r11,ghz_star,16,1,55,51,15,3.4
cairo_heavy_hex_27,r11,ghz_star,16,3,11,45,15,3.0
cairo_heavy_hex_27,r11,ghz_star,16,3,22,45,15,3.0
cairo_heavy_hex_27,r11,ghz_star,16,3,33,45,15,3.0
cairo_heavy_hex_27,r11,ghz_star,16,3,44,47,15,3.1333333333333333
cairo_heavy_hex_27,r11,ghz_star,16,3,55,42,15,2.8
cairo_heavy_hex_27,r11,ghz_star,20,0,11,141,19,7.421052631578948
cairo_heavy_hex_27,r11,ghz_star,20,0,22,113,19,5.947368421052632
cairo_heavy_hex_27,r11,ghz_star,20,0,33,115,19,6.052631578947368
cairo_heavy_hex_27,r11,ghz_star,20,0,44,111,19,5.842105263157895
cairo_heavy_hex_27,r11,ghz_star,20,0,55,138,19,7.2631578947368425
cairo_heavy_hex_27,r11,ghz_star,20,1,11,81,19,4.2631578947368425
cairo_heavy_hex_27,r11,ghz_star,20,1,22,93,19,4.894736842105263
cairo_heavy_hex_27,r11,ghz_star,20,1,33,77,19,4.052631578947368
cairo_heavy_hex_27,r11,ghz_star,20,1,44,79,19,4.157894736842105
cairo_heavy_hex_27,r11,ghz_star,20,1,55,71,19,3.736842105263158
cairo_heavy_hex_27,r11,ghz_star,20,3,11,65,19,3.4210526315789473
cairo_heavy_hex_27,r11,ghz_star,20,3,22,73,19,3.8421052631578947
cairo_heavy_hex_27,r11,ghz_star,20,3,33,62,19,3.263157894736842
cairo_heavy_hex_27,r11,ghz_star,20,3,44,63,19,3.3157894736842106
cairo_heavy_hex_27,r11,ghz_star,20,3,55,63,19,3.3157894736842106
cairo_heavy_hex_27,r11,ghz_star,24,0,11,163,23,7.086956521739131
cairo_heavy_hex_27,r11,ghz_star,24,0,22,147,23,6.391304347826087
cairo_heavy_hex_27,r11,ghz_star,24,0,33,149,23,6.478260869565218
cairo_heavy_hex_27,r11,ghz_star,24,0,44,142,23,6.173913043478261
cairo_heavy_hex_27,r11,ghz_star,24,0,55,181,23,7.869565217391305
cairo_heavy_hex_27,r11,ghz_star,24,1,11,104,23,4.521739130434782
cairo_heavy_hex_27,r11,ghz_star,24,1,22,106,23,4.608695652173913
cairo_heavy_hex_27,r11,ghz_star,24,1,33,86,23,3.739130434782609
cairo_heavy_hex_27,r11,ghz_star,24,1,44,104,23,4.521739130434782
cairo_heavy_hex_27,r11,ghz_star,24,1,55,92,23,4.0
cairo_heavy_hex_27,r11,ghz_star,24,3,11,76,23,3.3043478260869565
cairo_heavy_hex_27,r11,ghz_star,24,3,22,78,23,3.391304347826087
cairo_heavy_hex_27,r11,ghz_star,24,3,33,65,23,2.8260869565217392
cairo_heavy_hex_27,r11,ghz_star,24,3,44,87,23,3.782608695652174
cairo_heavy_hex_27,r11,ghz_star,24,3,55,76,23,3.3043478260869565
cairo_heavy_hex_27,r11,efficient_su2,4,0,11,45,8,5.625
cairo_heavy_hex_27,r11,efficient_su2,4,0,22,32,8,4.0
cairo_heavy_hex_27,r11,efficient_su2,4,0,33,33,8,4.125
cairo_heavy_hex_27,r11,efficient_su2,4,0,44,32,8,4.0
cairo_heavy_hex_27,r11,efficient_su2,4,0,55,38,8,4.75
cairo_heavy_hex_27,r11,efficient_su2,4,1,11,17,8,2.125
cairo_heavy_hex_27,r11,efficient_su2,4,1,22,17,8,2.125
cairo_heavy_hex_27,r11,efficient_su2,4,1,33,17,8,2.125
cairo_heavy_hex_27,r11,efficient_su2,4,1,44,17,8,2.125
cairo_heavy_hex_27,r11,efficient_su2,4,1,55,17,8,2.125
cairo_heavy_hex_27,r11,efficient_su2,4,3,11,17,8,2.125
cairo_heavy_hex_27,r11,efficient_su2,4,3,22,17,8,2.125
cairo_heavy_hex_27,r11,efficient_su2,4,3,33,17,8,2.125
cairo_heavy_hex_27,r11,efficient_su2,4,3,44,17,8,2.125
cairo_heavy_hex_27,r11,efficient_su2,4,3,55,17,8,2.125
cairo_heavy_hex_27,r11,efficient_su2,8,0,11,109,16,6.8125
cairo_heavy_hex_27,r11,efficient_su2,8,0,22,95,16,5.9375
cairo_heavy_hex_27,r11,efficient_su2,8,0,33,87,16,5.4375
cairo_heavy_hex_27,r11,efficient_su2,8,0,44,81,16,5.0625
cairo_heavy_hex_27,r11,efficient_su2,8,0,55,101,16,6.3125
cairo_heavy_hex_27,r11,efficient_su2,8,1,11,50,16,3.125
cairo_heavy_hex_27,r11,efficient_su2,8,1,22,40,16,2.5
cairo_heavy_hex_27,r11,efficient_su2,8,1,33,50,16,3.125
cairo_heavy_hex_27,r11,efficient_su2,8,1,44,44,16,2.75
cairo_heavy_hex_27,r11,efficient_su2,8,1,55,45,16,2.8125
cairo_heavy_hex_27,r11,efficient_su2,8,3,11,40,16,2.5
cairo_heavy_hex_27,r11,efficient_su2,8,3,22,40,16,2.5
cairo_heavy_hex_27,r11,efficient_su2,8,3,33,33,16,2.0625
cairo_heavy_hex_27,r11,efficient_su2,8,3,44,40,16,2.5
cairo_heavy_hex_27,r11,efficient_su2,8,3,55,40,16,2.5
cairo_heavy_hex_27,r11,efficient_su2,12,0,11,134,24,5.583333333333333
cairo_heavy_hex_27,r11,efficient_su2,12,0,22,135,24,5.625
cairo_heavy_hex_27,r11,efficient_su2,12,0,33,135,24,5.625
cairo_heavy_hex_27,r11,efficient_su2,12,0,44,117,24,4.875
cairo_heavy_hex_27,r11,efficient_su2,12,0,55,148,24,6.166666666666667
cairo_heavy_hex_27,r11,efficient_su2,12,1,11,24,24,1.0
cairo_heavy_hex_27,r11,efficient_su2,12,1,22,24,24,1.0
cairo_heavy_hex_27,r11,efficient_su2,12,1,33,24,24,1.0
cairo_heavy_hex_27,r11,efficient_su2,12,1,44,24,24,1.0
cairo_heavy_hex_27,r11,efficient_su2,12,1,55,24,24,1.0
cairo_heavy_hex_27,r11,efficient_su2,12,3,11,24,24,1.0
cairo_heavy_hex_27,r11,efficient_su2,12,3,22,24,24,1.0
cairo_heavy_hex_27,r11,efficient_su2,12,3,33,24,24,1.0
cairo_heavy_hex_27,r11,efficient_su2,12,3,44,24,24,1.0
cairo_heavy_hex_27,r11,efficient_su2,12,3,55,24,24,1.0
cairo_heavy_hex_27,r11,efficient_su2,16,0,11,189,32,5.90625
cairo_heavy_hex_27,r11,efficient_su2,16,0,22,167,32,5.21875
cairo_heavy_hex_27,r11,efficient_su2,16,0,33,200,32,6.25
cairo_heavy_hex_27,r11,efficient_su2,16,0,44,156,32,4.875
cairo_heavy_hex_27,r11,efficient_su2,16,0,55,185,32,5.78125
cairo_heavy_hex_27,r11,efficient_su2,16,1,11,83,32,2.59375
cairo_heavy_hex_27,r11,efficient_su2,16,1,22,98,32,3.0625
cairo_heavy_hex_27,r11,efficient_su2,16,1,33,90,32,2.8125
cairo_heavy_hex_27,r11,efficient_su2,16,1,44,86,32,2.6875
cairo_heavy_hex_27,r11,efficient_su2,16,1,55,107,32,3.34375
cairo_heavy_hex_27,r11,efficient_su2,16,3,11,84,32,2.625
cairo_heavy_hex_27,r11,efficient_su2,16,3,22,76,32,2.375
cairo_heavy_hex_27,r11,efficient_su2,16,3,33,72,32,2.25
cairo_heavy_hex_27,r11,efficient_su2,16,3,44,62,32,1.9375
cairo_heavy_hex_27,r11,efficient_su2,16,3,55,77,32,2.40625
cairo_heavy_hex_27,r11,efficient_su2,20,0,11,203,40,5.075
cairo_heavy_hex_27,r11,efficient_su2,20,0,22,223,40,5.575
cairo_heavy_hex_27,r11,efficient_su2,20,0,33,229,40,5.725
cairo_heavy_hex_27,r11,efficient_su2,20,0,44,239,40,5.975
cairo_heavy_hex_27,r11,efficient_su2,20,0,55,229,40,5.725
cairo_heavy_hex_27,r11,efficient_su2,20,1,11,40,40,1.0
cairo_heavy_hex_27,r11,efficient_su2,20,1,22,40,40,1.0
cairo_heavy_hex_27,r11,efficient_su2,20,1,33,40,40,1.0
cairo_heavy_hex_27,r11,efficient_su2,20,1,44,40,40,1.0
cairo_heavy_hex_27,r11,efficient_su2,20,1,55,40,40,1.0
cairo_heavy_hex_27,r11,efficient_su2,20,3,11,40,40,1.0
cairo_heavy_hex_27,r11,efficient_su2,20,3,22,40,40,1.0
cairo_heavy_hex_27,r11,efficient_su2,20,3,33,40,40,1.0
cairo_heavy_hex_27,r11,efficient_su2,20,3,44,40,40,1.0
cairo_heavy_hex_27,r11,efficient_su2,20,3,55,40,40,1.0
cairo_heavy_hex_27,r11,efficient_su2,24,0,11,286,48,5.958333333333333
cairo_heavy_hex_27,r11,efficient_su2,24,0,22,256,48,5.333333333333333
cairo_heavy_hex_27,r11,efficient_su2,24,0,33,279,48,5.8125
cairo_heavy_hex_27,r11,efficient_su2,24,0,44,268,48,5.583333333333333
cairo_heavy_hex_27,r11,efficient_su2,24,0,55,287,48,5.979166666666667
cairo_heavy_hex_27,r11,efficient_su2,24,1,11,166,48,3.4583333333333335
cairo_heavy_hex_27,r11,efficient_su2,24,1,22,166,48,3.4583333333333335
cairo_heavy_hex_27,r11,efficient_su2,24,1,33,150,48,3.125
cairo_heavy_hex_27,r11,efficient_su2,24,1,44,156,48,3.25
cairo_heavy_hex_27,r11,efficient_su2,24,1,55,156,48,3.25
cairo_heavy_hex_27,r11,efficient_su2,24,3,11,124,48,2.5833333333333335
cairo_heavy_hex_27,r11,efficient_su2,24,3,22,111,48,2.3125
cairo_heavy_hex_27,r11,efficient_su2,24,3,33,133,48,2.7708333333333335
cairo_heavy_hex_27,r11,efficient_su2,24,3,44,127,48,2.6458333333333335
cairo_heavy_hex_27,r11,efficient_su2,24,3,55,110,48,2.2916666666666665
cairo_heavy_hex_27,r12,qft,4,0,11,40,10,4.0
cairo_heavy_hex_27,r12,qft,4,0,22,40,10,4.0
cairo_heavy_hex_27,r12,qft,4,0,33,41,10,4.1
cairo_heavy_hex_27,r12,qft,4,0,44,35,10,3.5
cairo_heavy_hex_27,r12,qft,4,0,55,35,10,3.5
cairo_heavy_hex_27,r12,qft,4,1,11,18,10,1.8
cairo_heavy_hex_27,r12,qft,4,1,22,18,10,1.8
cairo_heavy_hex_27,r12,qft,4,1,33,18,10,1.8
cairo_heavy_hex_27,r12,qft,4,1,44,18,10,1.8
cairo_heavy_hex_27,r12,qft,4,1,55,18,10,1.8
cairo_heavy_hex_27,r12,qft,4,3,11,18,10,1.8
cairo_heavy_hex_27,r12,qft,4,3,22,18,10,1.8
cairo_heavy_hex_27,r12,qft,4,3,33,18,10,1.8
cairo_heavy_hex_27,r12,qft,4,3,44,18,10,1.8
cairo_heavy_hex_27,r12,qft,4,3,55,18,10,1.8
cairo_heavy_hex_27,r12,qft,8,0,11,112,26,4.3076923076923075
cairo_heavy_hex_27,r12,qft,8,0,22,137,26,5.269230769230769
cairo_heavy_hex_27,r12,qft,8,0,33,131,26,5.038461538461538
cairo_heavy_hex_27,r12,qft,8,0,44,115,26,4.423076923076923
cairo_heavy_hex_27,r12,qft,8,0,55,119,26,4.576923076923077
cairo_heavy_hex_27,r12,qft,8,1,11,70,26,2.6923076923076925
cairo_heavy_hex_27,r12,qft,8,1,22,63,26,2.423076923076923
cairo_heavy_hex_27,r12,qft,8,1,33,64,26,2.4615384615384617
cairo_heavy_hex_27,r12,qft,8,1,44,71,26,2.730769230769231
cairo_heavy_hex_27,r12,qft,8,1,55,71,26,2.730769230769231
cairo_heavy_hex_27,r12,qft,8,3,11,56,26,2.1538461538461537
cairo_heavy_hex_27,r12,qft,8,3,22,52,26,2.0
cairo_heavy_hex_27,r12,qft,8,3,33,61,26,2.3461538461538463
cairo_heavy_hex_27,r12,qft,8,3,44,52,26,2.0
cairo_heavy_hex_27,r12,qft,8,3,55,57,26,2.1923076923076925
cairo_heavy_hex_27,r12,qft,12,0,11,288,42,6.857142857142857
cairo_heavy_hex_27,r12,qft,12,0,22,231,42,5.5
cairo_heavy_hex_27,r12,qft,12,0,33,247,42,5.880952380952381
cairo_heavy_hex_27,r12,qft,12,0,44,226,42,5.380952380952381
cairo_heavy_hex_27,r12,qft,12,0,55,247,42,5.880952380952381
cairo_heavy_hex_27,r12,qft,12,1,11,179,42,4.261904761904762
cairo_heavy_hex_27,r12,qft,12,1,22,131,42,3.119047619047619
cairo_heavy_hex_27,r12,qft,12,1,33,161,42,3.8333333333333335
cairo_heavy_hex_27,r12,qft,12,1,44,107,42,2.5476190476190474
cairo_heavy_hex_27,r12,qft,12,1,55,143,42,3.4047619047619047
cairo_heavy_hex_27,r12,qft,12,3,11,118,42,2.8095238095238093
cairo_heavy_hex_27,r12,qft,12,3,22,117,42,2.7857142857142856
cairo_heavy_hex_27,r12,qft,12,3,33,126,42,3.0
cairo_heavy_hex_27,r12,qft,12,3,44,131,42,3.119047619047619
cairo_heavy_hex_27,r12,qft,12,3,55,126,42,3.0
cairo_heavy_hex_27,r12,qft,16,0,11,410,58,7.068965517241379
cairo_heavy_hex_27,r12,qft,16,0,22,329,58,5.672413793103448
cairo_heavy_hex_27,r12,qft,16,0,33,374,58,6.448275862068965
cairo_heavy_hex_27,r12,qft,16,0,44,369,58,6.362068965517241
cairo_heavy_hex_27,r12,qft,16,0,55,386,58,6.655172413793103
cairo_heavy_hex_27,r12,qft,16,1,11,200,58,3.4482758620689653
cairo_heavy_hex_27,r12,qft,16,1,22,207,58,3.5689655172413794
cairo_heavy_hex_27,r12,qft,16,1,33,258,58,4.448275862068965
cairo_heavy_hex_27,r12,qft,16,1,44,194,58,3.3448275862068964
cairo_heavy_hex_27,r12,qft,16,1,55,227,58,3.913793103448276
cairo_heavy_hex_27,r12,qft,16,3,11,181,58,3.1206896551724137
cairo_heavy_hex_27,r12,qft,16,3,22,119,58,2.0517241379310347
cairo_heavy_hex_27,r12,qft,16,3,33,182,58,3.1379310344827585
cairo_heavy_hex_27,r12,qft,16,3,44,209,58,3.603448275862069
cairo_heavy_hex_27,r12,qft,16,3,55,190,58,3.2758620689655173
cairo_heavy_hex_27,r12,qft,20,0,11,431,74,5.824324324324325
cairo_heavy_hex_27,r12,qft,20,0,22,416,74,5.621621621621622
cairo_heavy_hex_27,r12,qft,20,0,33,489,74,6.608108108108108
cairo_heavy_hex_27,r12,qft,20,0,44,440,74,5.945945945945946
cairo_heavy_hex_27,r12,qft,20,0,55,557,74,7.527027027027027
cairo_heavy_hex_27,r12,qft,20,1,11,243,74,3.2837837837837838
cairo_heavy_hex_27,r12,qft,20,1,22,224,74,3.027027027027027
cairo_heavy_hex_27,r12,qft,20,1,33,318,74,4.297297297297297
cairo_heavy_hex_27,r12,qft,20,1,44,286,74,3.864864864864865
cairo_heavy_hex_27,r12,qft,20,1,55,298,74,4.027027027027027
cairo_heavy_hex_27,r12,qft,20,3,11,217,74,2.9324324324324325
cairo_heavy_hex_27,r12,qft,20,3,22,285,74,3.8513513513513513
cairo_heavy_hex_27,r12,qft,20,3,33,201,74,2.7162162162162162
cairo_heavy_hex_27,r12,qft,20,3,44,174,74,2.3513513513513513
cairo_heavy_hex_27,r12,qft,20,3,55,239,74,3.22972972972973
cairo_heavy_hex_27,r12,qft,24,0,11,648,90,7.2
cairo_heavy_hex_27,r12,qft,24,0,22,487,90,5.411111111111111
cairo_heavy_hex_27,r12,qft,24,0,33,623,90,6.9222222222222225
cairo_heavy_hex_27,r12,qft,24,0,44,672,90,7.466666666666667
cairo_heavy_hex_27,r12,qft,24,0,55,632,90,7.022222222222222
cairo_heavy_hex_27,r12,qft,24,1,11,368,90,4.088888888888889
cairo_heavy_hex_27,r12,qft,24,1,22,366,90,4.066666666666666
cairo_heavy_hex_27,r12,qft,24,1,33,345,90,3.8333333333333335
cairo_heavy_hex_27,r12,qft,24,1,44,363,90,4.033333333333333
cairo_heavy_hex_27,r12,qft,24,1,55,320,90,3.5555555555555554
cairo_heavy_hex_27,r12,qft,24,3,11,317,90,3.522222222222222
cairo_heavy_hex_27,r12,qft,24,3,22,370,90,4.111111111111111
cairo_heavy_hex_27,r12,qft,24,3,33,259,90,2.8777777777777778
cairo_heavy_hex_27,r12,qft,24,3,44,268,90,2.977777777777778
cairo_heavy_hex_27,r12,qft,24,3,55,190,90,2.111111111111111
cairo_heavy_hex_27,r12,ghz_chain,4,0,11,21,3,7.0
cairo_heavy_hex_27,r12,ghz_chain,4,0,22,24,3,8.0
cairo_heavy_hex_27,r12,ghz_chain,4,0,33,24,3,8.0
cairo_heavy_hex_27,r12,ghz_chain,4,0,44,24,3,8.0
cairo_heavy_hex_27,r12,ghz_chain,4,0,55,21,3,7.0
cairo_heavy_hex_27,r12,ghz_chain,4,1,11,3,3,1.0
cairo_heavy_hex_27,r12,ghz_chain,4,1,22,3,3,1.0
cairo_heavy_hex_27,r12,ghz_chain,4,1,33,3,3,1.0
cairo_heavy_hex_27,r12,ghz_chain,4,1,44,3,3,1.0
cairo_heavy_hex_27,r12,ghz_chain,4,1,55,3,3,1.0
cairo_heavy_hex_27,r12,ghz_chain,4,3,11,3,3,1.0
cairo_heavy_hex_27,r12,ghz_chain,4,3,22,3,3,1.0
cairo_heavy_hex_27,r12,ghz_chain,4,3,33,3,3,1.0
cairo_heavy_hex_27,r12,ghz_chain,4,3,44,3,3,1.0
cairo_heavy_hex_27,r12,ghz_chain,4,3,55,3,3,1.0
cairo_heavy_hex_27,r12,ghz_chain,8,0,11,46,7,6.571428571428571
cairo_heavy_hex_27,r12,ghz_chain,8,0,22,49,7,7.0
cairo_heavy_hex_27,r12,ghz_chain,8,0,33,40,7,5.714285714285714
cairo_heavy_hex_27,r12,ghz_chain,8,0,44,48,7,6.857142857142857
cairo_heavy_hex_27,r12,ghz_chain,8,0,55,46,7,6.571428571428571
cairo_heavy_hex_27,r12,ghz_chain,8,1,11,7,7,1.0
cairo_heavy_hex_27,r12,ghz_chain,8,1,22,7,7,1.0
cairo_heavy_hex_27,r12,ghz_chain,8,1,33,7,7,1.0
cairo_heavy_hex_27,r12,ghz_chain,8,1,44,7,7,1.0
cairo_heavy_hex_27,r12,ghz_chain,8,1,55,7,7,1.0
cairo_heavy_hex_27,r12,ghz_chain,8,3,11,7,7,1.0
cairo_heavy_hex_27,r12,ghz_chain,8,3,22,7,7,1.0
cairo_heavy_hex_27,r12,ghz_chain,8,3,33,7,7,1.0
cairo_heavy_hex_27,r12,ghz_chain,8,3,44,7,7,1.0
cairo_heavy_hex_27,r12,ghz_chain,8,3,55,7,7,1.0
cairo_heavy_hex_27,r12,ghz_chain,12,0,11,71,11,6.454545454545454
cairo_heavy_hex_27,r12,ghz_chain,12,0,22,69,11,6.2727272727272725
cairo_heavy_hex_27,r12,ghz_chain,12,0,33,71,11,6.454545454545454
cairo_heavy_hex_27,r12,ghz_chain,12,0,44,71,11,6.454545454545454
cairo_heavy_hex_27,r12,ghz_chain,12,0,55,80,11,7.2727272727272725
cairo_heavy_hex_27,r12,ghz_chain,12,1,11,11,11,1.0
cairo_heavy_hex_27,r12,ghz_chain,12,1,22,11,11,1.0
cairo_heavy_hex_27,r12,ghz_chain,12,1,33,11,11,1.0
cairo_heavy_hex_27,r12,ghz_chain,12,1,44,11,11,1.0
cairo_heavy_hex_27,r12,ghz_chain,12,1,55,11,11,1.0
cairo_heavy_hex_27,r12,ghz_chain,12,3,11,11,11,1.0
cairo_heavy_hex_27,r12,ghz_chain,12,3,22,11,11,1.0
cairo_heavy_hex_27,r12,ghz_chain,12,3,33,11,11,1.0
cairo_heavy_hex_27,r12,ghz_chain,12,3,44,11,11,1.0
cairo_heavy_hex_27,r12,ghz_chain,12,3,55,11,11,1.0
cairo_heavy_hex_27,r12,ghz_chain,16,0,11,113,15,7.533333333333333
cairo_heavy_hex_27,r12,ghz_chain,16,0,22,99,15,6.6
cairo_heavy_hex_27,r12,ghz_chain,16,0,33,99,15,6.6
cairo_heavy_hex_27,r12,ghz_chain,16,0,44,96,15,6.4
cairo_heavy_hex_27,r12,ghz_chain,16,0,55,99,15,6.6
cairo_heavy_hex_27,r12,ghz_chain,16,1,11,15,15,1.0
cairo_heavy_hex_27,r12,ghz_chain,16,1,22,15,15,1.0
cairo_heavy_hex_27,r12,ghz_chain,16,1,33,15,15,1.0
cairo_heavy_hex_27,r12,ghz_chain,16,1,44,15,15,1.0
cairo_heavy_hex_27,r12,ghz_chain,16,1,55,15,15,1.0
cairo_heavy_hex_27,r12,ghz_chain,16,3,11,15,15,1.0
cairo_heavy_hex_27,r12,ghz_chain,16,3,22,15,15,1.0
cairo_heavy_hex_27,r12,ghz_chain,16,3,33,15,15,1.0
cairo_heavy_hex_27,r12,ghz_chain,16,3,44,15,15,1.0
cairo_heavy_hex_27,r12,ghz_chain,16,3,55,15,15,1.0
cairo_heavy_hex_27,r12,ghz_chain,20,0,11,142,19,7.473684210526316
cairo_heavy_hex_27,r12,ghz_chain,20,0,22,124,19,6.526315789473684
cairo_heavy_hex_27,r12,ghz_chain,20,0,33,127,19,6.684210526315789
cairo_heavy_hex_27,r12,ghz_chain,20,0,44,130,19,6.842105263157895
cairo_heavy_hex_27,r12,ghz_chain,20,0,55,130,19,6.842105263157895
cairo_heavy_hex_27,r12,ghz_chain,20,1,11,19,19,1.0
cairo_heavy_hex_27,r12,ghz_chain,20,1,22,19,19,1.0
cairo_heavy_hex_27,r12,ghz_chain,20,1,33,19,19,1.0
cairo_heavy_hex_27,r12,ghz_chain,20,1,44,19,19,1.0
cairo_heavy_hex_27,r12,ghz_chain,20,1,55,19,19,1.0
cairo_heavy_hex_27,r12,ghz_chain,20,3,11,19,19,1.0
cairo_heavy_hex_27,r12,ghz_chain,20,3,22,19,19,1.0
cairo_heavy_hex_27,r12,ghz_chain,20,3,33,19,19,1.0
cairo_heavy_hex_27,r12,ghz_chain,20,3,44,19,19,1.0
cairo_heavy_hex_27,r12,ghz_chain,20,3,55,19,19,1.0
cairo_heavy_hex_27,r12,ghz_chain,24,0,11,170,23,7.391304347826087
cairo_heavy_hex_27,r12,ghz_chain,24,0,22,149,23,6.478260869565218
cairo_heavy_hex_27,r12,ghz_chain,24,0,33,158,23,6.869565217391305
cairo_heavy_hex_27,r12,ghz_chain,24,0,44,173,23,7.521739130434782
cairo_heavy_hex_27,r12,ghz_chain,24,0,55,170,23,7.391304347826087
cairo_heavy_hex_27,r12,ghz_chain,24,1,11,81,23,3.5217391304347827
cairo_heavy_hex_27,r12,ghz_chain,24,1,22,69,23,3.0
cairo_heavy_hex_27,r12,ghz_chain,24,1,33,47,23,2.0434782608695654
cairo_heavy_hex_27,r12,ghz_chain,24,1,44,78,23,3.391304347826087
cairo_heavy_hex_27,r12,ghz_chain,24,1,55,81,23,3.5217391304347827
cairo_heavy_hex_27,r12,ghz_chain,24,3,11,62,23,2.6956521739130435
cairo_heavy_hex_27,r12,ghz_chain,24,3,22,65,23,2.8260869565217392
cairo_heavy_hex_27,r12,ghz_chain,24,3,33,47,23,2.0434782608695654
cairo_heavy_hex_27,r12,ghz_chain,24,3,44,69,23,3.0
cairo_heavy_hex_27,r12,ghz_chain,24,3,55,47,23,2.0434782608695654
cairo_heavy_hex_27,r12,ghz_star,4,0,11,27,3,9.0
cairo_heavy_hex_27,r12,ghz_star,4,0,22,18,3,6.0
cairo_heavy_hex_27,r12,ghz_star,4,0,33,18,3,6.0
cairo_heavy_hex_27,r12,ghz_star,4,0,44,18,3,6.0
cairo_heavy_hex_27,r12,ghz_star,4,0,55,27,3,9.0
cairo_heavy_hex_27,r12,ghz_star,4,1,11,3,3,1.0
cairo_heavy_hex_27,r12,ghz_star,4,1,22,3,3,1.0
cairo_heavy_hex_27,r12,ghz_star,4,1,33,3,3,1.0
cairo_heavy_hex_27,r12,ghz_star,4,1,44,3,3,1.0
cairo_heavy_hex_27,r12,ghz_star,4,1,55,3,3,1.0
cairo_heavy_hex_27,r12,ghz_star,4,3,11,3,3,1.0
cairo_heavy_hex_27,r12,ghz_star,4,3,22,3,3,1.0
cairo_heavy_hex_27,r12,ghz_star,4,3,33,3,3,1.0
cairo_heavy_hex_27,r12,ghz_star,4,3,44,3,3,1.0
cairo_heavy_hex_27,r12,ghz_star,4,3,55,3,3,1.0
cairo_heavy_hex_27,r12,ghz_star,8,0,11,46,7,6.571428571428571
cairo_heavy_hex_27,r12,ghz_star,8,0,22,43,7,6.142857142857143
cairo_heavy_hex_27,r12,ghz_star,8,0,33,37,7,5.285714285714286
cairo_heavy_hex_27,r12,ghz_star,8,0,44,39,7,5.571428571428571
cairo_heavy_hex_27,r12,ghz_star,8,0,55,58,7,8.285714285714286
cairo_heavy_hex_27,r12,ghz_star,8,1,11,15,7,2.142857142857143
cairo_heavy_hex_27,r12,ghz_star,8,1,22,15,7,2.142857142857143
cairo_heavy_hex_27,r12,ghz_star,8,1,33,15,7,2.142857142857143
cairo_heavy_hex_27,r12,ghz_star,8,1,44,15,7,2.142857142857143
cairo_heavy_hex_27,r12,ghz_star,8,1,55,18,7,2.5714285714285716
cairo_heavy_hex_27,r12,ghz_star,8,3,11,12,7,1.7142857142857142
cairo_heavy_hex_27,r12,ghz_star,8,3,22,13,7,1.8571428571428572
cairo_heavy_hex_27,r12,ghz_star,8,3,33,14,7,2.0
cairo_heavy_hex_27,r12,ghz_star,8,3,44,13,7,1.8571428571428572
cairo_heavy_hex_27,r12,ghz_star,8,3,55,12,7,1.7142857142857142
cairo_heavy_hex_27,r12,ghz_star,12,0,11,55,11,5.0
cairo_heavy_hex_27,r12,ghz_star,12,0,22,68,11,6.181818181818182
cairo_heavy_hex_27,r12,ghz_star,12,0,33,71,11,6.454545454545454
cairo_heavy_hex_27,r12,ghz_star,12,0,44,62,11,5.636363636363637
cairo_heavy_hex_27,r12,ghz_star,12,0,55,58,11,5.2727272727272725
cairo_heavy_hex_27,r12,ghz_star,12,1,11,30,11,2.727272727272727
cairo_heavy_hex_27,r12,ghz_star,12,1,22,30,11,2.727272727272727
cairo_heavy_hex_27,r12,ghz_star,12,1,33,28,11,2.5454545454545454
cairo_heavy_hex_27,r12,ghz_star,12,1,44,28,11,2.5454545454545454
cairo_heavy_hex_27,r12,ghz_star,12,1,55,28,11,2.5454545454545454
cairo_heavy_hex_27,r12,ghz_star,12,3,11,25,11,2.272727272727273
cairo_heavy_hex_27,r12,ghz_star,12,3,22,26,11,2.3636363636363638
cairo_heavy_hex_27,r12,ghz_star,12,3,33,28,11,2.5454545454545454
cairo_heavy_hex_27,r12,ghz_star,12,3,44,26,11,2.3636363636363638
cairo_heavy_hex_27,r12,ghz_star,12,3,55,26,11,2.3636363636363638
cairo_heavy_hex_27,r12,ghz_star,16,0,11,107,15,7.133333333333334
cairo_heavy_hex_27,r12,ghz_star,16,0,22,96,15,6.4
cairo_heavy_hex_27,r12,ghz_star,16,0,33,96,15,6.4
cairo_heavy_hex_27,r12,ghz_star,16,0,44,97,15,6.466666666666667
cairo_heavy_hex_27,r12,ghz_star,16,0,55,98,15,6.533333333333333
cairo_heavy_hex_27,r12,ghz_star,16,1,11,52,15,3.466666666666667
cairo_heavy_hex_27,r12,ghz_star,16,1,22,52,15,3.466666666666667
cairo_heavy_hex_27,r12,ghz_star,16,1,33,53,15,3.533333333333333
cairo_heavy_hex_27,r12,ghz_star,16,1,44,48,15,3.2
cairo_heavy_hex_27,r12,ghz_star,16,1,55,52,15,3.466666666666667
cairo_heavy_hex_27,r12,ghz_star,16,3,11,44,15,2.933333333333333
cairo_heavy_hex_27,r12,ghz_star,16,3,22,47,15,3.1333333333333333
cairo_heavy_hex_27,r12,ghz_star,16,3,33,49,15,3.2666666666666666
cairo_heavy_hex_27,r12,ghz_star,16,3,44,42,15,2.8
cairo_heavy_hex_27,r12,ghz_star,16,3,55,44,15,2.933333333333333
cairo_heavy_hex_27,r12,ghz_star,20,0,11,132,19,6.947368421052632
cairo_heavy_hex_27,r12,ghz_star,20,0,22,115,19,6.052631578947368
cairo_heavy_hex_27,r12,ghz_star,20,0,33,135,19,7.105263157894737
cairo_heavy_hex_27,r12,ghz_star,20,0,44,125,19,6.578947368421052
cairo_heavy_hex_27,r12,ghz_star,20,0,55,123,19,6.473684210526316
cairo_heavy_hex_27,r12,ghz_star,20,1,11,77,19,4.052631578947368
cairo_heavy_hex_27,r12,ghz_star,20,1,22,75,19,3.9473684210526314
cairo_heavy_hex_27,r12,ghz_star,20,1,33,65,19,3.4210526315789473
cairo_heavy_hex_27,r12,ghz_star,20,1,44,77,19,4.052631578947368
cairo_heavy_hex_27,r12,ghz_star,20,1,55,77,19,4.052631578947368
cairo_heavy_hex_27,r12,ghz_star,20,3,11,68,19,3.5789473684210527
cairo_heavy_hex_27,r12,ghz_star,20,3,22,67,19,3.526315789473684
cairo_heavy_hex_27,r12,ghz_star,20,3,33,57,19,3.0
cairo_heavy_hex_27,r12,ghz_star,20,3,44,69,19,3.6315789473684212
cairo_heavy_hex_27,r12,ghz_star,20,3,55,62,19,3.263157894736842
cairo_heavy_hex_27,r12,ghz_star,24,0,11,148,23,6.434782608695652
cairo_heavy_hex_27,r12,ghz_star,24,0,22,143,23,6.217391304347826
cairo_heavy_hex_27,r12,ghz_star,24,0,33,170,23,7.391304347826087
cairo_heavy_hex_27,r12,ghz_star,24,0,44,149,23,6.478260869565218
cairo_heavy_hex_27,r12,ghz_star,24,0,55,145,23,6.304347826086956
cairo_heavy_hex_27,r12,ghz_star,24,1,11,92,23,4.0
cairo_heavy_hex_27,r12,ghz_star,24,1,22,93,23,4.043478260869565
cairo_heavy_hex_27,r12,ghz_star,24,1,33,93,23,4.043478260869565
cairo_heavy_hex_27,r12,ghz_star,24,1,44,87,23,3.782608695652174
cairo_heavy_hex_27,r12,ghz_star,24,1,55,83,23,3.608695652173913
cairo_heavy_hex_27,r12,ghz_star,24,3,11,82,23,3.5652173913043477
cairo_heavy_hex_27,r12,ghz_star,24,3,22,83,23,3.608695652173913
cairo_heavy_hex_27,r12,ghz_star,24,3,33,85,23,3.6956521739130435
cairo_heavy_hex_27,r12,ghz_star,24,3,44,72,23,3.130434782608696
cairo_heavy_hex_27,r12,ghz_star,24,3,55,70,23,3.0434782608695654
cairo_heavy_hex_27,r12,efficient_su2,4,0,11,40,8,5.0
cairo_heavy_hex_27,r12,efficient_su2,4,0,22,29,8,3.625
cairo_heavy_hex_27,r12,efficient_su2,4,0,33,44,8,5.5
cairo_heavy_hex_27,r12,efficient_su2,4,0,44,37,8,4.625
cairo_heavy_hex_27,r12,efficient_su2,4,0,55,38,8,4.75
cairo_heavy_hex_27,r12,efficient_su2,4,1,11,17,8,2.125
cairo_heavy_hex_27,r12,efficient_su2,4,1,22,17,8,2.125
cairo_heavy_hex_27,r12,efficient_su2,4,1,33,17,8,2.125
cairo_heavy_hex_27,r12,efficient_su2,4,1,44,17,8,2.125
cairo_heavy_hex_27,r12,efficient_su2,4,1,55,17,8,2.125
cairo_heavy_hex_27,r12,efficient_su2,4,3,11,17,8,2.125
cairo_heavy_hex_27,r12,efficient_su2,4,3,22,17,8,2.125
cairo_heavy_hex_27,r12,efficient_su2,4,3,33,17,8,2.125
cairo_heavy_hex_27,r12,efficient_su2,4,3,44,17,8,2.125
cairo_heavy_hex_27,r12,efficient_su2,4,3,55,17,8,2.125
cairo_heavy_hex_27,r12,efficient_su2,8,0,11,88,16,5.5
cairo_heavy_hex_27,r12,efficient_su2,8,0,22,78,16,4.875
cairo_heavy_hex_27,r12,efficient_su2,8,0,33,79,16,4.9375
cairo_heavy_hex_27,r12,efficient_su2,8,0,44,86,16,5.375
cairo_heavy_hex_27,r12,efficient_su2,8,0,55,97,16,6.0625
cairo_heavy_hex_27,r12,efficient_su2,8,1,11,40,16,2.5
cairo_heavy_hex_27,r12,efficient_su2,8,1,22,40,16,2.5
cairo_heavy_hex_27,r12,efficient_su2,8,1,33,36,16,2.25
cairo_heavy_hex_27,r12,efficient_su2,8,1,44,40,16,2.5
cairo_heavy_hex_27,r12,efficient_su2,8,1,55,37,16,2.3125
cairo_heavy_hex_27,r12,efficient_su2,8,3,11,40,16,2.5
cairo_heavy_hex_27,r12,efficient_su2,8,3,22,40,16,2.5
cairo_heavy_hex_27,r12,efficient_su2,8,3,33,40,16,2.5
cairo_heavy_hex_27,r12,efficient_su2,8,3,44,40,16,2.5
cairo_heavy_hex_27,r12,efficient_su2,8,3,55,40,16,2.5
cairo_heavy_hex_27,r12,efficient_su2,12,0,11,115,24,4.791666666666667
cairo_heavy_hex_27,r12,efficient_su2,12,0,22,126,24,5.25
cairo_heavy_hex_27,r12,efficient_su2,12,0,33,143,24,5.958333333333333
cairo_heavy_hex_27,r12,efficient_su2,12,0,44,120,24,5.0
cairo_heavy_hex_27,r12,efficient_su2,12,0,55,111,24,4.625
cairo_heavy_hex_27,r12,efficient_su2,12,1,11,24,24,1.0
cairo_heavy_hex_27,r12,efficient_su2,12,1,22,24,24,1.0
cairo_heavy_hex_27,r12,efficient_su2,12,1,33,24,24,1.0
cairo_heavy_hex_27,r12,efficient_su2,12,1,44,24,24,1.0
cairo_heavy_hex_27,r12,efficient_su2,12,1,55,24,24,1.0
cairo_heavy_hex_27,r12,efficient_su2,12,3,11,24,24,1.0
cairo_heavy_hex_27,r12,efficient_su2,12,3,22,24,24,1.0
cairo_heavy_hex_27,r12,efficient_su2,12,3,33,24,24,1.0
cairo_heavy_hex_27,r12,efficient_su2,12,3,44,24,24,1.0
cairo_heavy_hex_27,r12,efficient_su2,12,3,55,24,24,1.0
cairo_heavy_hex_27,r12,efficient_su2,16,0,11,163,32,5.09375
cairo_heavy_hex_27,r12,efficient_su2,16,0,22,205,32,6.40625
cairo_heavy_hex_27,r12,efficient_su2,16,0,33,173,32,5.40625
cairo_heavy_hex_27,r12,efficient_su2,16,0,44,181,32,5.65625
cairo_heavy_hex_27,r12,efficient_su2,16,0,55,180,32,5.625
cairo_heavy_hex_27,r12,efficient_su2,16,1,11,92,32,2.875
cairo_heavy_hex_27,r12,efficient_su2,16,1,22,104,32,3.25
cairo_heavy_hex_27,r12,efficient_su2,16,1,33,89,32,2.78125
cairo_heavy_hex_27,r12,efficient_su2,16,1,44,68,32,2.125
cairo_heavy_hex_27,r12,efficient_su2,16,1,55,75,32,2.34375
cairo_heavy_hex_27,r12,efficient_su2,16,3,11,88,32,2.75
cairo_heavy_hex_27,r12,efficient_su2,16,3,22,87,32,2.71875
cairo_heavy_hex_27,r12,efficient_su2,16,3,33,66,32,2.0625
cairo_heavy_hex_27,r12,efficient_su2,16,3,44,64,32,2.0
cairo_heavy_hex_27,r12,efficient_su2,16,3,55,56,32,1.75
cairo_heavy_hex_27,r12,efficient_su2,20,0,11,190,40,4.75
cairo_heavy_hex_27,r12,efficient_su2,20,0,22,265,40,6.625
cairo_heavy_hex_27,r12,efficient_su2,20,0,33,260,40,6.5
cairo_heavy_hex_27,r12,efficient_su2,20,0,44,225,40,5.625
cairo_heavy_hex_27,r12,efficient_su2,20,0,55,227,40,5.675
cairo_heavy_hex_27,r12,efficient_su2,20,1,11,40,40,1.0
cairo_heavy_hex_27,r12,efficient_su2,20,1,22,40,40,1.0
cairo_heavy_hex_27,r12,efficient_su2,20,1,33,40,40,1.0
cairo_heavy_hex_27,r12,efficient_su2,20,1,44,40,40,1.0
cairo_heavy_hex_27,r12,efficient_su2,20,1,55,40,40,1.0
cairo_heavy_hex_27,r12,efficient_su2,20,3,11,40,40,1.0
cairo_heavy_hex_27,r12,efficient_su2,20,3,22,40,40,1.0
cairo_heavy_hex_27,r12,efficient_su2,20,3,33,40,40,1.0
cairo_heavy_hex_27,r12,efficient_su2,20,3,44,40,40,1.0
cairo_heavy_hex_27,r12,efficient_su2,20,3,55,40,40,1.0
cairo_heavy_hex_27,r12,efficient_su2,24,0,11,268,48,5.583333333333333
cairo_heavy_hex_27,r12,efficient_su2,24,0,22,330,48,6.875
cairo_heavy_hex_27,r12,efficient_su2,24,0,33,288,48,6.0
cairo_heavy_hex_27,r12,efficient_su2,24,0,44,302,48,6.291666666666667
cairo_heavy_hex_27,r12,efficient_su2,24,0,55,330,48,6.875
cairo_heavy_hex_27,r12,efficient_su2,24,1,11,153,48,3.1875
cairo_heavy_hex_27,r12,efficient_su2,24,1,22,156,48,3.25
cairo_heavy_hex_27,r12,efficient_su2,24,1,33,129,48,2.6875
cairo_heavy_hex_27,r12,efficient_su2,24,1,44,150,48,3.125
cairo_heavy_hex_27,r12,efficient_su2,24,1,55,156,48,3.25
cairo_heavy_hex_27,r12,efficient_su2,24,3,11,128,48,2.6666666666666665
cairo_heavy_hex_27,r12,efficient_su2,24,3,22,116,48,2.4166666666666665
cairo_heavy_hex_27,r12,efficient_su2,24,3,33,109,48,2.2708333333333335
cairo_heavy_hex_27,r12,efficient_su2,24,3,44,139,48,2.8958333333333335
cairo_heavy_hex_27,r12,efficient_su2,24,3,55,137,48,2.8541666666666665
cairo_heavy_hex_27,r13,qft,4,0,11,35,10,3.5
cairo_heavy_hex_27,r13,qft,4,0,22,35,10,3.5
cairo_heavy_hex_27,r13,qft,4,0,33,36,10,3.6
cairo_heavy_hex_27,r13,qft,4,0,44,34,10,3.4
cairo_heavy_hex_27,r13,qft,4,0,55,40,10,4.0
cairo_heavy_hex_27,r13,qft,4,1,11,19,10,1.9
cairo_heavy_hex_27,r13,qft,4,1,22,19,10,1.9
cairo_heavy_hex_27,r13,qft,4,1,33,18,10,1.8
cairo_heavy_hex_27,r13,qft,4,1,44,18,10,1.8
cairo_heavy_hex_27,r13,qft,4,1,55,18,10,1.8
cairo_heavy_hex_27,r13,qft,4,3,11,18,10,1.8
cairo_heavy_hex_27,r13,qft,4,3,22,18,10,1.8
cairo_heavy_hex_27,r13,qft,4,3,33,18,10,1.8
cairo_heavy_hex_27,r13,qft,4,3,44,18,10,1.8
cairo_heavy_hex_27,r13,qft,4,3,55,18,10,1.8
cairo_heavy_hex_27,r13,qft,8,0,11,130,26,5.0
cairo_heavy_hex_27,r13,qft,8,0,22,111,26,4.269230769230769
cairo_heavy_hex_27,r13,qft,8,0,33,117,26,4.5
cairo_heavy_hex_27,r13,qft,8,0,44,130,26,5.0
cairo_heavy_hex_27,r13,qft,8,0,55,117,26,4.5
cairo_heavy_hex_27,r13,qft,8,1,11,70,26,2.6923076923076925
cairo_heavy_hex_27,r13,qft,8,1,22,69,26,2.6538461538461537
cairo_heavy_hex_27,r13,qft,8,1,33,66,26,2.5384615384615383
cairo_heavy_hex_27,r13,qft,8,1,44,64,26,2.4615384615384617
cairo_heavy_hex_27,r13,qft,8,1,55,73,26,2.8076923076923075
cairo_heavy_hex_27,r13,qft,8,3,11,52,26,2.0
cairo_heavy_hex_27,r13,qft,8,3,22,49,26,1.8846153846153846
cairo_heavy_hex_27,r13,qft,8,3,33,58,26,2.230769230769231
cairo_heavy_hex_27,r13,qft,8,3,44,63,26,2.423076923076923
cairo_heavy_hex_27,r13,qft,8,3,55,52,26,2.0
cairo_heavy_hex_27,r13,qft,12,0,11,215,42,5.119047619047619
cairo_heavy_hex_27,r13,qft,12,0,22,219,42,5.214285714285714
cairo_heavy_hex_27,r13,qft,12,0,33,203,42,4.833333333333333
cairo_heavy_hex_27,r13,qft,12,0,44,225,42,5.357142857142857
cairo_heavy_hex_27,r13,qft,12,0,55,237,42,5.642857142857143
cairo_heavy_hex_27,r13,qft,12,1,11,109,42,2.5952380952380953
cairo_heavy_hex_27,r13,qft,12,1,22,140,42,3.3333333333333335
cairo_heavy_hex_27,r13,qft,12,1,33,153,42,3.642857142857143
cairo_heavy_hex_27,r13,qft,12,1,44,147,42,3.5
cairo_heavy_hex_27,r13,qft,12,1,55,151,42,3.5952380952380953
cairo_heavy_hex_27,r13,qft,12,3,11,118,42,2.8095238095238093
cairo_heavy_hex_27,r13,qft,12,3,22,86,42,2.0476190476190474
cairo_heavy_hex_27,r13,qft,12,3,33,120,42,2.857142857142857
cairo_heavy_hex_27,r13,qft,12,3,44,113,42,2.6904761904761907
cairo_heavy_hex_27,r13,qft,12,3,55,85,42,2.0238095238095237
cairo_heavy_hex_27,r13,qft,16,0,11,332,58,5.724137931034483
cairo_heavy_hex_27,r13,qft,16,0,22,273,58,4.706896551724138
cairo_heavy_hex_27,r13,qft,16,0,33,327,58,5.637931034482759
cairo_heavy_hex_27,r13,qft,16,0,44,331,58,5.706896551724138
cairo_heavy_hex_27,r13,qft,16,0,55,322,58,5.551724137931035
cairo_heavy_hex_27,r13,qft,16,1,11,187,58,3.2241379310344827
cairo_heavy_hex_27,r13,qft,16,1,22,176,58,3.0344827586206895
cairo_heavy_hex_27,r13,qft,16,1,33,171,58,2.9482758620689653
cairo_heavy_hex_27,r13,qft,16,1,44,174,58,3.0
cairo_heavy_hex_27,r13,qft,16,1,55,171,58,2.9482758620689653
cairo_heavy_hex_27,r13,qft,16,3,11,199,58,3.4310344827586206
cairo_heavy_hex_27,r13,qft,16,3,22,150,58,2.586206896551724
cairo_heavy_hex_27,r13,qft,16,3,33,118,58,2.0344827586206895
cairo_heavy_hex_27,r13,qft,16,3,44,125,58,2.1551724137931036
cairo_heavy_hex_27,r13,qft,16,3,55,162,58,2.793103448275862
cairo_heavy_hex_27,r13,qft,20,0,11,533,74,7.202702702702703
cairo_heavy_hex_27,r13,qft,20,0,22,474,74,6.405405405405405
cairo_heavy_hex_27,r13,qft,20,0,33,449,74,6.0675675675675675
cairo_heavy_hex_27,r13,qft,20,0,44,503,74,6.797297297297297
cairo_heavy_hex_27,r13,qft,20,0,55,497,74,6.716216216216216
cairo_heavy_hex_27,r13,qft,20,1,11,240,74,3.2432432432432434
cairo_heavy_hex_27,r13,qft,20,1,22,259,74,3.5
cairo_heavy_hex_27,r13,qft,20,1,33,334,74,4.513513513513513
cairo_heavy_hex_27,r13,qft,20,1,44,248,74,3.3513513513513513
cairo_heavy_hex_27,r13,qft,20,1,55,239,74,3.22972972972973
cairo_heavy_hex_27,r13,qft,20,3,11,196,74,2.6486486486486487
cairo_heavy_hex_27,r13,qft,20,3,22,204,74,2.7567567567567566
cairo_heavy_hex_27,r13,qft,20,3,33,223,74,3.0135135135135136
cairo_heavy_hex_27,r13,qft,20,3,44,218,74,2.945945945945946
cairo_heavy_hex_27,r13,qft,20,3,55,259,74,3.5
cairo_heavy_hex_27,r13,qft,24,0,11,602,90,6.688888888888889
cairo_heavy_hex_27,r13,qft,24,0,22,581,90,6.455555555555556
cairo_heavy_hex_27,r13,qft,24,0,33,534,90,5.933333333333334
cairo_heavy_hex_27,r13,qft,24,0,44,645,90,7.166666666666667
cairo_heavy_hex_27,r13,qft,24,0,55,630,90,7.0
cairo_heavy_hex_27,r13,qft,24,1,11,350,90,3.888888888888889
cairo_heavy_hex_27,r13,qft,24,1,22,400,90,4.444444444444445
cairo_heavy_hex_27,r13,qft,24,1,33,551,90,6.122222222222222
cairo_heavy_hex_27,r13,qft,24,1,44,478,90,5.311111111111111
cairo_heavy_hex_27,r13,qft,24,1,55,384,90,4.266666666666667
cairo_heavy_hex_27,r13,qft,24,3,11,217,90,2.411111111111111
cairo_heavy_hex_27,r13,qft,24,3,22,246,90,2.7333333333333334
cairo_heavy_hex_27,r13,qft,24,3,33,210,90,2.3333333333333335
cairo_heavy_hex_27,r13,qft,24,3,44,295,90,3.2777777777777777
cairo_heavy_hex_27,r13,qft,24,3,55,222,90,2.466666666666667
cairo_heavy_hex_27,r13,ghz_chain,4,0,11,27,3,9.0
cairo_heavy_hex_27,r13,ghz_chain,4,0,22,24,3,8.0
cairo_heavy_hex_27,r13,ghz_chain,4,0,33,24,3,8.0
cairo_heavy_hex_27,r13,ghz_chain,4,0,44,24,3,8.0
cairo_heavy_hex_27,r13,ghz_chain,4,0,55,27,3,9.0
cairo_heavy_hex_27,r13,ghz_chain,4,1,11,3,3,1.0
cairo_heavy_hex_27,r13,ghz_chain,4,1,22,3,3,1.0
cairo_heavy_hex_27,r13,ghz_chain,4,1,33,3,3,1.0
cairo_heavy_hex_27,r13,ghz_chain,4,1,44,3,3,1.0
cairo_heavy_hex_27,r13,ghz_chain,4,1,55,3,3,1.0
cairo_heavy_hex_27,r13,ghz_chain,4,3,11,3,3,1.0
cairo_heavy_hex_27,r13,ghz_chain,4,3,22,3,3,1.0
cairo_heavy_hex_27,r13,ghz_chain,4,3,33,3,3,1.0
cairo_heavy_hex_27,r13,ghz_chain,4,3,44,3,3,1.0
cairo_heavy_hex_27,r13,ghz_chain,4,3,55,3,3,1.0
cairo_heavy_hex_27,r13,ghz_chain,8,0,11,39,7,5.571428571428571
cairo_heavy_hex_27,r13,ghz_chain,8,0,22,43,7,6.142857142857143
cairo_heavy_hex_27,r13,ghz_chain,8,0,33,43,7,6.142857142857143
cairo_heavy_hex_27,r13,ghz_chain,8,0,44,52,7,7.428571428571429
cairo_heavy_hex_27,r13,ghz_chain,8,0,55,55,7,7.857142857142857
cairo_heavy_hex_27,r13,ghz_chain,8,1,11,7,7,1.0
cairo_heavy_hex_27,r13,ghz_chain,8,1,22,7,7,1.0
cairo_heavy_hex_27,r13,ghz_chain,8,1,33,7,7,1.0
cairo_heavy_hex_27,r13,ghz_chain,8,1,44,7,7,1.0
cairo_heavy_hex_27,r13,ghz_chain,8,1,55,7,7,1.0
cairo_heavy_hex_27,r13,ghz_chain,8,3,11,7,7,1.0
cairo_heavy_hex_27,r13,ghz_chain,8,3,22,7,7,1.0
cairo_heavy_hex_27,r13,ghz_chain,8,3,33,7,7,1.0
cairo_heavy_hex_27,r13,ghz_chain,8,3,44,7,7,1.0
cairo_heavy_hex_27,r13,ghz_chain,8,3,55,7,7,1.0
cairo_heavy_hex_27,r13,ghz_chain,12,0,11,58,11,5.2727272727272725
cairo_heavy_hex_27,r13,ghz_chain,12,0,22,72,11,6.545454545454546
cairo_heavy_hex_27,r13,ghz_chain,12,0,33,72,11,6.545454545454546
cairo_heavy_hex_27,r13,ghz_chain,12,0,44,86,11,7.818181818181818
cairo_heavy_hex_27,r13,ghz_chain,12,0,55,71,11,6.454545454545454
cairo_heavy_hex_27,r13,ghz_chain,12,1,11,11,11,1.0
cairo_heavy_hex_27,r13,ghz_chain,12,1,22,11,11,1.0
cairo_heavy_hex_27,r13,ghz_chain,12,1,33,11,11,1.0
cairo_heavy_hex_27,r13,ghz_chain,12,1,44,11,11,1.0
cairo_heavy_hex_27,r13,ghz_chain,12,1,55,11,11,1.0
cairo_heavy_hex_27,r13,ghz_chain,12,3,11,11,11,1.0
cairo_heavy_hex_27,r13,ghz_chain,12,3,22,11,11,1.0
cairo_heavy_hex_27,r13,ghz_chain,12,3,33,11,11,1.0
cairo_heavy_hex_27,r13,ghz_chain,12,3,44,11,11,1.0
cairo_heavy_hex_27,r13,ghz_chain,12,3,55,11,11,1.0
cairo_heavy_hex_27,r13,ghz_chain,16,0,11,71,15,4.733333333333333
cairo_heavy_hex_27,r13,ghz_chain,16,0,22,88,15,5.866666666666666
cairo_heavy_hex_27,r13,ghz_chain,16,0,33,96,15,6.4
cairo_heavy_hex_27,r13,ghz_chain,16,0,44,96,15,6.4
cairo_heavy_hex_27,r13,ghz_chain,16,0,55,101,15,6.733333333333333
cairo_heavy_hex_27,r13,ghz_chain,16,1,11,15,15,1.0
cairo_heavy_hex_27,r13,ghz_chain,16,1,22,15,15,1.0
cairo_heavy_hex_27,r13,ghz_chain,16,1,33,15,15,1.0
cairo_heavy_hex_27,r13,ghz_chain,16,1,44,15,15,1.0
cairo_heavy_hex_27,r13,ghz_chain,16,1,55,15,15,1.0
cairo_heavy_hex_27,r13,ghz_chain,16,3,11,15,15,1.0
cairo_heavy_hex_27,r13,ghz_chain,16,3,22,15,15,1.0
cairo_heavy_hex_27,r13,ghz_chain,16,3,33,15,15,1.0
cairo_heavy_hex_27,r13,ghz_chain,16,3,44,15,15,1.0
cairo_heavy_hex_27,r13,ghz_chain,16,3,55,15,15,1.0
cairo_heavy_hex_27,r13,ghz_chain,20,0,11,101,19,5.315789473684211
cairo_heavy_hex_27,r13,ghz_chain,20,0,22,116,19,6.105263157894737
cairo_heavy_hex_27,r13,ghz_chain,20,0,33,128,19,6.7368421052631575
cairo_heavy_hex_27,r13,ghz_chain,20,0,44,121,19,6.368421052631579
cairo_heavy_hex_27,r13,ghz_chain,20,0,55,132,19,6.947368421052632
cairo_heavy_hex_27,r13,ghz_chain,20,1,11,19,19,1.0
cairo_heavy_hex_27,r13,ghz_chain,20,1,22,19,19,1.0
cairo_heavy_hex_27,r13,ghz_chain,20,1,33,19,19,1.0
cairo_heavy_hex_27,r13,ghz_chain,20,1,44,19,19,1.0
cairo_heavy_hex_27,r13,ghz_chain,20,1,55,19,19,1.0
cairo_heavy_hex_27,r13,ghz_chain,20,3,11,19,19,1.0
cairo_heavy_hex_27,r13,ghz_chain,20,3,22,19,19,1.0
cairo_heavy_hex_27,r13,ghz_chain,20,3,33,19,19,1.0
cairo_heavy_hex_27,r13,ghz_chain,20,3,44,19,19,1.0
cairo_heavy_hex_27,r13,ghz_chain,20,3,55,19,19,1.0
cairo_heavy_hex_27,r13,ghz_chain,24,0,11,129,23,5.608695652173913
cairo_heavy_hex_27,r13,ghz_chain,24,0,22,144,23,6.260869565217392
cairo_heavy_hex_27,r13,ghz_chain,24,0,33,155,23,6.739130434782608
cairo_heavy_hex_27,r13,ghz_chain,24,0,44,152,23,6.608695652173913
cairo_heavy_hex_27,r13,ghz_chain,24,0,55,169,23,7.3478260869565215
cairo_heavy_hex_27,r13,ghz_chain,24,1,11,54,23,2.347826086956522
cairo_heavy_hex_27,r13,ghz_chain,24,1,22,54,23,2.347826086956522
cairo_heavy_hex_27,r13,ghz_chain,24,1,33,54,23,2.347826086956522
cairo_heavy_hex_27,r13,ghz_chain,24,1,44,52,23,2.260869565217391
cairo_heavy_hex_27,r13,ghz_chain,24,1,55,54,23,2.347826086956522
cairo_heavy_hex_27,r13,ghz_chain,24,3,11,52,23,2.260869565217391
cairo_heavy_hex_27,r13,ghz_chain,24,3,22,44,23,1.9130434782608696
cairo_heavy_hex_27,r13,ghz_chain,24,3,33,43,23,1.8695652173913044
cairo_heavy_hex_27,r13,ghz_chain,24,3,44,54,23,2.347826086956522
cairo_heavy_hex_27,r13,ghz_chain,24,3,55,52,23,2.260869565217391
cairo_heavy_hex_27,r13,ghz_star,4,0,11,27,3,9.0
cairo_heavy_hex_27,r13,ghz_star,4,0,22,21,3,7.0
cairo_heavy_hex_27,r13,ghz_star,4,0,33,18,3,6.0
cairo_heavy_hex_27,r13,ghz_star,4,0,44,24,3,8.0
cairo_heavy_hex_27,r13,ghz_star,4,0,55,21,3,7.0
cairo_heavy_hex_27,r13,ghz_star,4,1,11,3,3,1.0
cairo_heavy_hex_27,r13,ghz_star,4,1,22,3,3,1.0
cairo_heavy_hex_27,r13,ghz_star,4,1,33,3,3,1.0
cairo_heavy_hex_27,r13,ghz_star,4,1,44,3,3,1.0
cairo_heavy_hex_27,r13,ghz_star,4,1,55,3,3,1.0
cairo_heavy_hex_27,r13,ghz_star,4,3,11,3,3,1.0
cairo_heavy_hex_27,r13,ghz_star,4,3,22,3,3,1.0
cairo_heavy_hex_27,r13,ghz_star,4,3,33,3,3,1.0
cairo_heavy_hex_27,r13,ghz_star,4,3,44,3,3,1.0
cairo_heavy_hex_27,r13,ghz_star,4,3,55,3,3,1.0
cairo_heavy_hex_27,r13,ghz_star,8,0,11,42,7,6.0
cairo_heavy_hex_27,r13,ghz_star,8,0,22,52,7,7.428571428571429
cairo_heavy_hex_27,r13,ghz_star,8,0,33,46,7,6.571428571428571
cairo_heavy_hex_27,r13,ghz_star,8,0,44,49,7,7.0
cairo_heavy_hex_27,r13,ghz_star,8,0,55,49,7,7.0
cairo_heavy_hex_27,r13,ghz_star,8,1,11,22,7,3.142857142857143
cairo_heavy_hex_27,r13,ghz_star,8,1,22,16,7,2.2857142857142856
cairo_heavy_hex_27,r13,ghz_star,8,1,33,19,7,2.7142857142857144
cairo_heavy_hex_27,r13,ghz_star,8,1,44,16,7,2.2857142857142856
cairo_heavy_hex_27,r13,ghz_star,8,1,55,19,7,2.7142857142857144
cairo_heavy_hex_27,r13,ghz_star,8,3,11,12,7,1.7142857142857142
cairo_heavy_hex_27,r13,ghz_star,8,3,22,12,7,1.7142857142857142
cairo_heavy_hex_27,r13,ghz_star,8,3,33,12,7,1.7142857142857142
cairo_heavy_hex_27,r13,ghz_star,8,3,44,12,7,1.7142857142857142
cairo_heavy_hex_27,r13,ghz_star,8,3,55,12,7,1.7142857142857142
cairo_heavy_hex_27,r13,ghz_star,12,0,11,58,11,5.2727272727272725
cairo_heavy_hex_27,r13,ghz_star,12,0,22,67,11,6.090909090909091
cairo_heavy_hex_27,r13,ghz_star,12,0,33,68,11,6.181818181818182
cairo_heavy_hex_27,r13,ghz_star,12,0,44,83,11,7.545454545454546
cairo_heavy_hex_27,r13,ghz_star,12,0,55,80,11,7.2727272727272725
cairo_heavy_hex_27,r13,ghz_star,12,1,11,33,11,3.0
cairo_heavy_hex_27,r13,ghz_star,12,1,22,31,11,2.8181818181818183
cairo_heavy_hex_27,r13,ghz_star,12,1,33,34,11,3.090909090909091
cairo_heavy_hex_27,r13,ghz_star,12,1,44,28,11,2.5454545454545454
cairo_heavy_hex_27,r13,ghz_star,12,1,55,33,11,3.0
cairo_heavy_hex_27,r13,ghz_star,12,3,11,31,11,2.8181818181818183
cairo_heavy_hex_27,r13,ghz_star,12,3,22,26,11,2.3636363636363638
cairo_heavy_hex_27,r13,ghz_star,12,3,33,31,11,2.8181818181818183
cairo_heavy_hex_27,r13,ghz_star,12,3,44,25,11,2.272727272727273
cairo_heavy_hex_27,r13,ghz_star,12,3,55,30,11,2.727272727272727
cairo_heavy_hex_27,r13,ghz_star,16,0,11,93,15,6.2
cairo_heavy_hex_27,r13,ghz_star,16,0,22,103,15,6.866666666666666
cairo_heavy_hex_27,r13,ghz_star,16,0,33,96,15,6.4
cairo_heavy_hex_27,r13,ghz_star,16,0,44,93,15,6.2
cairo_heavy_hex_27,r13,ghz_star,16,0,55,101,15,6.733333333333333
cairo_heavy_hex_27,r13,ghz_star,16,1,11,55,15,3.6666666666666665
cairo_heavy_hex_27,r13,ghz_star,16,1,22,66,15,4.4
cairo_heavy_hex_27,r13,ghz_star,16,1,33,50,15,3.3333333333333335
cairo_heavy_hex_27,r13,ghz_star,16,1,44,60,15,4.0
cairo_heavy_hex_27,r13,ghz_star,16,1,55,48,15,3.2
cairo_heavy_hex_27,r13,ghz_star,16,3,11,50,15,3.3333333333333335
cairo_heavy_hex_27,r13,ghz_star,16,3,22,47,15,3.1333333333333333
cairo_heavy_hex_27,r13,ghz_star,16,3,33,42,15,2.8
cairo_heavy_hex_27,r13,ghz_star,16,3,44,54,15,3.6
cairo_heavy_hex_27,r13,ghz_star,16,3,55,53,15,3.533333333333333
cairo_heavy_hex_27,r13,ghz_star,20,0,11,109,19,5.7368421052631575
cairo_heavy_hex_27,r13,ghz_star,20,0,22,122,19,6.421052631578948
cairo_heavy_hex_27,r13,ghz_star,20,0,33,118,19,6.2105263157894735
cairo_heavy_hex_27,r13,ghz_star,20,0,44,108,19,5.684210526315789
cairo_heavy_hex_27,r13,ghz_star,20,0,55,129,19,6.7894736842105265
cairo_heavy_hex_27,r13,ghz_star,20,1,11,69,19,3.6315789473684212
cairo_heavy_hex_27,r13,ghz_star,20,1,22,82,19,4.315789473684211
cairo_heavy_hex_27,r13,ghz_star,20,1,33,76,19,4.0
cairo_heavy_hex_27,r13,ghz_star,20,1,44,77,19,4.052631578947368
cairo_heavy_hex_27,r13,ghz_star,20,1,55,67,19,3.526315789473684
cairo_heavy_hex_27,r13,ghz_star,20,3,11,64,19,3.3684210526315788
cairo_heavy_hex_27,r13,ghz_star,20,3,22,68,19,3.5789473684210527
cairo_heavy_hex_27,r13,ghz_star,20,3,33,61,19,3.210526315789474
cairo_heavy_hex_27,r13,ghz_star,20,3,44,72,19,3.789473684210526
cairo_heavy_hex_27,r13,ghz_star,20,3,55,59,19,3.1052631578947367
cairo_heavy_hex_27,r13,ghz_star,24,0,11,140,23,6.086956521739131
cairo_heavy_hex_27,r13,ghz_star,24,0,22,135,23,5.869565217391305
cairo_heavy_hex_27,r13,ghz_star,24,0,33,145,23,6.304347826086956
cairo_heavy_hex_27,r13,ghz_star,24,0,44,162,23,7.043478260869565
cairo_heavy_hex_27,r13,ghz_star,24,0,55,154,23,6.695652173913044
cairo_heavy_hex_27,r13,ghz_star,24,1,11,94,23,4.086956521739131
cairo_heavy_hex_27,r13,ghz_star,24,1,22,96,23,4.173913043478261
cairo_heavy_hex_27,r13,ghz_star,24,1,33,89,23,3.869565217391304
cairo_heavy_hex_27,r13,ghz_star,24,1,44,91,23,3.9565217391304346
cairo_heavy_hex_27,r13,ghz_star,24,1,55,95,23,4.130434782608695
cairo_heavy_hex_27,r13,ghz_star,24,3,11,77,23,3.347826086956522
cairo_heavy_hex_27,r13,ghz_star,24,3,22,74,23,3.217391304347826
cairo_heavy_hex_27,r13,ghz_star,24,3,33,71,23,3.0869565217391304
cairo_heavy_hex_27,r13,ghz_star,24,3,44,74,23,3.217391304347826
cairo_heavy_hex_27,r13,ghz_star,24,3,55,83,23,3.608695652173913
cairo_heavy_hex_27,r13,efficient_su2,4,0,11,35,8,4.375
cairo_heavy_hex_27,r13,efficient_su2,4,0,22,42,8,5.25
cairo_heavy_hex_27,r13,efficient_su2,4,0,33,34,8,4.25
cairo_heavy_hex_27,r13,efficient_su2,4,0,44,39,8,4.875
cairo_heavy_hex_27,r13,efficient_su2,4,0,55,40,8,5.0
cairo_heavy_hex_27,r13,efficient_su2,4,1,11,17,8,2.125
cairo_heavy_hex_27,r13,efficient_su2,4,1,22,19,8,2.375
cairo_heavy_hex_27,r13,efficient_su2,4,1,33,17,8,2.125
cairo_heavy_hex_27,r13,efficient_su2,4,1,44,17,8,2.125
cairo_heavy_hex_27,r13,efficient_su2,4,1,55,17,8,2.125
cairo_heavy_hex_27,r13,efficient_su2,4,3,11,17,8,2.125
cairo_heavy_hex_27,r13,efficient_su2,4,3,22,17,8,2.125
cairo_heavy_hex_27,r13,efficient_su2,4,3,33,17,8,2.125
cairo_heavy_hex_27,r13,efficient_su2,4,3,44,17,8,2.125
cairo_heavy_hex_27,r13,efficient_su2,4,3,55,14,8,1.75
cairo_heavy_hex_27,r13,efficient_su2,8,0,11,75,16,4.6875
cairo_heavy_hex_27,r13,efficient_su2,8,0,22,102,16,6.375
cairo_heavy_hex_27,r13,efficient_su2,8,0,33,100,16,6.25
cairo_heavy_hex_27,r13,efficient_su2,8,0,44,82,16,5.125
cairo_heavy_hex_27,r13,efficient_su2,8,0,55,100,16,6.25
cairo_heavy_hex_27,r13,efficient_su2,8,1,11,40,16,2.5
cairo_heavy_hex_27,r13,efficient_su2,8,1,22,40,16,2.5
cairo_heavy_hex_27,r13,efficient_su2,8,1,33,44,16,2.75
cairo_heavy_hex_27,r13,efficient_su2,8,1,44,37,16,2.3125
cairo_heavy_hex_27,r13,efficient_su2,8,1,55,40,16,2.5
cairo_heavy_hex_27,r13,efficient_su2,8,3,11,40,16,2.5
cairo_heavy_hex_27,r13,efficient_su2,8,3,22,40,16,2.5
cairo_heavy_hex_27,r13,efficient_su2,8,3,33,40,16,2.5
cairo_heavy_hex_27,r13,efficient_su2,8,3,44,40,16,2.5
cairo_heavy_hex_27,r13,efficient_su2,8,3,55,40,16,2.5
cairo_heavy_hex_27,r13,efficient_su2,12,0,11,120,24,5.0
cairo_heavy_hex_27,r13,efficient_su2,12,0,22,118,24,4.916666666666667
cairo_heavy_hex_27,r13,efficient_su2,12,0,33,108,24,4.5
cairo_heavy_hex_27,r13,efficient_su2,12,0,44,122,24,5.083333333333333
cairo_heavy_hex_27,r13,efficient_su2,12,0,55,98,24,4.083333333333333
cairo_heavy_hex_27,r13,efficient_su2,12,1,11,24,24,1.0
cairo_heavy_hex_27,r13,efficient_su2,12,1,22,24,24,1.0
cairo_heavy_hex_27,r13,efficient_su2,12,1,33,24,24,1.0
cairo_heavy_hex_27,r13,efficient_su2,12,1,44,24,24,1.0
cairo_heavy_hex_27,r13,efficient_su2,12,1,55,24,24,1.0
cairo_heavy_hex_27,r13,efficient_su2,12,3,11,24,24,1.0
cairo_heavy_hex_27,r13,efficient_su2,12,3,22,24,24,1.0
cairo_heavy_hex_27,r13,efficient_su2,12,3,33,24,24,1.0
cairo_heavy_hex_27,r13,efficient_su2,12,3,44,24,24,1.0
cairo_heavy_hex_27,r13,efficient_su2,12,3,55,24,24,1.0
cairo_heavy_hex_27,r13,efficient_su2,16,0,11,176,32,5.5
cairo_heavy_hex_27,r13,efficient_su2,16,0,22,165,32,5.15625
cairo_heavy_hex_27,r13,efficient_su2,16,0,33,179,32,5.59375
cairo_heavy_hex_27,r13,efficient_su2,16,0,44,159,32,4.96875
cairo_heavy_hex_27,r13,efficient_su2,16,0,55,206,32,6.4375
cairo_heavy_hex_27,r13,efficient_su2,16,1,11,96,32,3.0
cairo_heavy_hex_27,r13,efficient_su2,16,1,22,80,32,2.5
cairo_heavy_hex_27,r13,efficient_su2,16,1,33,74,32,2.3125
cairo_heavy_hex_27,r13,efficient_su2,16,1,44,99,32,3.09375
cairo_heavy_hex_27,r13,efficient_su2,16,1,55,90,32,2.8125
cairo_heavy_hex_27,r13,efficient_su2,16,3,11,86,32,2.6875
cairo_heavy_hex_27,r13,efficient_su2,16,3,22,72,32,2.25
cairo_heavy_hex_27,r13,efficient_su2,16,3,33,64,32,2.0
cairo_heavy_hex_27,r13,efficient_su2,16,3,44,64,32,2.0
cairo_heavy_hex_27,r13,efficient_su2,16,3,55,93,32,2.90625
cairo_heavy_hex_27,r13,efficient_su2,20,0,11,222,40,5.55
cairo_heavy_hex_27,r13,efficient_su2,20,0,22,217,40,5.425
cairo_heavy_hex_27,r13,efficient_su2,20,0,33,226,40,5.65
cairo_heavy_hex_27,r13,efficient_su2,20,0,44,223,40,5.575
cairo_heavy_hex_27,r13,efficient_su2,20,0,55,208,40,5.2
cairo_heavy_hex_27,r13,efficient_su2,20,1,11,40,40,1.0
cairo_heavy_hex_27,r13,efficient_su2,20,1,22,40,40,1.0
cairo_heavy_hex_27,r13,efficient_su2,20,1,33,40,40,1.0
cairo_heavy_hex_27,r13,efficient_su2,20,1,44,40,40,1.0
cairo_heavy_hex_27,r13,efficient_su2,20,1,55,40,40,1.0
cairo_heavy_hex_27,r13,efficient_su2,20,3,11,40,40,1.0
cairo_heavy_hex_27,r13,efficient_su2,20,3,22,40,40,1.0
cairo_heavy_hex_27,r13,efficient_su2,20,3,33,40,40,1.0
cairo_heavy_hex_27,r13,efficient_su2,20,3,44,40,40,1.0
cairo_heavy_hex_27,r13,efficient_su2,20,3,55,40,40,1.0
cairo_heavy_hex_27,r13,efficient_su2,24,0,11,264,48,5.5
cairo_heavy_hex_27,r13,efficient_su2,24,0,22,279,48,5.8125
cairo_heavy_hex_27,r13,efficient_su2,24,0,33,265,48,5.520833333333333
cairo_heavy_hex_27,r13,efficient_su2,24,0,44,249,48,5.1875
cairo_heavy_hex_27,r13,efficient_su2,24,0,55,264,48,5.5
cairo_heavy_hex_27,r13,efficient_su2,24,1,11,127,48,2.6458333333333335
cairo_heavy_hex_27,r13,efficient_su2,24,1,22,126,48,2.625
cairo_heavy_hex_27,r13,efficient_su2,24,1,33,127,48,2.6458333333333335
cairo_heavy_hex_27,r13,efficient_su2,24,1,44,130,48,2.7083333333333335
cairo_heavy_hex_27,r13,efficient_su2,24,1,55,131,48,2.7291666666666665
cairo_heavy_hex_27,r13,efficient_su2,24,3,11,113,48,2.3541666666666665
cairo_heavy_hex_27,r13,efficient_su2,24,3,22,113,48,2.3541666666666665
cairo_heavy_hex_27,r13,efficient_su2,24,3,33,89,48,1.8541666666666667
cairo_heavy_hex_27,r13,efficient_su2,24,3,44,114,48,2.375
cairo_heavy_hex_27,r13,efficient_su2,24,3,55,111,48,2.3125
cairo_heavy_hex_27,r14,qft,4,0,11,38,10,3.8
cairo_heavy_hex_27,r14,qft,4,0,22,36,10,3.6
cairo_heavy_hex_27,r14,qft,4,0,33,34,10,3.4
cairo_heavy_hex_27,r14,qft,4,0,44,36,10,3.6
cairo_heavy_hex_27,r14,qft,4,0,55,34,10,3.4
cairo_heavy_hex_27,r14,qft,4,1,11,18,10,1.8
cairo_heavy_hex_27,r14,qft,4,1,22,18,10,1.8
cairo_heavy_hex_27,r14,qft,4,1,33,18,10,1.8
cairo_heavy_hex_27,r14,qft,4,1,44,18,10,1.8
cairo_heavy_hex_27,r14,qft,4,1,55,18,10,1.8
cairo_heavy_hex_27,r14,qft,4,3,11,18,10,1.8
cairo_heavy_hex_27,r14,qft,4,3,22,18,10,1.8
cairo_heavy_hex_27,r14,qft,4,3,33,18,10,1.8
cairo_heavy_hex_27,r14,qft,4,3,44,18,10,1.8
cairo_heavy_hex_27,r14,qft,4,3,55,18,10,1.8
cairo_heavy_hex_27,r14,qft,8,0,11,137,26,5.269230769230769
cairo_heavy_hex_27,r14,qft,8,0,22,118,26,4.538461538461538
cairo_heavy_hex_27,r14,qft,8,0,33,126,26,4.846153846153846
cairo_heavy_hex_27,r14,qft,8,0,44,121,26,4.653846153846154
cairo_heavy_hex_27,r14,qft,8,0,55,136,26,5.230769230769231
cairo_heavy_hex_27,r14,qft,8,1,11,80,26,3.076923076923077
cairo_heavy_hex_27,r14,qft,8,1,22,66,26,2.5384615384615383
cairo_heavy_hex_27,r14,qft,8,1,33,90,26,3.4615384615384617
cairo_heavy_hex_27,r14,qft,8,1,44,64,26,2.4615384615384617
cairo_heavy_hex_27,r14,qft,8,1,55,71,26,2.730769230769231
cairo_heavy_hex_27,r14,qft,8,3,11,58,26,2.230769230769231
cairo_heavy_hex_27,r14,qft,8,3,22,66,26,2.5384615384615383
cairo_heavy_hex_27,r14,qft,8,3,33,52,26,2.0
cairo_heavy_hex_27,r14,qft,8,3,44,60,26,2.3076923076923075
cairo_heavy_hex_27,r14,qft,8,3,55,58,26,2.230769230769231
cairo_heavy_hex_27,r14,qft,12,0,11,254,42,6.0476190476190474
cairo_heavy_hex_27,r14,qft,12,0,22,256,42,6.095238095238095
cairo_heavy_hex_27,r14,qft,12,0,33,262,42,6.238095238095238
cairo_heavy_hex_27,r14,qft,12,0,44,220,42,5.238095238095238
cairo_heavy_hex_27,r14,qft,12,0,55,235,42,5.595238095238095
cairo_heavy_hex_27,r14,qft,12,1,11,115,42,2.738095238095238
cairo_heavy_hex_27,r14,qft,12,1,22,131,42,3.119047619047619
cairo_heavy_hex_27,r14,qft,12,1,33,150,42,3.5714285714285716
cairo_heavy_hex_27,r14,qft,12,1,44,136,42,3.238095238095238
cairo_heavy_hex_27,r14,qft,12,1,55,130,42,3.0952380952380953
cairo_heavy_hex_27,r14,qft,12,3,11,117,42,2.7857142857142856
cairo_heavy_hex_27,r14,qft,12,3,22,102,42,2.4285714285714284
cairo_heavy_hex_27,r14,qft,12,3,33,121,42,2.880952380952381
cairo_heavy_hex_27,r14,qft,12,3,44,118,42,2.8095238095238093
cairo_heavy_hex_27,r14,qft,12,3,55,118,42,2.8095238095238093
cairo_heavy_hex_27,r14,qft,16,0,11,318,58,5.482758620689655
cairo_heavy_hex_27,r14,qft,16,0,22,297,58,5.120689655172414
cairo_heavy_hex_27,r14,qft,16,0,33,348,58,6.0
cairo_heavy_hex_27,r14,qft,16,0,44,320,58,5.517241379310345
cairo_heavy_hex_27,r14,qft,16,0,55,309,58,5.327586206896552
cairo_heavy_hex_27,r14,qft,16,1,11,200,58,3.4482758620689653
cairo_heavy_hex_27,r14,qft,16,1,22,217,58,3.7413793103448274
cairo_heavy_hex_27,r14,qft,16,1,33,264,58,4.551724137931035
cairo_heavy_hex_27,r14,qft,16,1,44,277,58,4.775862068965517
cairo_heavy_hex_27,r14,qft,16,1,55,216,58,3.7241379310344827
cairo_heavy_hex_27,r14,qft,16,3,11,169,58,2.913793103448276
cairo_heavy_hex_27,r14,qft,16,3,22,201,58,3.4655172413793105
cairo_heavy_hex_27,r14,qft,16,3,33,152,58,2.6206896551724137
cairo_heavy_hex_27,r14,qft,16,3,44,162,58,2.793103448275862
cairo_heavy_hex_27,r14,qft,16,3,55,168,58,2.896551724137931
cairo_heavy_hex_27,r14,qft,20,0,11,523,74,7.0675675675675675
cairo_heavy_hex_27,r14,qft,20,0,22,399,74,5.391891891891892
cairo_heavy_hex_27,r14,qft,20,0,33,494,74,6.675675675675675
cairo_heavy_hex_27,r14,qft,20,0,44,500,74,6.756756756756757
cairo_heavy_hex_27,r14,qft,20,0,55,490,74,6.621621621621622
cairo_heavy_hex_27,r14,qft,20,1,11,221,74,2.9864864864864864
cairo_heavy_hex_27,r14,qft,20,1,22,222,74,3.0
cairo_heavy_hex_27,r14,qft,20,1,33,207,74,2.7972972972972974
cairo_heavy_hex_27,r14,qft,20,1,44,217,74,2.9324324324324325
cairo_heavy_hex_27,r14,qft,20,1,55,255,74,3.445945945945946
cairo_heavy_hex_27,r14,qft,20,3,11,192,74,2.5945945945945947
cairo_heavy_hex_27,r14,qft,20,3,22,212,74,2.864864864864865
cairo_heavy_hex_27,r14,qft,20,3,33,198,74,2.675675675675676
cairo_heavy_hex_27,r14,qft,20,3,44,210,74,2.8378378378378377
cairo_heavy_hex_27,r14,qft,20,3,55,208,74,2.810810810810811
cairo_heavy_hex_27,r14,qft,24,0,11,664,90,7.377777777777778
cairo_heavy_hex_27,r14,qft,24,0,22,581,90,6.455555555555556
cairo_heavy_hex_27,r14,qft,24,0,33,658,90,7.311111111111111
cairo_heavy_hex_27,r14,qft,24,0,44,655,90,7.277777777777778
cairo_heavy_hex_27,r14,qft,24,0,55,650,90,7.222222222222222
cairo_heavy_hex_27,r14,qft,24,1,11,355,90,3.9444444444444446
cairo_heavy_hex_27,r14,qft,24,1,22,356,90,3.9555555555555557
cairo_heavy_hex_27,r14,qft,24,1,33,359,90,3.988888888888889
cairo_heavy_hex_27,r14,qft,24,1,44,408,90,4.533333333333333
cairo_heavy_hex_27,r14,qft,24,1,55,377,90,4.188888888888889
cairo_heavy_hex_27,r14,qft,24,3,11,257,90,2.8555555555555556
cairo_heavy_hex_27,r14,qft,24,3,22,258,90,2.8666666666666667
cairo_heavy_hex_27,r14,qft,24,3,33,218,90,2.422222222222222
cairo_heavy_hex_27,r14,qft,24,3,44,303,90,3.3666666666666667
cairo_heavy_hex_27,r14,qft,24,3,55,239,90,2.6555555555555554
cairo_heavy_hex_27,r14,ghz_chain,4,0,11,21,3,7.0
cairo_heavy_hex_27,r14,ghz_chain,4,0,22,18,3,6.0
cairo_heavy_hex_27,r14,ghz_chain,4,0,33,21,3,7.0
cairo_heavy_hex_27,r14,ghz_chain,4,0,44,24,3,8.0
cairo_heavy_hex_27,r14,ghz_chain,4,0,55,18,3,6.0
cairo_heavy_hex_27,r14,ghz_chain,4,1,11,3,3,1.0
cairo_heavy_hex_27,r14,ghz_chain,4,1,22,3,3,1.0
cairo_heavy_hex_27,r14,ghz_chain,4,1,33,3,3,1.0
cairo_heavy_hex_27,r14,ghz_chain,4,1,44,3,3,1.0
cairo_heavy_hex_27,r14,ghz_chain,4,1,55,3,3,1.0
cairo_heavy_hex_27,r14,ghz_chain,4,3,11,3,3,1.0
cairo_heavy_hex_27,r14,ghz_chain,4,3,22,3,3,1.0
cairo_heavy_hex_27,r14,ghz_chain,4,3,33,3,3,1.0
cairo_heavy_hex_27,r14,ghz_chain,4,3,44,3,3,1.0
cairo_heavy_hex_27,r14,ghz_chain,4,3,55,3,3,1.0
cairo_heavy_hex_27,r14,ghz_chain,8,0,11,52,7,7.428571428571429
cairo_heavy_hex_27,r14,ghz_chain,8,0,22,49,7,7.0
cairo_heavy_hex_27,r14,ghz_chain,8,0,33,46,7,6.571428571428571
cairo_heavy_hex_27,r14,ghz_chain,8,0,44,46,7,6.571428571428571
cairo_heavy_hex_27,r14,ghz_chain,8,0,55,58,7,8.285714285714286
cairo_heavy_hex_27,r14,ghz_chain,8,1,11,7,7,1.0
cairo_heavy_hex_27,r14,ghz_chain,8,1,22,7,7,1.0
cairo_heavy_hex_27,r14,ghz_chain,8,1,33,7,7,1.0
cairo_heavy_hex_27,r14,ghz_chain,8,1,44,7,7,1.0
cairo_heavy_hex_27,r14,ghz_chain,8,1,55,7,7,1.0
cairo_heavy_hex_27,r14,ghz_chain,8,3,11,7,7,1.0
cairo_heavy_hex_27,r14,ghz_chain,8,3,22,7,7,1.0
cairo_heavy_hex_27,r14,ghz_chain,8,3,33,7,7,1.0
cairo_heavy_hex_27,r14,ghz_chain,8,3,44,7,7,1.0
cairo_heavy_hex_27,r14,ghz_chain,8,3,55,7,7,1.0
cairo_heavy_hex_27,r14,ghz_chain,12,0,11,74,11,6.7272727272727275
cairo_heavy_hex_27,r14,ghz_chain,12,0,22,83,11,7.545454545454546
cairo_heavy_hex_27,r14,ghz_chain,12,0,33,74,11,6.7272727272727275
cairo_heavy_hex_27,r14,ghz_chain,12,0,44,74,11,6.7272727272727275
cairo_heavy_hex_27,r14,ghz_chain,12,0,55,82,11,7.454545454545454
cairo_heavy_hex_27,r14,ghz_chain,12,1,11,11,11,1.0
cairo_heavy_hex_27,r14,ghz_chain,12,1,22,11,11,1.0
cairo_heavy_hex_27,r14,ghz_chain,12,1,33,11,11,1.0
cairo_heavy_hex_27,r14,ghz_chain,12,1,44,11,11,1.0
cairo_heavy_hex_27,r14,ghz_chain,12,1,55,11,11,1.0
cairo_heavy_hex_27,r14,ghz_chain,12,3,11,11,11,1.0
cairo_heavy_hex_27,r14,ghz_chain,12,3,22,11,11,1.0
cairo_heavy_hex_27,r14,ghz_chain,12,3,33,11,11,1.0
cairo_heavy_hex_27,r14,ghz_chain,12,3,44,11,11,1.0
cairo_heavy_hex_27,r14,ghz_chain,12,3,55,11,11,1.0
cairo_heavy_hex_27,r14,ghz_chain,16,0,11,95,15,6.333333333333333
cairo_heavy_hex_27,r14,ghz_chain,16,0,22,108,15,7.2
cairo_heavy_hex_27,r14,ghz_chain,16,0,33,105,15,7.0
cairo_heavy_hex_27,r14,ghz_chain,16,0,44,91,15,6.066666666666666
cairo_heavy_hex_27,r14,ghz_chain,16,0,55,110,15,7.333333333333333
cairo_heavy_hex_27,r14,ghz_chain,16,1,11,15,15,1.0
cairo_heavy_hex_27,r14,ghz_chain,16,1,22,15,15,1.0
cairo_heavy_hex_27,r14,ghz_chain,16,1,33,15,15,1.0
cairo_heavy_hex_27,r14,ghz_chain,16,1,44,15,15,1.0
cairo_heavy_hex_27,r14,ghz_chain,16,1,55,15,15,1.0
cairo_heavy_hex_27,r14,ghz_chain,16,3,11,15,15,1.0
cairo_heavy_hex_27,r14,ghz_chain,16,3,22,15,15,1.0
cairo_heavy_hex_27,r14,ghz_chain,16,3,33,15,15,1.0
cairo_heavy_hex_27,r14,ghz_chain,16,3,44,15,15,1.0
cairo_heavy_hex_27,r14,ghz_chain,16,3,55,15,15,1.0
cairo_heavy_hex_27,r14,ghz_chain,20,0,11,123,19,6.473684210526316
cairo_heavy_hex_27,r14,ghz_chain,20,0,22,157,19,8.263157894736842
cairo_heavy_hex_27,r14,ghz_chain,20,0,33,142,19,7.473684210526316
cairo_heavy_hex_27,r14,ghz_chain,20,0,44,125,19,6.578947368421052
cairo_heavy_hex_27,r14,ghz_chain,20,0,55,138,19,7.2631578947368425
cairo_heavy_hex_27,r14,ghz_chain,20,1,11,19,19,1.0
cairo_heavy_hex_27,r14,ghz_chain,20,1,22,19,19,1.0
cairo_heavy_hex_27,r14,ghz_chain,20,1,33,19,19,1.0
cairo_heavy_hex_27,r14,ghz_chain,20,1,44,19,19,1.0
cairo_heavy_hex_27,r14,ghz_chain,20,1,55,19,19,1.0
cairo_heavy_hex_27,r14,ghz_chain,20,3,11,19,19,1.0
cairo_heavy_hex_27,r14,ghz_chain,20,3,22,19,19,1.0
cairo_heavy_hex_27,r14,ghz_chain,20,3,33,19,19,1.0
cairo_heavy_hex_27,r14,ghz_chain,20,3,44,19,19,1.0
cairo_heavy_hex_27,r14,ghz_chain,20,3,55,19,19,1.0
cairo_heavy_hex_27,r14,ghz_chain,24,0,11,136,23,5.913043478260869
cairo_heavy_hex_27,r14,ghz_chain,24,0,22,185,23,8.043478260869565
cairo_heavy_hex_27,r14,ghz_chain,24,0,33,168,23,7.304347826086956
cairo_heavy_hex_27,r14,ghz_chain,24,0,44,179,23,7.782608695652174
cairo_heavy_hex_27,r14,ghz_chain,24,0,55,160,23,6.956521739130435
cairo_heavy_hex_27,r14,ghz_chain,24,1,11,53,23,2.3043478260869565
cairo_heavy_hex_27,r14,ghz_chain,24,1,22,53,23,2.3043478260869565
cairo_heavy_hex_27,r14,ghz_chain,24,1,33,53,23,2.3043478260869565
cairo_heavy_hex_27,r14,ghz_chain,24,1,44,53,23,2.3043478260869565
cairo_heavy_hex_27,r14,ghz_chain,24,1,55,53,23,2.3043478260869565
cairo_heavy_hex_27,r14,ghz_chain,24,3,11,49,23,2.130434782608696
cairo_heavy_hex_27,r14,ghz_chain,24,3,22,53,23,2.3043478260869565
cairo_heavy_hex_27,r14,ghz_chain,24,3,33,56,23,2.4347826086956523
cairo_heavy_hex_27,r14,ghz_chain,24,3,44,52,23,2.260869565217391
cairo_heavy_hex_27,r14,ghz_chain,24,3,55,53,23,2.3043478260869565
cairo_heavy_hex_27,r14,ghz_star,4,0,11,18,3,6.0
cairo_heavy_hex_27,r14,ghz_star,4,0,22,15,3,5.0
cairo_heavy_hex_27,r14,ghz_star,4,0,33,18,3,6.0
cairo_heavy_hex_27,r14,ghz_star,4,0,44,21,3,7.0
cairo_heavy_hex_27,r14,ghz_star,4,0,55,18,3,6.0
cairo_heavy_hex_27,r14,ghz_star,4,1,11,3,3,1.0
cairo_heavy_hex_27,r14,ghz_star,4,1,22,3,3,1.0
cairo_heavy_hex_27,r14,ghz_star,4,1,33,3,3,1.0
cairo_heavy_hex_27,r14,ghz_star,4,1,44,3,3,1.0
cairo_heavy_hex_27,r14,ghz_star,4,1,55,3,3,1.0
cairo_heavy_hex_27,r14,ghz_star,4,3,11,3,3,1.0
cairo_heavy_hex_27,r14,ghz_star,4,3,22,3,3,1.0
cairo_heavy_hex_27,r14,ghz_star,4,3,33,3,3,1.0
cairo_heavy_hex_27,r14,ghz_star,4,3,44,3,3,1.0
cairo_heavy_hex_27,r14,ghz_star,4,3,55,3,3,1.0
cairo_heavy_hex_27,r14,ghz_star,8,0,11,37,7,5.285714285714286
cairo_heavy_hex_27,r14,ghz_star,8,0,22,34,7,4.857142857142857
cairo_heavy_hex_27,r14,ghz_star,8,0,33,46,7,6.571428571428571
cairo_heavy_hex_27,r14,ghz_star,8,0,44,49,7,7.0
cairo_heavy_hex_27,r14,ghz_star,8,0,55,46,7,6.571428571428571
cairo_heavy_hex_27,r14,ghz_star,8,1,11,19,7,2.7142857142857144
cairo_heavy_hex_27,r14,ghz_star,8,1,22,16,7,2.2857142857142856
cairo_heavy_hex_27,r14,ghz_star,8,1,33,19,7,2.7142857142857144
cairo_heavy_hex_27,r14,ghz_star,8,1,44,16,7,2.2857142857142856
cairo_heavy_hex_27,r14,ghz_star,8,1,55,21,7,3.0
cairo_heavy_hex_27,r14,ghz_star,8,3,11,11,7,1.5714285714285714
cairo_heavy_hex_27,r14,ghz_star,8,3,22,13,7,1.8571428571428572
cairo_heavy_hex_27,r14,ghz_star,8,3,33,13,7,1.8571428571428572
cairo_heavy_hex_27,r14,ghz_star,8,3,44,12,7,1.7142857142857142
cairo_heavy_hex_27,r14,ghz_star,8,3,55,13,7,1.8571428571428572
cairo_heavy_hex_27,r14,ghz_star,12,0,11,55,11,5.0
cairo_heavy_hex_27,r14,ghz_star,12,0,22,71,11,6.454545454545454
cairo_heavy_hex_27,r14,ghz_star,12,0,33,74,11,6.7272727272727275
cairo_heavy_hex_27,r14,ghz_star,12,0,44,76,11,6.909090909090909
cairo_heavy_hex_27,r14,ghz_star,12,0,55,77,11,7.0
cairo_heavy_hex_27,r14,ghz_star,12,1,11,28,11,2.5454545454545454
cairo_heavy_hex_27,r14,ghz_star,12,1,22,41,11,3.727272727272727
cairo_heavy_hex_27,r14,ghz_star,12,1,33,40,11,3.6363636363636362
cairo_heavy_hex_27,r14,ghz_star,12,1,44,34,11,3.090909090909091
cairo_heavy_hex_27,r14,ghz_star,12,1,55,34,11,3.090909090909091
cairo_heavy_hex_27,r14,ghz_star,12,3,11,27,11,2.4545454545454546
cairo_heavy_hex_27,r14,ghz_star,12,3,22,30,11,2.727272727272727
cairo_heavy_hex_27,r14,ghz_star,12,3,33,25,11,2.272727272727273
cairo_heavy_hex_27,r14,ghz_star,12,3,44,21,11,1.9090909090909092
cairo_heavy_hex_27,r14,ghz_star,12,3,55,25,11,2.272727272727273
cairo_heavy_hex_27,r14,ghz_star,16,0,11,86,15,5.733333333333333
cairo_heavy_hex_27,r14,ghz_star,16,0,22,93,15,6.2
cairo_heavy_hex_27,r14,ghz_star,16,0,33,108,15,7.2
cairo_heavy_hex_27,r14,ghz_star,16,0,44,93,15,6.2
cairo_heavy_hex_27,r14,ghz_star,16,0,55,114,15,7.6
cairo_heavy_hex_27,r14,ghz_star,16,1,11,47,15,3.1333333333333333
cairo_heavy_hex_27,r14,ghz_star,16,1,22,51,15,3.4
cairo_heavy_hex_27,r14,ghz_star,16,1,33,51,15,3.4
cairo_heavy_hex_27,r14,ghz_star,16,1,44,50,15,3.3333333333333335
cairo_heavy_hex_27,r14,ghz_star,16,1,55,50,15,3.3333333333333335
cairo_heavy_hex_27,r14,ghz_star,16,3,11,41,15,2.7333333333333334
cairo_heavy_hex_27,r14,ghz_star,16,3,22,47,15,3.1333333333333333
cairo_heavy_hex_27,r14,ghz_star,16,3,33,46,15,3.066666666666667
cairo_heavy_hex_27,r14,ghz_star,16,3,44,44,15,2.933333333333333
cairo_heavy_hex_27,r14,ghz_star,16,3,55,45,15,3.0
cairo_heavy_hex_27,r14,ghz_star,20,0,11,145,19,7.631578947368421
cairo_heavy_hex_27,r14,ghz_star,20,0,22,130,19,6.842105263157895
cairo_heavy_hex_27,r14,ghz_star,20,0,33,147,19,7.7368421052631575
cairo_heavy_hex_27,r14,ghz_star,20,0,44,129,19,6.7894736842105265
cairo_heavy_hex_27,r14,ghz_star,20,0,55,141,19,7.421052631578948
cairo_heavy_hex_27,r14,ghz_star,20,1,11,70,19,3.6842105263157894
cairo_heavy_hex_27,r14,ghz_star,20,1,22,67,19,3.526315789473684
cairo_heavy_hex_27,r14,ghz_star,20,1,33,72,19,3.789473684210526
cairo_heavy_hex_27,r14,ghz_star,20,1,44,73,19,3.8421052631578947
cairo_heavy_hex_27,r14,ghz_star,20,1,55,83,19,4.368421052631579
cairo_heavy_hex_27,r14,ghz_star,20,3,11,63,19,3.3157894736842106
cairo_heavy_hex_27,r14,ghz_star,20,3,22,62,19,3.263157894736842
cairo_heavy_hex_27,r14,ghz_star,20,3,33,61,19,3.210526315789474
cairo_heavy_hex_27,r14,ghz_star,20,3,44,58,19,3.0526315789473686
cairo_heavy_hex_27,r14,ghz_star,20,3,55,60,19,3.1578947368421053
cairo_heavy_hex_27,r14,ghz_star,24,0,11,156,23,6.782608695652174
cairo_heavy_hex_27,r14,ghz_star,24,0,22,173,23,7.521739130434782
cairo_heavy_hex_27,r14,ghz_star,24,0,33,172,23,7.478260869565218
cairo_heavy_hex_27,r14,ghz_star,24,0,44,148,23,6.434782608695652
cairo_heavy_hex_27,r14,ghz_star,24,0,55,148,23,6.434782608695652
cairo_heavy_hex_27,r14,ghz_star,24,1,11,95,23,4.130434782608695
cairo_heavy_hex_27,r14,ghz_star,24,1,22,76,23,3.3043478260869565
cairo_heavy_hex_27,r14,ghz_star,24,1,33,83,23,3.608695652173913
cairo_heavy_hex_27,r14,ghz_star,24,1,44,98,23,4.260869565217392
cairo_heavy_hex_27,r14,ghz_star,24,1,55,104,23,4.521739130434782
cairo_heavy_hex_27,r14,ghz_star,24,3,11,83,23,3.608695652173913
cairo_heavy_hex_27,r14,ghz_star,24,3,22,78,23,3.391304347826087
cairo_heavy_hex_27,r14,ghz_star,24,3,33,76,23,3.3043478260869565
cairo_heavy_hex_27,r14,ghz_star,24,3,44,75,23,3.260869565217391
cairo_heavy_hex_27,r14,ghz_star,24,3,55,70,23,3.0434782608695654
cairo_heavy_hex_27,r14,efficient_su2,4,0,11,49,8,6.125
cairo_heavy_hex_27,r14,efficient_su2,4,0,22,41,8,5.125
cairo_heavy_hex_27,r14,efficient_su2,4,0,33,32,8,4.0
cairo_heavy_hex_27,r14,efficient_su2,4,0,44,41,8,5.125
cairo_heavy_hex_27,r14,efficient_su2,4,0,55,37,8,4.625
cairo_heavy_hex_27,r14,efficient_su2,4,1,11,17,8,2.125
cairo_heavy_hex_27,r14,efficient_su2,4,1,22,17,8,2.125
cairo_heavy_hex_27,r14,efficient_su2,4,1,33,17,8,2.125
cairo_heavy_hex_27,r14,efficient_su2,4,1,44,16,8,2.0
cairo_heavy_hex_27,r14,efficient_su2,4,1,55,17,8,2.125
cairo_heavy_hex_27,r14,efficient_su2,4,3,11,17,8,2.125
cairo_heavy_hex_27,r14,efficient_su2,4,3,22,17,8,2.125
cairo_heavy_hex_27,r14,efficient_su2,4,3,33,17,8,2.125
cairo_heavy_hex_27,r14,efficient_su2,4,3,44,17,8,2.125
cairo_heavy_hex_27,r14,efficient_su2,4,3,55,17,8,2.125
cairo_heavy_hex_27,r14,efficient_su2,8,0,11,89,16,5.5625
cairo_heavy_hex_27,r14,efficient_su2,8,0,22,94,16,5.875
cairo_heavy_hex_27,r14,efficient_su2,8,0,33,91,16,5.6875
cairo_heavy_hex_27,r14,efficient_su2,8,0,44,85,16,5.3125
cairo_heavy_hex_27,r14,efficient_su2,8,0,55,76,16,4.75
cairo_heavy_hex_27,r14,efficient_su2,8,1,11,40,16,2.5
cairo_heavy_hex_27,r14,efficient_su2,8,1,22,40,16,2.5
cairo_heavy_hex_27,r14,efficient_su2,8,1,33,40,16,2.5
cairo_heavy_hex_27,r14,efficient_su2,8,1,44,40,16,2.5
cairo_heavy_hex_27,r14,efficient_su2,8,1,55,36,16,2.25
cairo_heavy_hex_27,r14,efficient_su2,8,3,11,40,16,2.5
cairo_heavy_hex_27,r14,efficient_su2,8,3,22,40,16,2.5
cairo_heavy_hex_27,r14,efficient_su2,8,3,33,40,16,2.5
cairo_heavy_hex_27,r14,efficient_su2,8,3,44,40,16,2.5
cairo_heavy_hex_27,r14,efficient_su2,8,3,55,40,16,2.5
cairo_heavy_hex_27,r14,efficient_su2,12,0,11,110,24,4.583333333333333
cairo_heavy_hex_27,r14,efficient_su2,12,0,22,146,24,6.083333333333333
cairo_heavy_hex_27,r14,efficient_su2,12,0,33,140,24,5.833333333333333
cairo_heavy_hex_27,r14,efficient_su2,12,0,44,124,24,5.166666666666667
cairo_heavy_hex_27,r14,efficient_su2,12,0,55,138,24,5.75
cairo_heavy_hex_27,r14,efficient_su2,12,1,11,24,24,1.0
cairo_heavy_hex_27,r14,efficient_su2,12,1,22,24,24,1.0
cairo_heavy_hex_27,r14,efficient_su2,12,1,33,24,24,1.0
cairo_heavy_hex_27,r14,efficient_su2,12,1,44,24,24,1.0
cairo_heavy_hex_27,r14,efficient_su2,12,1,55,24,24,1.0
cairo_heavy_hex_27,r14,efficient_su2,12,3,11,24,24,1.0
cairo_heavy_hex_27,r14,efficient_su2,12,3,22,24,24,1.0
cairo_heavy_hex_27,r14,efficient_su2,12,3,33,24,24,1.0
cairo_heavy_hex_27,r14,efficient_su2,12,3,44,24,24,1.0
cairo_heavy_hex_27,r14,efficient_su2,12,3,55,24,24,1.0
cairo_heavy_hex_27,r14,efficient_su2,16,0,11,183,32,5.71875
cairo_heavy_hex_27,r14,efficient_su2,16,0,22,232,32,7.25
cairo_heavy_hex_27,r14,efficient_su2,16,0,33,189,32,5.90625
cairo_heavy_hex_27,r14,efficient_su2,16,0,44,159,32,4.96875
cairo_heavy_hex_27,r14,efficient_su2,16,0,55,200,32,6.25
cairo_heavy_hex_27,r14,efficient_su2,16,1,11,56,32,1.75
cairo_heavy_hex_27,r14,efficient_su2,16,1,22,80,32,2.5
cairo_heavy_hex_27,r14,efficient_su2,16,1,33,56,32,1.75
cairo_heavy_hex_27,r14,efficient_su2,16,1,44,98,32,3.0625
cairo_heavy_hex_27,r14,efficient_su2,16,1,55,56,32,1.75
cairo_heavy_hex_27,r14,efficient_su2,16,3,11,56,32,1.75
cairo_heavy_hex_27,r14,efficient_su2,16,3,22,74,32,2.3125
cairo_heavy_hex_27,r14,efficient_su2,16,3,33,40,32,1.25
cairo_heavy_hex_27,r14,efficient_su2,16,3,44,94,32,2.9375
cairo_heavy_hex_27,r14,efficient_su2,16,3,55,40,32,1.25
cairo_heavy_hex_27,r14,efficient_su2,20,0,11,241,40,6.025
cairo_heavy_hex_27,r14,efficient_su2,20,0,22,245,40,6.125
cairo_heavy_hex_27,r14,efficient_su2,20,0,33,255,40,6.375
cairo_heavy_hex_27,r14,efficient_su2,20,0,44,247,40,6.175
cairo_heavy_hex_27,r14,efficient_su2,20,0,55,274,40,6.85
cairo_heavy_hex_27,r14,efficient_su2,20,1,11,40,40,1.0
cairo_heavy_hex_27,r14,efficient_su2,20,1,22,40,40,1.0
cairo_heavy_hex_27,r14,efficient_su2,20,1,33,40,40,1.0
cairo_heavy_hex_27,r14,efficient_su2,20,1,44,40,40,1.0
cairo_heavy_hex_27,r14,efficient_su2,20,1,55,40,40,1.0
cairo_heavy_hex_27,r14,efficient_su2,20,3,11,40,40,1.0
cairo_heavy_hex_27,r14,efficient_su2,20,3,22,40,40,1.0
cairo_heavy_hex_27,r14,efficient_su2,20,3,33,40,40,1.0
cairo_heavy_hex_27,r14,efficient_su2,20,3,44,40,40,1.0
cairo_heavy_hex_27,r14,efficient_su2,20,3,55,40,40,1.0
cairo_heavy_hex_27,r14,efficient_su2,24,0,11,247,48,5.145833333333333
cairo_heavy_hex_27,r14,efficient_su2,24,0,22,322,48,6.708333333333333
cairo_heavy_hex_27,r14,efficient_su2,24,0,33,292,48,6.083333333333333
cairo_heavy_hex_27,r14,efficient_su2,24,0,44,314,48,6.541666666666667
cairo_heavy_hex_27,r14,efficient_su2,24,0,55,318,48,6.625
cairo_heavy_hex_27,r14,efficient_su2,24,1,11,105,48,2.1875
cairo_heavy_hex_27,r14,efficient_su2,24,1,22,138,48,2.875
cairo_heavy_hex_27,r14,efficient_su2,24,1,33,150,48,3.125
cairo_heavy_hex_27,r14,efficient_su2,24,1,44,147,48,3.0625
cairo_heavy_hex_27,r14,efficient_su2,24,1,55,146,48,3.0416666666666665
cairo_heavy_hex_27,r14,efficient_su2,24,3,11,99,48,2.0625
cairo_heavy_hex_27,r14,efficient_su2,24,3,22,128,48,2.6666666666666665
cairo_heavy_hex_27,r14,efficient_su2,24,3,33,112,48,2.3333333333333335
cairo_heavy_hex_27,r14,efficient_su2,24,3,44,97,48,2.0208333333333335
cairo_heavy_hex_27,r14,efficient_su2,24,3,55,104,48,2.1666666666666665
cairo_heavy_hex_27,r15,qft,4,0,11,40,10,4.0
cairo_heavy_hex_27,r15,qft,4,0,22,31,10,3.1
cairo_heavy_hex_27,r15,qft,4,0,33,28,10,2.8
cairo_heavy_hex_27,r15,qft,4,0,44,37,10,3.7
cairo_heavy_hex_27,r15,qft,4,0,55,31,10,3.1
cairo_heavy_hex_27,r15,qft,4,1,11,18,10,1.8
cairo_heavy_hex_27,r15,qft,4,1,22,19,10,1.9
cairo_heavy_hex_27,r15,qft,4,1,33,18,10,1.8
cairo_heavy_hex_27,r15,qft,4,1,44,19,10,1.9
cairo_heavy_hex_27,r15,qft,4,1,55,18,10,1.8
cairo_heavy_hex_27,r15,qft,4,3,11,18,10,1.8
cairo_heavy_hex_27,r15,qft,4,3,22,18,10,1.8
cairo_heavy_hex_27,r15,qft,4,3,33,16,10,1.6
cairo_heavy_hex_27,r15,qft,4,3,44,18,10,1.8
cairo_heavy_hex_27,r15,qft,4,3,55,18,10,1.8
cairo_heavy_hex_27,r15,qft,8,0,11,119,26,4.576923076923077
cairo_heavy_hex_27,r15,qft,8,0,22,134,26,5.153846153846154
cairo_heavy_hex_27,r15,qft,8,0,33,126,26,4.846153846153846
cairo_heavy_hex_27,r15,qft,8,0,44,109,26,4.1923076923076925
cairo_heavy_hex_27,r15,qft,8,0,55,125,26,4.8076923076923075
cairo_heavy_hex_27,r15,qft,8,1,11,80,26,3.076923076923077
cairo_heavy_hex_27,r15,qft,8,1,22,66,26,2.5384615384615383
cairo_heavy_hex_27,r15,qft,8,1,33,69,26,2.6538461538461537
cairo_heavy_hex_27,r15,qft,8,1,44,70,26,2.6923076923076925
cairo_heavy_hex_27,r15,qft,8,1,55,71,26,2.730769230769231
cairo_heavy_hex_27,r15,qft,8,3,11,56,26,2.1538461538461537
cairo_heavy_hex_27,r15,qft,8,3,22,66,26,2.5384615384615383
cairo_heavy_hex_27,r15,qft,8,3,33,61,26,2.3461538461538463
cairo_heavy_hex_27,r15,qft,8,3,44,64,26,2.4615384615384617
cairo_heavy_hex_27,r15,qft,8,3,55,60,26,2.3076923076923075
cairo_heavy_hex_27,r15,qft,12,0,11,245,42,5.833333333333333
cairo_heavy_hex_27,r15,qft,12,0,22,238,42,5.666666666666667
cairo_heavy_hex_27,r15,qft,12,0,33,266,42,6.333333333333333
cairo_heavy_hex_27,r15,qft,12,0,44,249,42,5.928571428571429
cairo_heavy_hex_27,r15,qft,12,0,55,247,42,5.880952380952381
cairo_heavy_hex_27,r15,qft,12,1,11,148,42,3.5238095238095237
cairo_heavy_hex_27,r15,qft,12,1,22,134,42,3.1904761904761907
cairo_heavy_hex_27,r15,qft,12,1,33,111,42,2.642857142857143
cairo_heavy_hex_27,r15,qft,12,1,44,153,42,3.642857142857143
cairo_heavy_hex_27,r15,qft,12,1,55,145,42,3.4523809523809526
cairo_heavy_hex_27,r15,qft,12,3,11,103,42,2.4523809523809526
cairo_heavy_hex_27,r15,qft,12,3,22,103,42,2.4523809523809526
cairo_heavy_hex_27,r15,qft,12,3,33,125,42,2.9761904761904763
cairo_heavy_hex_27,r15,qft,12,3,44,123,42,2.9285714285714284
cairo_heavy_hex_27,r15,qft,12,3,55,130,42,3.0952380952380953
cairo_heavy_hex_27,r15,qft,16,0,11,407,58,7.017241379310345
cairo_heavy_hex_27,r15,qft,16,0,22,397,58,6.844827586206897
cairo_heavy_hex_27,r15,qft,16,0,33,351,58,6.051724137931035
cairo_heavy_hex_27,r15,qft,16,0,44,318,58,5.482758620689655
cairo_heavy_hex_27,r15,qft,16,0,55,317,58,5.4655172413793105
cairo_heavy_hex_27,r15,qft,16,1,11,230,58,3.9655172413793105
cairo_heavy_hex_27,r15,qft,16,1,22,205,58,3.5344827586206895
cairo_heavy_hex_27,r15,qft,16,1,33,193,58,3.3275862068965516
cairo_heavy_hex_27,r15,qft,16,1,44,229,58,3.9482758620689653
cairo_heavy_hex_27,r15,qft,16,1,55,198,58,3.413793103448276
cairo_heavy_hex_27,r15,qft,16,3,11,168,58,2.896551724137931
cairo_heavy_hex_27,r15,qft,16,3,22,163,58,2.810344827586207
cairo_heavy_hex_27,r15,qft,16,3,33,181,58,3.1206896551724137
cairo_heavy_hex_27,r15,qft,16,3,44,236,58,4.068965517241379
cairo_heavy_hex_27,r15,qft,16,3,55,202,58,3.4827586206896552
cairo_heavy_hex_27,r15,qft,20,0,11,434,74,5.864864864864865
cairo_heavy_hex_27,r15,qft,20,0,22,479,74,6.472972972972973
cairo_heavy_hex_27,r15,qft,20,0,33,540,74,7.297297297297297
cairo_heavy_hex_27,r15,qft,20,0,44,444,74,6.0
cairo_heavy_hex_27,r15,qft,20,0,55,524,74,7.081081081081081
cairo_heavy_hex_27,r15,qft,20,1,11,231,74,3.1216216216216215
cairo_heavy_hex_27,r15,qft,20,1,22,227,74,3.0675675675675675
cairo_heavy_hex_27,r15,qft,20,1,33,315,74,4.256756756756757
cairo_heavy_hex_27,r15,qft,20,1,44,254,74,3.4324324324324325
cairo_heavy_hex_27,r15,qft,20,1,55,319,74,4.3108108108108105
cairo_heavy_hex_27,r15,qft,20,3,11,200,74,2.7027027027027026
cairo_heavy_hex_27,r15,qft,20,3,22,202,74,2.72972972972973
cairo_heavy_hex_27,r15,qft,20,3,33,210,74,2.8378378378378377
cairo_heavy_hex_27,r15,qft,20,3,44,217,74,2.9324324324324325
cairo_heavy_hex_27,r15,qft,20,3,55,177,74,2.391891891891892
cairo_heavy_hex_27,r15,qft,24,0,11,689,90,7.655555555555556
cairo_heavy_hex_27,r15,qft,24,0,22,670,90,7.444444444444445
cairo_heavy_hex_27,r15,qft,24,0,33,585,90,6.5
cairo_heavy_hex_27,r15,qft,24,0,44,672,90,7.466666666666667
cairo_heavy_hex_27,r15,qft,24,0,55,679,90,7.544444444444444
cairo_heavy_hex_27,r15,qft,24,1,11,409,90,4.544444444444444
cairo_heavy_hex_27,r15,qft,24,1,22,381,90,4.233333333333333
cairo_heavy_hex_27,r15,qft,24,1,33,414,90,4.6
cairo_heavy_hex_27,r15,qft,24,1,44,449,90,4.988888888888889
cairo_heavy_hex_27,r15,qft,24,1,55,379,90,4.211111111111111
cairo_heavy_hex_27,r15,qft,24,3,11,300,90,3.3333333333333335
cairo_heavy_hex_27,r15,qft,24,3,22,278,90,3.088888888888889
cairo_heavy_hex_27,r15,qft,24,3,33,305,90,3.388888888888889
cairo_heavy_hex_27,r15,qft,24,3,44,307,90,3.411111111111111
cairo_heavy_hex_27,r15,qft,24,3,55,222,90,2.466666666666667
cairo_heavy_hex_27,r15,ghz_chain,4,0,11,14,3,4.666666666666667
cairo_heavy_hex_27,r15,ghz_chain,4,0,22,17,3,5.666666666666667
cairo_heavy_hex_27,r15,ghz_chain,4,0,33,14,3,4.666666666666667
cairo_heavy_hex_27,r15,ghz_chain,4,0,44,14,3,4.666666666666667
cairo_heavy_hex_27,r15,ghz_chain,4,0,55,15,3,5.0
cairo_heavy_hex_27,r15,ghz_chain,4,1,11,3,3,1.0
cairo_heavy_hex_27,r15,ghz_chain,4,1,22,3,3,1.0
cairo_heavy_hex_27,r15,ghz_chain,4,1,33,3,3,1.0
cairo_heavy_hex_27,r15,ghz_chain,4,1,44,3,3,1.0
cairo_heavy_hex_27,r15,ghz_chain,4,1,55,3,3,1.0
cairo_heavy_hex_27,r15,ghz_chain,4,3,11,3,3,1.0
cairo_heavy_hex_27,r15,ghz_chain,4,3,22,3,3,1.0
cairo_heavy_hex_27,r15,ghz_chain,4,3,33,3,3,1.0
cairo_heavy_hex_27,r15,ghz_chain,4,3,44,3,3,1.0
cairo_heavy_hex_27,r15,ghz_chain,4,3,55,3,3,1.0
cairo_heavy_hex_27,r15,ghz_chain,8,0,11,42,7,6.0
cairo_heavy_hex_27,r15,ghz_chain,8,0,22,45,7,6.428571428571429
cairo_heavy_hex_27,r15,ghz_chain,8,0,33,45,7,6.428571428571429
cairo_heavy_hex_27,r15,ghz_chain,8,0,44,39,7,5.571428571428571
cairo_heavy_hex_27,r15,ghz_chain,8,0,55,48,7,6.857142857142857
cairo_heavy_hex_27,r15,ghz_chain,8,1,11,7,7,1.0
cairo_heavy_hex_27,r15,ghz_chain,8,1,22,7,7,1.0
cairo_heavy_hex_27,r15,ghz_chain,8,1,33,7,7,1.0
cairo_heavy_hex_27,r15,ghz_chain,8,1,44,7,7,1.0
cairo_heavy_hex_27,r15,ghz_chain,8,1,55,7,7,1.0
cairo_heavy_hex_27,r15,ghz_chain,8,3,11,7,7,1.0
cairo_heavy_hex_27,r15,ghz_chain,8,3,22,7,7,1.0
cairo_heavy_hex_27,r15,ghz_chain,8,3,33,7,7,1.0
cairo_heavy_hex_27,r15,ghz_chain,8,3,44,7,7,1.0
cairo_heavy_hex_27,r15,ghz_chain,8,3,55,7,7,1.0
cairo_heavy_hex_27,r15,ghz_chain,12,0,11,60,11,5.454545454545454
cairo_heavy_hex_27,r15,ghz_chain,12,0,22,70,11,6.363636363636363
cairo_heavy_hex_27,r15,ghz_chain,12,0,33,85,11,7.7272727272727275
cairo_heavy_hex_27,r15,ghz_chain,12,0,44,66,11,6.0
cairo_heavy_hex_27,r15,ghz_chain,12,0,55,66,11,6.0
cairo_heavy_hex_27,r15,ghz_chain,12,1,11,11,11,1.0
cairo_heavy_hex_27,r15,ghz_chain,12,1,22,11,11,1.0
cairo_heavy_hex_27,r15,ghz_chain,12,1,33,11,11,1.0
cairo_heavy_hex_27,r15,ghz_chain,12,1,44,11,11,1.0
cairo_heavy_hex_27,r15,ghz_chain,12,1,55,11,11,1.0
cairo_heavy_hex_27,r15,ghz_chain,12,3,11,11,11,1.0
cairo_heavy_hex_27,r15,ghz_chain,12,3,22,11,11,1.0
cairo_heavy_hex_27,r15,ghz_chain,12,3,33,11,11,1.0
cairo_heavy_hex_27,r15,ghz_chain,12,3,44,11,11,1.0
cairo_heavy_hex_27,r15,ghz_chain,12,3,55,11,11,1.0
cairo_heavy_hex_27,r15,ghz_chain,16,0,11,110,15,7.333333333333333
cairo_heavy_hex_27,r15,ghz_chain,16,0,22,98,15,6.533333333333333
cairo_heavy_hex_27,r15,ghz_chain,16,0,33,107,15,7.133333333333334
cairo_heavy_hex_27,r15,ghz_chain,16,0,44,106,15,7.066666666666666
cairo_heavy_hex_27,r15,ghz_chain,16,0,55,91,15,6.066666666666666
cairo_heavy_hex_27,r15,ghz_chain,16,1,11,15,15,1.0
cairo_heavy_hex_27,r15,ghz_chain,16,1,22,15,15,1.0
cairo_heavy_hex_27,r15,ghz_chain,16,1,33,15,15,1.0
cairo_heavy_hex_27,r15,ghz_chain,16,1,44,15,15,1.0
cairo_heavy_hex_27,r15,ghz_chain,16,1,55,15,15,1.0
cairo_heavy_hex_27,r15,ghz_chain,16,3,11,15,15,1.0
cairo_heavy_hex_27,r15,ghz_chain,16,3,22,15,15,1.0
cairo_heavy_hex_27,r15,ghz_chain,16,3,33,15,15,1.0
cairo_heavy_hex_27,r15,ghz_chain,16,3,44,15,15,1.0
cairo_heavy_hex_27,r15,ghz_chain,16,3,55,15,15,1.0
cairo_heavy_hex_27,r15,ghz_chain,20,0,11,144,19,7.578947368421052
cairo_heavy_hex_27,r15,ghz_chain,20,0,22,132,19,6.947368421052632
cairo_heavy_hex_27,r15,ghz_chain,20,0,33,132,19,6.947368421052632
cairo_heavy_hex_27,r15,ghz_chain,20,0,44,137,19,7.2105263157894735
cairo_heavy_hex_27,r15,ghz_chain,20,0,55,132,19,6.947368421052632
cairo_heavy_hex_27,r15,ghz_chain,20,1,11,19,19,1.0
cairo_heavy_hex_27,r15,ghz_chain,20,1,22,19,19,1.0
cairo_heavy_hex_27,r15,ghz_chain,20,1,33,19,19,1.0
cairo_heavy_hex_27,r15,ghz_chain,20,1,44,19,19,1.0
cairo_heavy_hex_27,r15,ghz_chain,20,1,55,19,19,1.0
cairo_heavy_hex_27,r15,ghz_chain,20,3,11,19,19,1.0
cairo_heavy_hex_27,r15,ghz_chain,20,3,22,19,19,1.0
cairo_heavy_hex_27,r15,ghz_chain,20,3,33,19,19,1.0
cairo_heavy_hex_27,r15,ghz_chain,20,3,44,19,19,1.0
cairo_heavy_hex_27,r15,ghz_chain,20,3,55,19,19,1.0
cairo_heavy_hex_27,r15,ghz_chain,24,0,11,169,23,7.3478260869565215
cairo_heavy_hex_27,r15,ghz_chain,24,0,22,179,23,7.782608695652174
cairo_heavy_hex_27,r15,ghz_chain,24,0,33,154,23,6.695652173913044
cairo_heavy_hex_27,r15,ghz_chain,24,0,44,180,23,7.826086956521739
cairo_heavy_hex_27,r15,ghz_chain,24,0,55,153,23,6.6521739130434785
cairo_heavy_hex_27,r15,ghz_chain,24,1,11,74,23,3.217391304347826
cairo_heavy_hex_27,r15,ghz_chain,24,1,22,68,23,2.9565217391304346
cairo_heavy_hex_27,r15,ghz_chain,24,1,33,66,23,2.869565217391304
cairo_heavy_hex_27,r15,ghz_chain,24,1,44,71,23,3.0869565217391304
cairo_heavy_hex_27,r15,ghz_chain,24,1,55,62,23,2.6956521739130435
cairo_heavy_hex_27,r15,ghz_chain,24,3,11,53,23,2.3043478260869565
cairo_heavy_hex_27,r15,ghz_chain,24,3,22,64,23,2.782608695652174
cairo_heavy_hex_27,r15,ghz_chain,24,3,33,36,23,1.565217391304348
cairo_heavy_hex_27,r15,ghz_chain,24,3,44,42,23,1.826086956521739
cairo_heavy_hex_27,r15,ghz_chain,24,3,55,42,23,1.826086956521739
cairo_heavy_hex_27,r15,ghz_star,4,0,11,17,3,5.666666666666667
cairo_heavy_hex_27,r15,ghz_star,4,0,22,12,3,4.0
cairo_heavy_hex_27,r15,ghz_star,4,0,33,12,3,4.0
cairo_heavy_hex_27,r15,ghz_star,4,0,44,12,3,4.0
cairo_heavy_hex_27,r15,ghz_star,4,0,55,17,3,5.666666666666667
cairo_heavy_hex_27,r15,ghz_star,4,1,11,3,3,1.0
cairo_heavy_hex_27,r15,ghz_star,4,1,22,3,3,1.0
cairo_heavy_hex_27,r15,ghz_star,4,1,33,3,3,1.0
cairo_heavy_hex_27,r15,ghz_star,4,1,44,3,3,1.0
cairo_heavy_hex_27,r15,ghz_star,4,1,55,3,3,1.0
cairo_heavy_hex_27,r15,ghz_star,4,3,11,3,3,1.0
cairo_heavy_hex_27,r15,ghz_star,4,3,22,3,3,1.0
cairo_heavy_hex_27,r15,ghz_star,4,3,33,3,3,1.0
cairo_heavy_hex_27,r15,ghz_star,4,3,44,3,3,1.0
cairo_heavy_hex_27,r15,ghz_star,4,3,55,3,3,1.0
cairo_heavy_hex_27,r15,ghz_star,8,0,11,41,7,5.857142857142857
cairo_heavy_hex_27,r15,ghz_star,8,0,22,48,7,6.857142857142857
cairo_heavy_hex_27,r15,ghz_star,8,0,33,39,7,5.571428571428571
cairo_heavy_hex_27,r15,ghz_star,8,0,44,40,7,5.714285714285714
cairo_heavy_hex_27,r15,ghz_star,8,0,55,42,7,6.0
cairo_heavy_hex_27,r15,ghz_star,8,1,11,15,7,2.142857142857143
cairo_heavy_hex_27,r15,ghz_star,8,1,22,16,7,2.2857142857142856
cairo_heavy_hex_27,r15,ghz_star,8,1,33,19,7,2.7142857142857144
cairo_heavy_hex_27,r15,ghz_star,8,1,44,16,7,2.2857142857142856
cairo_heavy_hex_27,r15,ghz_star,8,1,55,21,7,3.0
cairo_heavy_hex_27,r15,ghz_star,8,3,11,12,7,1.7142857142857142
cairo_heavy_hex_27,r15,ghz_star,8,3,22,13,7,1.8571428571428572
cairo_heavy_hex_27,r15,ghz_star,8,3,33,12,7,1.7142857142857142
cairo_heavy_hex_27,r15,ghz_star,8,3,44,12,7,1.7142857142857142
cairo_heavy_hex_27,r15,ghz_star,8,3,55,13,7,1.8571428571428572
cairo_heavy_hex_27,r15,ghz_star,12,0,11,69,11,6.2727272727272725
cairo_heavy_hex_27,r15,ghz_star,12,0,22,75,11,6.818181818181818
cairo_heavy_hex_27,r15,ghz_star,12,0,33,70,11,6.363636363636363
cairo_heavy_hex_27,r15,ghz_star,12,0,44,68,11,6.181818181818182
cairo_heavy_hex_27,r15,ghz_star,12,0,55,57,11,5.181818181818182
cairo_heavy_hex_27,r15,ghz_star,12,1,11,41,11,3.727272727272727
cairo_heavy_hex_27,r15,ghz_star,12,1,22,35,11,3.1818181818181817
cairo_heavy_hex_27,r15,ghz_star,12,1,33,34,11,3.090909090909091
cairo_heavy_hex_27,r15,ghz_star,12,1,44,44,11,4.0
cairo_heavy_hex_27,r15,ghz_star,12,1,55,40,11,3.6363636363636362
cairo_heavy_hex_27,r15,ghz_star,12,3,11,27,11,2.4545454545454546
cairo_heavy_hex_27,r15,ghz_star,12,3,22,30,11,2.727272727272727
cairo_heavy_hex_27,r15,ghz_star,12,3,33,29,11,2.6363636363636362
cairo_heavy_hex_27,r15,ghz_star,12,3,44,31,11,2.8181818181818183
cairo_heavy_hex_27,r15,ghz_star,12,3,55,35,11,3.1818181818181817
cairo_heavy_hex_27,r15,ghz_star,16,0,11,102,15,6.8
cairo_heavy_hex_27,r15,ghz_star,16,0,22,98,15,6.533333333333333
cairo_heavy_hex_27,r15,ghz_star,16,0,33,98,15,6.533333333333333
cairo_heavy_hex_27,r15,ghz_star,16,0,44,86,15,5.733333333333333
cairo_heavy_hex_27,r15,ghz_star,16,0,55,85,15,5.666666666666667
cairo_heavy_hex_27,r15,ghz_star,16,1,11,50,15,3.3333333333333335
cairo_heavy_hex_27,r15,ghz_star,16,1,22,50,15,3.3333333333333335
cairo_heavy_hex_27,r15,ghz_star,16,1,33,50,15,3.3333333333333335
cairo_heavy_hex_27,r15,ghz_star,16,1,44,50,15,3.3333333333333335
cairo_heavy_hex_27,r15,ghz_star,16,1,55,50,15,3.3333333333333335
cairo_heavy_hex_27,r15,ghz_star,16,3,11,37,15,2.466666666666667
cairo_heavy_hex_27,r15,ghz_star,16,3,22,45,15,3.0
cairo_heavy_hex_27,r15,ghz_star,16,3,33,40,15,2.6666666666666665
cairo_heavy_hex_27,r15,ghz_star,16,3,44,43,15,2.8666666666666667
cairo_heavy_hex_27,r15,ghz_star,16,3,55,42,15,2.8
cairo_heavy_hex_27,r15,ghz_star,20,0,11,124,19,6.526315789473684
cairo_heavy_hex_27,r15,ghz_star,20,0,22,131,19,6.894736842105263
cairo_heavy_hex_27,r15,ghz_star,20,0,33,138,19,7.2631578947368425
cairo_heavy_hex_27,r15,ghz_star,20,0,44,108,19,5.684210526315789
cairo_heavy_hex_27,r15,ghz_star,20,0,55,122,19,6.421052631578948
cairo_heavy_hex_27,r15,ghz_star,20,1,11,75,19,3.9473684210526314
cairo_heavy_hex_27,r15,ghz_star,20,1,22,72,19,3.789473684210526
cairo_heavy_hex_27,r15,ghz_star,20,1,33,65,19,3.4210526315789473
cairo_heavy_hex_27,r15,ghz_star,20,1,44,72,19,3.789473684210526
cairo_heavy_hex_27,r15,ghz_star,20,1,55,74,19,3.8947368421052633
cairo_heavy_hex_27,r15,ghz_star,20,3,11,64,19,3.3684210526315788
cairo_heavy_hex_27,r15,ghz_star,20,3,22,67,19,3.526315789473684
cairo_heavy_hex_27,r15,ghz_star,20,3,33,52,19,2.736842105263158
cairo_heavy_hex_27,r15,ghz_star,20,3,44,60,19,3.1578947368421053
cairo_heavy_hex_27,r15,ghz_star,20,3,55,57,19,3.0
cairo_heavy_hex_27,r15,ghz_star,24,0,11,146,23,6.3478260869565215
cairo_heavy_hex_27,r15,ghz_star,24,0,22,156,23,6.782608695652174
cairo_heavy_hex_27,r15,ghz_star,24,0,33,166,23,7.217391304347826
cairo_heavy_hex_27,r15,ghz_star,24,0,44,158,23,6.869565217391305
cairo_heavy_hex_27,r15,ghz_star,24,0,55,155,23,6.739130434782608
cairo_heavy_hex_27,r15,ghz_star,24,1,11,100,23,4.3478260869565215
cairo_heavy_hex_27,r15,ghz_star,24,1,22,97,23,4.217391304347826
cairo_heavy_hex_27,r15,ghz_star,24,1,33,93,23,4.043478260869565
cairo_heavy_hex_27,r15,ghz_star,24,1,44,105,23,4.565217391304348
cairo_heavy_hex_27,r15,ghz_star,24,1,55,91,23,3.9565217391304346
cairo_heavy_hex_27,r15,ghz_star,24,3,11,82,23,3.5652173913043477
cairo_heavy_hex_27,r15,ghz_star,24,3,22,68,23,2.9565217391304346
cairo_heavy_hex_27,r15,ghz_star,24,3,33,78,23,3.391304347826087
cairo_heavy_hex_27,r15,ghz_star,24,3,44,83,23,3.608695652173913
cairo_heavy_hex_27,r15,ghz_star,24,3,55,69,23,3.0
cairo_heavy_hex_27,r15,efficient_su2,4,0,11,28,8,3.5
cairo_heavy_hex_27,r15,efficient_su2,4,0,22,32,8,4.0
cairo_heavy_hex_27,r15,efficient_su2,4,0,33,32,8,4.0
cairo_heavy_hex_27,r15,efficient_su2,4,0,44,28,8,3.5
cairo_heavy_hex_27,r15,efficient_su2,4,0,55,30,8,3.75
cairo_heavy_hex_27,r15,efficient_su2,4,1,11,18,8,2.25
cairo_heavy_hex_27,r15,efficient_su2,4,1,22,19,8,2.375
cairo_heavy_hex_27,r15,efficient_su2,4,1,33,17,8,2.125
cairo_heavy_hex_27,r15,efficient_su2,4,1,44,17,8,2.125
cairo_heavy_hex_27,r15,efficient_su2,4,1,55,17,8,2.125
cairo_heavy_hex_27,r15,efficient_su2,4,3,11,17,8,2.125
cairo_heavy_hex_27,r15,efficient_su2,4,3,22,17,8,2.125
cairo_heavy_hex_27,r15,efficient_su2,4,3,33,17,8,2.125
cairo_heavy_hex_27,r15,efficient_su2,4,3,44,17,8,2.125
cairo_heavy_hex_27,r15,efficient_su2,4,3,55,17,8,2.125
cairo_heavy_hex_27,r15,efficient_su2,8,0,11,102,16,6.375
cairo_heavy_hex_27,r15,efficient_su2,8,0,22,71,16,4.4375
cairo_heavy_hex_27,r15,efficient_su2,8,0,33,72,16,4.5
cairo_heavy_hex_27,r15,efficient_su2,8,0,44,85,16,5.3125
cairo_heavy_hex_27,r15,efficient_su2,8,0,55,79,16,4.9375
cairo_heavy_hex_27,r15,efficient_su2,8,1,11,40,16,2.5
cairo_heavy_hex_27,r15,efficient_su2,8,1,22,39,16,2.4375
cairo_heavy_hex_27,r15,efficient_su2,8,1,33,40,16,2.5
cairo_heavy_hex_27,r15,efficient_su2,8,1,44,36,16,2.25
cairo_heavy_hex_27,r15,efficient_su2,8,1,55,37,16,2.3125
cairo_heavy_hex_27,r15,efficient_su2,8,3,11,40,16,2.5
cairo_heavy_hex_27,r15,efficient_su2,8,3,22,40,16,2.5
cairo_heavy_hex_27,r15,efficient_su2,8,3,33,40,16,2.5
cairo_heavy_hex_27,r15,efficient_su2,8,3,44,40,16,2.5
cairo_heavy_hex_27,r15,efficient_su2,8,3,55,40,16,2.5
cairo_heavy_hex_27,r15,efficient_su2,12,0,11,158,24,6.583333333333333
cairo_heavy_hex_27,r15,efficient_su2,12,0,22,128,24,5.333333333333333
cairo_heavy_hex_27,r15,efficient_su2,12,0,33,144,24,6.0
cairo_heavy_hex_27,r15,efficient_su2,12,0,44,130,24,5.416666666666667
cairo_heavy_hex_27,r15,efficient_su2,12,0,55,101,24,4.208333333333333
cairo_heavy_hex_27,r15,efficient_su2,12,1,11,24,24,1.0
cairo_heavy_hex_27,r15,efficient_su2,12,1,22,24,24,1.0
cairo_heavy_hex_27,r15,efficient_su2,12,1,33,24,24,1.0
cairo_heavy_hex_27,r15,efficient_su2,12,1,44,24,24,1.0
cairo_heavy_hex_27,r15,efficient_su2,12,1,55,24,24,1.0
cairo_heavy_hex_27,r15,efficient_su2,12,3,11,24,24,1.0
cairo_heavy_hex_27,r15,efficient_su2,12,3,22,24,24,1.0
cairo_heavy_hex_27,r15,efficient_su2,12,3,33,24,24,1.0
cairo_heavy_hex_27,r15,efficient_su2,12,3,44,24,24,1.0
cairo_heavy_hex_27,r15,efficient_su2,12,3,55,24,24,1.0
cairo_heavy_hex_27,r15,efficient_su2,16,0,11,170,32,5.3125
cairo_heavy_hex_27,r15,efficient_su2,16,0,22,209,32,6.53125
cairo_heavy_hex_27,r15,efficient_su2,16,0,33,253,32,7.90625
cairo_heavy_hex_27,r15,efficient_su2,16,0,44,189,32,5.90625
cairo_heavy_hex_27,r15,efficient_su2,16,0,55,259,32,8.09375
cairo_heavy_hex_27,r15,efficient_su2,16,1,11,56,32,1.75
cairo_heavy_hex_27,r15,efficient_su2,16,1,22,56,32,1.75
cairo_heavy_hex_27,r15,efficient_su2,16,1,33,56,32,1.75
cairo_heavy_hex_27,r15,efficient_su2,16,1,44,56,32,1.75
cairo_heavy_hex_27,r15,efficient_su2,16,1,55,87,32,2.71875
cairo_heavy_hex_27,r15,efficient_su2,16,3,11,79,32,2.46875
cairo_heavy_hex_27,r15,efficient_su2,16,3,22,40,32,1.25
cairo_heavy_hex_27,r15,efficient_su2,16,3,33,40,32,1.25
cairo_heavy_hex_27,r15,efficient_su2,16,3,44,40,32,1.25
cairo_heavy_hex_27,r15,efficient_su2,16,3,55,64,32,2.0
cairo_heavy_hex_27,r15,efficient_su2,20,0,11,239,40,5.975
cairo_heavy_hex_27,r15,efficient_su2,20,0,22,251,40,6.275
cairo_heavy_hex_27,r15,efficient_su2,20,0,33,256,40,6.4
cairo_heavy_hex_27,r15,efficient_su2,20,0,44,238,40,5.95
cairo_heavy_hex_27,r15,efficient_su2,20,0,55,282,40,7.05
cairo_heavy_hex_27,r15,efficient_su2,20,1,11,40,40,1.0
cairo_heavy_hex_27,r15,efficient_su2,20,1,22,40,40,1.0
cairo_heavy_hex_27,r15,efficient_su2,20,1,33,40,40,1.0
cairo_heavy_hex_27,r15,efficient_su2,20,1,44,40,40,1.0
cairo_heavy_hex_27,r15,efficient_su2,20,1,55,40,40,1.0
cairo_heavy_hex_27,r15,efficient_su2,20,3,11,40,40,1.0
cairo_heavy_hex_27,r15,efficient_su2,20,3,22,40,40,1.0
cairo_heavy_hex_27,r15,efficient_su2,20,3,33,40,40,1.0
cairo_heavy_hex_27,r15,efficient_su2,20,3,44,40,40,1.0
cairo_heavy_hex_27,r15,efficient_su2,20,3,55,40,40,1.0
cairo_heavy_hex_27,r15,efficient_su2,24,0,11,266,48,5.541666666666667
cairo_heavy_hex_27,r15,efficient_su2,24,0,22,311,48,6.479166666666667
cairo_heavy_hex_27,r15,efficient_su2,24,0,33,324,48,6.75
cairo_heavy_hex_27,r15,efficient_su2,24,0,44,309,48,6.4375
cairo_heavy_hex_27,r15,efficient_su2,24,0,55,311,48,6.479166666666667
cairo_heavy_hex_27,r15,efficient_su2,24,1,11,124,48,2.5833333333333335
cairo_heavy_hex_27,r15,efficient_su2,24,1,22,115,48,2.3958333333333335
cairo_heavy_hex_27,r15,efficient_su2,24,1,33,118,48,2.4583333333333335
cairo_heavy_hex_27,r15,efficient_su2,24,1,44,115,48,2.3958333333333335
cairo_heavy_hex_27,r15,efficient_su2,24,1,55,168,48,3.5
cairo_heavy_hex_27,r15,efficient_su2,24,3,11,137,48,2.8541666666666665
cairo_heavy_hex_27,r15,efficient_su2,24,3,22,102,48,2.125
cairo_heavy_hex_27,r15,efficient_su2,24,3,33,114,48,2.375
cairo_heavy_hex_27,r15,efficient_su2,24,3,44,118,48,2.4583333333333335
cairo_heavy_hex_27,r15,efficient_su2,24,3,55,102,48,2.125
cairo_heavy_hex_27,r16,qft,4,0,11,37,10,3.7
cairo_heavy_hex_27,r16,qft,4,0,22,31,10,3.1
cairo_heavy_hex_27,r16,qft,4,0,33,40,10,4.0
cairo_heavy_hex_27,r16,qft,4,0,44,34,10,3.4
cairo_heavy_hex_27,r16,qft,4,0,55,42,10,4.2
cairo_heavy_hex_27,r16,qft,4,1,11,19,10,1.9
cairo_heavy_hex_27,r16,qft,4,1,22,18,10,1.8
cairo_heavy_hex_27,r16,qft,4,1,33,19,10,1.9
cairo_heavy_hex_27,r16,qft,4,1,44,18,10,1.8
cairo_heavy_hex_27,r16,qft,4,1,55,18,10,1.8
cairo_heavy_hex_27,r16,qft,4,3,11,18,10,1.8
cairo_heavy_hex_27,r16,qft,4,3,22,18,10,1.8
cairo_heavy_hex_27,r16,qft,4,3,33,18,10,1.8
cairo_heavy_hex_27,r16,qft,4,3,44,18,10,1.8
cairo_heavy_hex_27,r16,qft,4,3,55,18,10,1.8
cairo_heavy_hex_27,r16,qft,8,0,11,111,26,4.269230769230769
cairo_heavy_hex_27,r16,qft,8,0,22,122,26,4.6923076923076925
cairo_heavy_hex_27,r16,qft,8,0,33,109,26,4.1923076923076925
cairo_heavy_hex_27,r16,qft,8,0,44,114,26,4.384615384615385
cairo_heavy_hex_27,r16,qft,8,0,55,110,26,4.230769230769231
cairo_heavy_hex_27,r16,qft,8,1,11,71,26,2.730769230769231
cairo_heavy_hex_27,r16,qft,8,1,22,66,26,2.5384615384615383
cairo_heavy_hex_27,r16,qft,8,1,33,71,26,2.730769230769231
cairo_heavy_hex_27,r16,qft,8,1,44,79,26,3.0384615384615383
cairo_heavy_hex_27,r16,qft,8,1,55,71,26,2.730769230769231
cairo_heavy_hex_27,r16,qft,8,3,11,58,26,2.230769230769231
cairo_heavy_hex_27,r16,qft,8,3,22,58,26,2.230769230769231
cairo_heavy_hex_27,r16,qft,8,3,33,61,26,2.3461538461538463
cairo_heavy_hex_27,r16,qft,8,3,44,56,26,2.1538461538461537
cairo_heavy_hex_27,r16,qft,8,3,55,58,26,2.230769230769231
cairo_heavy_hex_27,r16,qft,12,0,11,230,42,5.476190476190476
cairo_heavy_hex_27,r16,qft,12,0,22,229,42,5.4523809523809526
cairo_heavy_hex_27,r16,qft,12,0,33,245,42,5.833333333333333
cairo_heavy_hex_27,r16,qft,12,0,44,222,42,5.285714285714286
cairo_heavy_hex_27,r16,qft,12,0,55,254,42,6.0476190476190474
cairo_heavy_hex_27,r16,qft,12,1,11,140,42,3.3333333333333335
cairo_heavy_hex_27,r16,qft,12,1,22,139,42,3.3095238095238093
cairo_heavy_hex_27,r16,qft,12,1,33,159,42,3.7857142857142856
cairo_heavy_hex_27,r16,qft,12,1,44,123,42,2.9285714285714284
cairo_heavy_hex_27,r16,qft,12,1,55,127,42,3.0238095238095237
cairo_heavy_hex_27,r16,qft,12,3,11,123,42,2.9285714285714284
cairo_heavy_hex_27,r16,qft,12,3,22,117,42,2.7857142857142856
cairo_heavy_hex_27,r16,qft,12,3,33,135,42,3.2142857142857144
cairo_heavy_hex_27,r16,qft,12,3,44,114,42,2.7142857142857144
cairo_heavy_hex_27,r16,qft,12,3,55,114,42,2.7142857142857144
cairo_heavy_hex_27,r16,qft,16,0,11,360,58,6.206896551724138
cairo_heavy_hex_27,r16,qft,16,0,22,310,58,5.344827586206897
cairo_heavy_hex_27,r16,qft,16,0,33,344,58,5.931034482758621
cairo_heavy_hex_27,r16,qft,16,0,44,382,58,6.586206896551724
cairo_heavy_hex_27,r16,qft,16,0,55,364,58,6.275862068965517
cairo_heavy_hex_27,r16,qft,16,1,11,228,58,3.9310344827586206
cairo_heavy_hex_27,r16,qft,16,1,22,230,58,3.9655172413793105
cairo_heavy_hex_27,r16,qft,16,1,33,204,58,3.5172413793103448
cairo_heavy_hex_27,r16,qft,16,1,44,205,58,3.5344827586206895
cairo_heavy_hex_27,r16,qft,16,1,55,196,58,3.3793103448275863
cairo_heavy_hex_27,r16,qft,16,3,11,189,58,3.2586206896551726
cairo_heavy_hex_27,r16,qft,16,3,22,172,58,2.9655172413793105
cairo_heavy_hex_27,r16,qft,16,3,33,137,58,2.3620689655172415
cairo_heavy_hex_27,r16,qft,16,3,44,177,58,3.0517241379310347
cairo_heavy_hex_27,r16,qft,16,3,55,148,58,2.5517241379310347
cairo_heavy_hex_27,r16,qft,20,0,11,479,74,6.472972972972973
cairo_heavy_hex_27,r16,qft,20,0,22,466,74,6.297297297297297
cairo_heavy_hex_27,r16,qft,20,0,33,440,74,5.945945945945946
cairo_heavy_hex_27,r16,qft,20,0,44,508,74,6.864864864864865
cairo_heavy_hex_27,r16,qft,20,0,55,507,74,6.851351351351352
cairo_heavy_hex_27,r16,qft,20,1,11,225,74,3.0405405405405403
cairo_heavy_hex_27,r16,qft,20,1,22,312,74,4.216216216216216
cairo_heavy_hex_27,r16,qft,20,1,33,323,74,4.364864864864865
cairo_heavy_hex_27,r16,qft,20,1,44,256,74,3.4594594594594597
cairo_heavy_hex_27,r16,qft,20,1,55,219,74,2.9594594594594597
cairo_heavy_hex_27,r16,qft,20,3,11,245,74,3.310810810810811
cairo_heavy_hex_27,r16,qft,20,3,22,147,74,1.9864864864864864
cairo_heavy_hex_27,r16,qft,20,3,33,199,74,2.689189189189189
cairo_heavy_hex_27,r16,qft,20,3,44,154,74,2.081081081081081
cairo_heavy_hex_27,r16,qft,20,3,55,149,74,2.0135135135135136
cairo_heavy_hex_27,r16,qft,24,0,11,695,90,7.722222222222222
cairo_heavy_hex_27,r16,qft,24,0,22,606,90,6.733333333333333
cairo_heavy_hex_27,r16,qft,24,0,33,644,90,7.155555555555556
cairo_heavy_hex_27,r16,qft,24,0,44,579,90,6.433333333333334
cairo_heavy_hex_27,r16,qft,24,0,55,780,90,8.666666666666666
cairo_heavy_hex_27,r16,qft,24,1,11,413,90,4.588888888888889
cairo_heavy_hex_27,r16,qft,24,1,22,337,90,3.7444444444444445
cairo_heavy_hex_27,r16,qft,24,1,33,372,90,4.133333333333334
cairo_heavy_hex_27,r16,qft,24,1,44,327,90,3.6333333333333333
cairo_heavy_hex_27,r16,qft,24,1,55,327,90,3.6333333333333333
cairo_heavy_hex_27,r16,qft,24,3,11,254,90,2.8222222222222224
cairo_heavy_hex_27,r16,qft,24,3,22,198,90,2.2
cairo_heavy_hex_27,r16,qft,24,3,33,290,90,3.2222222222222223
cairo_heavy_hex_27,r16,qft,24,3,44,238,90,2.6444444444444444
cairo_heavy_hex_27,r16,qft,24,3,55,310,90,3.4444444444444446
cairo_heavy_hex_27,r16,ghz_chain,4,0,11,18,3,6.0
cairo_heavy_hex_27,r16,ghz_chain,4,0,22,15,3,5.0
cairo_heavy_hex_27,r16,ghz_chain,4,0,33,12,3,4.0
cairo_heavy_hex_27,r16,ghz_chain,4,0,44,15,3,5.0
cairo_heavy_hex_27,r16,ghz_chain,4,0,55,10,3,3.3333333333333335
cairo_heavy_hex_27,r16,ghz_chain,4,1,11,3,3,1.0
cairo_heavy_hex_27,r16,ghz_chain,4,1,22,3,3,1.0
cairo_heavy_hex_27,r16,ghz_chain,4,1,33,3,3,1.0
cairo_heavy_hex_27,r16,ghz_chain,4,1,44,3,3,1.0
cairo_heavy_hex_27,r16,ghz_chain,4,1,55,3,3,1.0
cairo_heavy_hex_27,r16,ghz_chain,4,3,11,3,3,1.0
cairo_heavy_hex_27,r16,ghz_chain,4,3,22,3,3,1.0
cairo_heavy_hex_27,r16,ghz_chain,4,3,33,3,3,1.0
cairo_heavy_hex_27,r16,ghz_chain,4,3,44,3,3,1.0
cairo_heavy_hex_27,r16,ghz_chain,4,3,55,3,3,1.0
cairo_heavy_hex_27,r16,ghz_chain,8,0,11,43,7,6.142857142857143
cairo_heavy_hex_27,r16,ghz_chain,8,0,22,43,7,6.142857142857143
cairo_heavy_hex_27,r16,ghz_chain,8,0,33,37,7,5.285714285714286
cairo_heavy_hex_27,r16,ghz_chain,8,0,44,34,7,4.857142857142857
cairo_heavy_hex_27,r16,ghz_chain,8,0,55,35,7,5.0
cairo_heavy_hex_27,r16,ghz_chain,8,1,11,7,7,1.0
cairo_heavy_hex_27,r16,ghz_chain,8,1,22,7,7,1.0
cairo_heavy_hex_27,r16,ghz_chain,8,1,33,7,7,1.0
cairo_heavy_hex_27,r16,ghz_chain,8,1,44,7,7,1.0
cairo_heavy_hex_27,r16,ghz_chain,8,1,55,7,7,1.0
cairo_heavy_hex_27,r16,ghz_chain,8,3,11,7,7,1.0
cairo_heavy_hex_27,r16,ghz_chain,8,3,22,7,7,1.0
cairo_heavy_hex_27,r16,ghz_chain,8,3,33,7,7,1.0
cairo_heavy_hex_27,r16,ghz_chain,8,3,44,7,7,1.0
cairo_heavy_hex_27,r16,ghz_chain,8,3,55,7,7,1.0
cairo_heavy_hex_27,r16,ghz_chain,12,0,11,74,11,6.7272727272727275
cairo_heavy_hex_27,r16,ghz_chain,12,0,22,56,11,5.090909090909091
cairo_heavy_hex_27,r16,ghz_chain,12,0,33,68,11,6.181818181818182
cairo_heavy_hex_27,r16,ghz_chain,12,0,44,62,11,5.636363636363637
cairo_heavy_hex_27,r16,ghz_chain,12,0,55,65,11,5.909090909090909
cairo_heavy_hex_27,r16,ghz_chain,12,1,11,11,11,1.0
cairo_heavy_hex_27,r16,ghz_chain,12,1,22,11,11,1.0
cairo_heavy_hex_27,r16,ghz_chain,12,1,33,11,11,1.0
cairo_heavy_hex_27,r16,ghz_chain,12,1,44,11,11,1.0
cairo_heavy_hex_27,r16,ghz_chain,12,1,55,11,11,1.0
cairo_heavy_hex_27,r16,ghz_chain,12,3,11,11,11,1.0
cairo_heavy_hex_27,r16,ghz_chain,12,3,22,11,11,1.0
cairo_heavy_hex_27,r16,ghz_chain,12,3,33,11,11,1.0
cairo_heavy_hex_27,r16,ghz_chain,12,3,44,11,11,1.0
cairo_heavy_hex_27,r16,ghz_chain,12,3,55,11,11,1.0
cairo_heavy_hex_27,r16,ghz_chain,16,0,11,87,15,5.8
cairo_heavy_hex_27,r16,ghz_chain,16,0,22,87,15,5.8
cairo_heavy_hex_27,r16,ghz_chain,16,0,33,99,15,6.6
cairo_heavy_hex_27,r16,ghz_chain,16,0,44,75,15,5.0
cairo_heavy_hex_27,r16,ghz_chain,16,0,55,90,15,6.0
cairo_heavy_hex_27,r16,ghz_chain,16,1,11,15,15,1.0
cairo_heavy_hex_27,r16,ghz_chain,16,1,22,15,15,1.0
cairo_heavy_hex_27,r16,ghz_chain,16,1,33,15,15,1.0
cairo_heavy_hex_27,r16,ghz_chain,16,1,44,15,15,1.0
cairo_heavy_hex_27,r16,ghz_chain,16,1,55,15,15,1.0
cairo_heavy_hex_27,r16,ghz_chain,16,3,11,15,15,1.0
cairo_heavy_hex_27,r16,ghz_chain,16,3,22,15,15,1.0
cairo_heavy_hex_27,r16,ghz_chain,16,3,33,15,15,1.0
cairo_heavy_hex_27,r16,ghz_chain,16,3,44,15,15,1.0
cairo_heavy_hex_27,r16,ghz_chain,16,3,55,15,15,1.0
cairo_heavy_hex_27,r16,ghz_chain,20,0,11,124,19,6.526315789473684
cairo_heavy_hex_27,r16,ghz_chain,20,0,22,124,19,6.526315789473684
cairo_heavy_hex_27,r16,ghz_chain,20,0,33,131,19,6.894736842105263
cairo_heavy_hex_27,r16,ghz_chain,20,0,44,99,19,5.2105263157894735
cairo_heavy_hex_27,r16,ghz_chain,20,0,55,118,19,6.2105263157894735
cairo_heavy_hex_27,r16,ghz_chain,20,1,11,19,19,1.0
cairo_heavy_hex_27,r16,ghz_chain,20,1,22,19,19,1.0
cairo_heavy_hex_27,r16,ghz_chain,20,1,33,19,19,1.0
cairo_heavy_hex_27,r16,ghz_chain,20,1,44,19,19,1.0
cairo_heavy_hex_27,r16,ghz_chain,20,1,55,19,19,1.0
cairo_heavy_hex_27,r16,ghz_chain,20,3,11,19,19,1.0
cairo_heavy_hex_27,r16,ghz_chain,20,3,22,19,19,1.0
cairo_heavy_hex_27,r16,ghz_chain,20,3,33,19,19,1.0
cairo_heavy_hex_27,r16,ghz_chain,20,3,44,19,19,1.0
cairo_heavy_hex_27,r16,ghz_chain,20,3,55,19,19,1.0
cairo_heavy_hex_27,r16,ghz_chain,24,0,11,158,23,6.869565217391305
cairo_heavy_hex_27,r16,ghz_chain,24,0,22,155,23,6.739130434782608
cairo_heavy_hex_27,r16,ghz_chain,24,0,33,174,23,7.565217391304348
cairo_heavy_hex_27,r16,ghz_chain,24,0,44,121,23,5.260869565217392
cairo_heavy_hex_27,r16,ghz_chain,24,0,55,145,23,6.304347826086956
cairo_heavy_hex_27,r16,ghz_chain,24,1,11,61,23,2.652173913043478
cairo_heavy_hex_27,r16,ghz_chain,24,1,22,66,23,2.869565217391304
cairo_heavy_hex_27,r16,ghz_chain,24,1,33,73,23,3.1739130434782608
cairo_heavy_hex_27,r16,ghz_chain,24,1,44,82,23,3.5652173913043477
cairo_heavy_hex_27,r16,ghz_chain,24,1,55,70,23,3.0434782608695654
cairo_heavy_hex_27,r16,ghz_chain,24,3,11,61,23,2.652173913043478
cairo_heavy_hex_27,r16,ghz_chain,24,3,22,60,23,2.608695652173913
cairo_heavy_hex_27,r16,ghz_chain,24,3,33,67,23,2.9130434782608696
cairo_heavy_hex_27,r16,ghz_chain,24,3,44,61,23,2.652173913043478
cairo_heavy_hex_27,r16,ghz_chain,24,3,55,45,23,1.9565217391304348
cairo_heavy_hex_27,r16,ghz_star,4,0,11,18,3,6.0
cairo_heavy_hex_27,r16,ghz_star,4,0,22,15,3,5.0
cairo_heavy_hex_27,r16,ghz_star,4,0,33,15,3,5.0
cairo_heavy_hex_27,r16,ghz_star,4,0,44,12,3,4.0
cairo_heavy_hex_27,r16,ghz_star,4,0,55,12,3,4.0
cairo_heavy_hex_27,r16,ghz_star,4,1,11,3,3,1.0
cairo_heavy_hex_27,r16,ghz_star,4,1,22,3,3,1.0
cairo_heavy_hex_27,r16,ghz_star,4,1,33,3,3,1.0
cairo_heavy_hex_27,r16,ghz_star,4,1,44,3,3,1.0
cairo_heavy_hex_27,r16,ghz_star,4,1,55,3,3,1.0
cairo_heavy_hex_27,r16,ghz_star,4,3,11,3,3,1.0
cairo_heavy_hex_27,r16,ghz_star,4,3,22,3,3,1.0
cairo_heavy_hex_27,r16,ghz_star,4,3,33,3,3,1.0
cairo_heavy_hex_27,r16,ghz_star,4,3,44,3,3,1.0
cairo_heavy_hex_27,r16,ghz_star,4,3,55,3,3,1.0
cairo_heavy_hex_27,r16,ghz_star,8,0,11,31,7,4.428571428571429
cairo_heavy_hex_27,r16,ghz_star,8,0,22,28,7,4.0
cairo_heavy_hex_27,r16,ghz_star,8,0,33,39,7,5.571428571428571
cairo_heavy_hex_27,r16,ghz_star,8,0,44,31,7,4.428571428571429
cairo_heavy_hex_27,r16,ghz_star,8,0,55,31,7,4.428571428571429
cairo_heavy_hex_27,r16,ghz_star,8,1,11,22,7,3.142857142857143
cairo_heavy_hex_27,r16,ghz_star,8,1,22,16,7,2.2857142857142856
cairo_heavy_hex_27,r16,ghz_star,8,1,33,19,7,2.7142857142857144
cairo_heavy_hex_27,r16,ghz_star,8,1,44,16,7,2.2857142857142856
cairo_heavy_hex_27,r16,ghz_star,8,1,55,25,7,3.5714285714285716
cairo_heavy_hex_27,r16,ghz_star,8,3,11,12,7,1.7142857142857142
cairo_heavy_hex_27,r16,ghz_star,8,3,22,13,7,1.8571428571428572
cairo_heavy_hex_27,r16,ghz_star,8,3,33,12,7,1.7142857142857142
cairo_heavy_hex_27,r16,ghz_star,8,3,44,12,7,1.7142857142857142
cairo_heavy_hex_27,r16,ghz_star,8,3,55,13,7,1.8571428571428572
cairo_heavy_hex_27,r16,ghz_star,12,0,11,56,11,5.090909090909091
cairo_heavy_hex_27,r16,ghz_star,12,0,22,56,11,5.090909090909091
cairo_heavy_hex_27,r16,ghz_star,12,0,33,67,11,6.090909090909091
cairo_heavy_hex_27,r16,ghz_star,12,0,44,46,11,4.181818181818182
cairo_heavy_hex_27,r16,ghz_star,12,0,55,46,11,4.181818181818182
cairo_heavy_hex_27,r16,ghz_star,12,1,11,37,11,3.3636363636363638
cairo_heavy_hex_27,r16,ghz_star,12,1,22,38,11,3.4545454545454546
cairo_heavy_hex_27,r16,ghz_star,12,1,33,31,11,2.8181818181818183
cairo_heavy_hex_27,r16,ghz_star,12,1,44,44,11,4.0
cairo_heavy_hex_27,r16,ghz_star,12,1,55,35,11,3.1818181818181817
cairo_heavy_hex_27,r16,ghz_star,12,3,11,27,11,2.4545454545454546
cairo_heavy_hex_27,r16,ghz_star,12,3,22,25,11,2.272727272727273
cairo_heavy_hex_27,r16,ghz_star,12,3,33,28,11,2.5454545454545454
cairo_heavy_hex_27,r16,ghz_star,12,3,44,34,11,3.090909090909091
cairo_heavy_hex_27,r16,ghz_star,12,3,55,31,11,2.8181818181818183
cairo_heavy_hex_27,r16,ghz_star,16,0,11,96,15,6.4
cairo_heavy_hex_27,r16,ghz_star,16,0,22,73,15,4.866666666666666
cairo_heavy_hex_27,r16,ghz_star,16,0,33,101,15,6.733333333333333
cairo_heavy_hex_27,r16,ghz_star,16,0,44,64,15,4.266666666666667
cairo_heavy_hex_27,r16,ghz_star,16,0,55,65,15,4.333333333333333
cairo_heavy_hex_27,r16,ghz_star,16,1,11,51,15,3.4
cairo_heavy_hex_27,r16,ghz_star,16,1,22,60,15,4.0
cairo_heavy_hex_27,r16,ghz_star,16,1,33,59,15,3.933333333333333
cairo_heavy_hex_27,r16,ghz_star,16,1,44,47,15,3.1333333333333333
cairo_heavy_hex_27,r16,ghz_star,16,1,55,57,15,3.8
cairo_heavy_hex_27,r16,ghz_star,16,3,11,46,15,3.066666666666667
cairo_heavy_hex_27,r16,ghz_star,16,3,22,48,15,3.2
cairo_heavy_hex_27,r16,ghz_star,16,3,33,36,15,2.4
cairo_heavy_hex_27,r16,ghz_star,16,3,44,36,15,2.4
cairo_heavy_hex_27,r16,ghz_star,16,3,55,40,15,2.6666666666666665
cairo_heavy_hex_27,r16,ghz_star,20,0,11,127,19,6.684210526315789
cairo_heavy_hex_27,r16,ghz_star,20,0,22,127,19,6.684210526315789
cairo_heavy_hex_27,r16,ghz_star,20,0,33,131,19,6.894736842105263
cairo_heavy_hex_27,r16,ghz_star,20,0,44,104,19,5.473684210526316
cairo_heavy_hex_27,r16,ghz_star,20,0,55,96,19,5.052631578947368
cairo_heavy_hex_27,r16,ghz_star,20,1,11,74,19,3.8947368421052633
cairo_heavy_hex_27,r16,ghz_star,20,1,22,79,19,4.157894736842105
cairo_heavy_hex_27,r16,ghz_star,20,1,33,78,19,4.105263157894737
cairo_heavy_hex_27,r16,ghz_star,20,1,44,72,19,3.789473684210526
cairo_heavy_hex_27,r16,ghz_star,20,1,55,88,19,4.631578947368421
cairo_heavy_hex_27,r16,ghz_star,20,3,11,62,19,3.263157894736842
cairo_heavy_hex_27,r16,ghz_star,20,3,22,69,19,3.6315789473684212
cairo_heavy_hex_27,r16,ghz_star,20,3,33,55,19,2.8947368421052633
cairo_heavy_hex_27,r16,ghz_star,20,3,44,59,19,3.1052631578947367
cairo_heavy_hex_27,r16,ghz_star,20,3,55,60,19,3.1578947368421053
cairo_heavy_hex_27,r16,ghz_star,24,0,11,164,23,7.130434782608695
cairo_heavy_hex_27,r16,ghz_star,24,0,22,161,23,7.0
cairo_heavy_hex_27,r16,ghz_star,24,0,33,156,23,6.782608695652174
cairo_heavy_hex_27,r16,ghz_star,24,0,44,135,23,5.869565217391305
cairo_heavy_hex_27,r16,ghz_star,24,0,55,129,23,5.608695652173913
cairo_heavy_hex_27,r16,ghz_star,24,1,11,105,23,4.565217391304348
cairo_heavy_hex_27,r16,ghz_star,24,1,22,110,23,4.782608695652174
cairo_heavy_hex_27,r16,ghz_star,24,1,33,100,23,4.3478260869565215
cairo_heavy_hex_27,r16,ghz_star,24,1,44,86,23,3.739130434782609
cairo_heavy_hex_27,r16,ghz_star,24,1,55,101,23,4.391304347826087
cairo_heavy_hex_27,r16,ghz_star,24,3,11,79,23,3.4347826086956523
cairo_heavy_hex_27,r16,ghz_star,24,3,22,80,23,3.4782608695652173
cairo_heavy_hex_27,r16,ghz_star,24,3,33,81,23,3.5217391304347827
cairo_heavy_hex_27,r16,ghz_star,24,3,44,71,23,3.0869565217391304
cairo_heavy_hex_27,r16,ghz_star,24,3,55,74,23,3.217391304347826
cairo_heavy_hex_27,r16,efficient_su2,4,0,11,29,8,3.625
cairo_heavy_hex_27,r16,efficient_su2,4,0,22,30,8,3.75
cairo_heavy_hex_27,r16,efficient_su2,4,0,33,29,8,3.625
cairo_heavy_hex_27,r16,efficient_su2,4,0,44,34,8,4.25
cairo_heavy_hex_27,r16,efficient_su2,4,0,55,40,8,5.0
cairo_heavy_hex_27,r16,efficient_su2,4,1,11,17,8,2.125
cairo_heavy_hex_27,r16,efficient_su2,4,1,22,16,8,2.0
cairo_heavy_hex_27,r16,efficient_su2,4,1,33,17,8,2.125
cairo_heavy_hex_27,r16,efficient_su2,4,1,44,16,8,2.0
cairo_heavy_hex_27,r16,efficient_su2,4,1,55,17,8,2.125
cairo_heavy_hex_27,r16,efficient_su2,4,3,11,17,8,2.125
cairo_heavy_hex_27,r16,efficient_su2,4,3,22,14,8,1.75
cairo_heavy_hex_27,r16,efficient_su2,4,3,33,17,8,2.125
cairo_heavy_hex_27,r16,efficient_su2,4,3,44,17,8,2.125
cairo_heavy_hex_27,r16,efficient_su2,4,3,55,17,8,2.125
cairo_heavy_hex_27,r16,efficient_su2,8,0,11,85,16,5.3125
cairo_heavy_hex_27,r16,efficient_su2,8,0,22,73,16,4.5625
cairo_heavy_hex_27,r16,efficient_su2,8,0,33,89,16,5.5625
cairo_heavy_hex_27,r16,efficient_su2,8,0,44,76,16,4.75
cairo_heavy_hex_27,r16,efficient_su2,8,0,55,73,16,4.5625
cairo_heavy_hex_27,r16,efficient_su2,8,1,11,40,16,2.5
cairo_heavy_hex_27,r16,efficient_su2,8,1,22,40,16,2.5
cairo_heavy_hex_27,r16,efficient_su2,8,1,33,40,16,2.5
cairo_heavy_hex_27,r16,efficient_su2,8,1,44,40,16,2.5
cairo_heavy_hex_27,r16,efficient_su2,8,1,55,40,16,2.5
cairo_heavy_hex_27,r16,efficient_su2,8,3,11,40,16,2.5
cairo_heavy_hex_27,r16,efficient_su2,8,3,22,40,16,2.5
cairo_heavy_hex_27,r16,efficient_su2,8,3,33,40,16,2.5
cairo_heavy_hex_27,r16,efficient_su2,8,3,44,40,16,2.5
cairo_heavy_hex_27,r16,efficient_su2,8,3,55,40,16,2.5
cairo_heavy_hex_27,r16,efficient_su2,12,0,11,121,24,5.041666666666667
cairo_heavy_hex_27,r16,efficient_su2,12,0,22,111,24,4.625
cairo_heavy_hex_27,r16,efficient_su2,12,0,33,138,24,5.75
cairo_heavy_hex_27,r16,efficient_su2,12,0,44,121,24,5.041666666666667
cairo_heavy_hex_27,r16,efficient_su2,12,0,55,109,24,4.541666666666667
cairo_heavy_hex_27,r16,efficient_su2,12,1,11,24,24,1.0
cairo_heavy_hex_27,r16,efficient_su2,12,1,22,24,24,1.0
cairo_heavy_hex_27,r16,efficient_su2,12,1,33,24,24,1.0
cairo_heavy_hex_27,r16,efficient_su2,12,1,44,24,24,1.0
cairo_heavy_hex_27,r16,efficient_su2,12,1,55,24,24,1.0
cairo_heavy_hex_27,r16,efficient_su2,12,3,11,24,24,1.0
cairo_heavy_hex_27,r16,efficient_su2,12,3,22,24,24,1.0
cairo_heavy_hex_27,r16,efficient_su2,12,3,33,24,24,1.0
cairo_heavy_hex_27,r16,efficient_su2,12,3,44,24,24,1.0
cairo_heavy_hex_27,r16,efficient_su2,12,3,55,24,24,1.0
cairo_heavy_hex_27,r16,efficient_su2,16,0,11,187,32,5.84375
cairo_heavy_hex_27,r16,efficient_su2,16,0,22,195,32,6.09375
cairo_heavy_hex_27,r16,efficient_su2,16,0,33,192,32,6.0
cairo_heavy_hex_27,r16,efficient_su2,16,0,44,154,32,4.8125
cairo_heavy_hex_27,r16,efficient_su2,16,0,55,167,32,5.21875
cairo_heavy_hex_27,r16,efficient_su2,16,1,11,74,32,2.3125
cairo_heavy_hex_27,r16,efficient_su2,16,1,22,111,32,3.46875
cairo_heavy_hex_27,r16,efficient_su2,16,1,33,86,32,2.6875
cairo_heavy_hex_27,r16,efficient_su2,16,1,44,108,32,3.375
cairo_heavy_hex_27,r16,efficient_su2,16,1,55,80,32,2.5
cairo_heavy_hex_27,r16,efficient_su2,16,3,11,64,32,2.0
cairo_heavy_hex_27,r16,efficient_su2,16,3,22,72,32,2.25
cairo_heavy_hex_27,r16,efficient_su2,16,3,33,63,32,1.96875
cairo_heavy_hex_27,r16,efficient_su2,16,3,44,64,32,2.0
cairo_heavy_hex_27,r16,efficient_su2,16,3,55,80,32,2.5
cairo_heavy_hex_27,r16,efficient_su2,20,0,11,226,40,5.65
cairo_heavy_hex_27,r16,efficient_su2,20,0,22,269,40,6.725
cairo_heavy_hex_27,r16,efficient_su2,20,0,33,238,40,5.95
cairo_heavy_hex_27,r16,efficient_su2,20,0,44,229,40,5.725
cairo_heavy_hex_27,r16,efficient_su2,20,0,55,226,40,5.65
cairo_heavy_hex_27,r16,efficient_su2,20,1,11,40,40,1.0
cairo_heavy_hex_27,r16,efficient_su2,20,1,22,40,40,1.0
cairo_heavy_hex_27,r16,efficient_su2,20,1,33,40,40,1.0
cairo_heavy_hex_27,r16,efficient_su2,20,1,44,40,40,1.0
cairo_heavy_hex_27,r16,efficient_su2,20,1,55,40,40,1.0
cairo_heavy_hex_27,r16,efficient_su2,20,3,11,40,40,1.0
cairo_heavy_hex_27,r16,efficient_su2,20,3,22,40,40,1.0
cairo_heavy_hex_27,r16,efficient_su2,20,3,33,40,40,1.0
cairo_heavy_hex_27,r16,efficient_su2,20,3,44,40,40,1.0
cairo_heavy_hex_27,r16,efficient_su2,20,3,55,40,40,1.0
cairo_heavy_hex_27,r16,efficient_su2,24,0,11,295,48,6.145833333333333
cairo_heavy_hex_27,r16,efficient_su2,24,0,22,346,48,7.208333333333333
cairo_heavy_hex_27,r16,efficient_su2,24,0,33,309,48,6.4375
cairo_heavy_hex_27,r16,efficient_su2,24,0,44,308,48,6.416666666666667
cairo_heavy_hex_27,r16,efficient_su2,24,0,55,317,48,6.604166666666667
cairo_heavy_hex_27,r16,efficient_su2,24,1,11,141,48,2.9375
cairo_heavy_hex_27,r16,efficient_su2,24,1,22,168,48,3.5
cairo_heavy_hex_27,r16,efficient_su2,24,1,33,166,48,3.4583333333333335
cairo_heavy_hex_27,r16,efficient_su2,24,1,44,165,48,3.4375
cairo_heavy_hex_27,r16,efficient_su2,24,1,55,175,48,3.6458333333333335
cairo_heavy_hex_27,r16,efficient_su2,24,3,11,82,48,1.7083333333333333
cairo_heavy_hex_27,r16,efficient_su2,24,3,22,146,48,3.0416666666666665
cairo_heavy_hex_27,r16,efficient_su2,24,3,33,120,48,2.5
cairo_heavy_hex_27,r16,efficient_su2,24,3,44,139,48,2.8958333333333335
cairo_heavy_hex_27,r16,efficient_su2,24,3,55,97,48,2.0208333333333335
cairo_heavy_hex_27,r17,qft,4,0,11,25,10,2.5
cairo_heavy_hex_27,r17,qft,4,0,22,27,10,2.7
cairo_heavy_hex_27,r17,qft,4,0,33,29,10,2.9
cairo_heavy_hex_27,r17,qft,4,0,44,28,10,2.8
cairo_heavy_hex_27,r17,qft,4,0,55,37,10,3.7
cairo_heavy_hex_27,r17,qft,4,1,11,19,10,1.9
cairo_heavy_hex_27,r17,qft,4,1,22,19,10,1.9
cairo_heavy_hex_27,r17,qft,4,1,33,18,10,1.8
cairo_heavy_hex_27,r17,qft,4,1,44,18,10,1.8
cairo_heavy_hex_27,r17,qft,4,1,55,18,10,1.8
cairo_heavy_hex_27,r17,qft,4,3,11,18,10,1.8
cairo_heavy_hex_27,r17,qft,4,3,22,18,10,1.8
cairo_heavy_hex_27,r17,qft,4,3,33,18,10,1.8
cairo_heavy_hex_27,r17,qft,4,3,44,18,10,1.8
cairo_heavy_hex_27,r17,qft,4,3,55,18,10,1.8
cairo_heavy_hex_27,r17,qft,8,0,11,110,26,4.230769230769231
cairo_heavy_hex_27,r17,qft,8,0,22,106,26,4.076923076923077
cairo_heavy_hex_27,r17,qft,8,0,33,97,26,3.730769230769231
cairo_heavy_hex_27,r17,qft,8,0,44,92,26,3.5384615384615383
cairo_heavy_hex_27,r17,qft,8,0,55,106,26,4.076923076923077
cairo_heavy_hex_27,r17,qft,8,1,11,64,26,2.4615384615384617
cairo_heavy_hex_27,r17,qft,8,1,22,70,26,2.6923076923076925
cairo_heavy_hex_27,r17,qft,8,1,33,70,26,2.6923076923076925
cairo_heavy_hex_27,r17,qft,8,1,44,70,26,2.6923076923076925
cairo_heavy_hex_27,r17,qft,8,1,55,69,26,2.6538461538461537
cairo_heavy_hex_27,r17,qft,8,3,11,57,26,2.1923076923076925
cairo_heavy_hex_27,r17,qft,8,3,22,58,26,2.230769230769231
cairo_heavy_hex_27,r17,qft,8,3,33,52,26,2.0
cairo_heavy_hex_27,r17,qft,8,3,44,64,26,2.4615384615384617
cairo_heavy_hex_27,r17,qft,8,3,55,57,26,2.1923076923076925
cairo_heavy_hex_27,r17,qft,12,0,11,227,42,5.404761904761905
cairo_heavy_hex_27,r17,qft,12,0,22,201,42,4.785714285714286
cairo_heavy_hex_27,r17,qft,12,0,33,231,42,5.5
cairo_heavy_hex_27,r17,qft,12,0,44,228,42,5.428571428571429
cairo_heavy_hex_27,r17,qft,12,0,55,264,42,6.285714285714286
cairo_heavy_hex_27,r17,qft,12,1,11,123,42,2.9285714285714284
cairo_heavy_hex_27,r17,qft,12,1,22,156,42,3.7142857142857144
cairo_heavy_hex_27,r17,qft,12,1,33,123,42,2.9285714285714284
cairo_heavy_hex_27,r17,qft,12,1,44,107,42,2.5476190476190474
cairo_heavy_hex_27,r17,qft,12,1,55,138,42,3.2857142857142856
cairo_heavy_hex_27,r17,qft,12,3,11,91,42,2.1666666666666665
cairo_heavy_hex_27,r17,qft,12,3,22,81,42,1.9285714285714286
cairo_heavy_hex_27,r17,qft,12,3,33,123,42,2.9285714285714284
cairo_heavy_hex_27,r17,qft,12,3,44,118,42,2.8095238095238093
cairo_heavy_hex_27,r17,qft,12,3,55,126,42,3.0
cairo_heavy_hex_27,r17,qft,16,0,11,341,58,5.879310344827586
cairo_heavy_hex_27,r17,qft,16,0,22,389,58,6.706896551724138
cairo_heavy_hex_27,r17,qft,16,0,33,391,58,6.741379310344827
cairo_heavy_hex_27,r17,qft,16,0,44,360,58,6.206896551724138
cairo_heavy_hex_27,r17,qft,16,0,55,389,58,6.706896551724138
cairo_heavy_hex_27,r17,qft,16,1,11,237,58,4.086206896551724
cairo_heavy_hex_27,r17,qft,16,1,22,267,58,4.603448275862069
cairo_heavy_hex_27,r17,qft,16,1,33,224,58,3.8620689655172415
cairo_heavy_hex_27,r17,qft,16,1,44,218,58,3.7586206896551726
cairo_heavy_hex_27,r17,qft,16,1,55,161,58,2.7758620689655173
cairo_heavy_hex_27,r17,qft,16,3,11,113,58,1.9482758620689655
cairo_heavy_hex_27,r17,qft,16,3,22,167,58,2.8793103448275863
cairo_heavy_hex_27,r17,qft,16,3,33,147,58,2.5344827586206895
cairo_heavy_hex_27,r17,qft,16,3,44,125,58,2.1551724137931036
cairo_heavy_hex_27,r17,qft,16,3,55,115,58,1.9827586206896552
cairo_heavy_hex_27,r17,qft,20,0,11,475,74,6.418918918918919
cairo_heavy_hex_27,r17,qft,20,0,22,554,74,7.486486486486487
cairo_heavy_hex_27,r17,qft,20,0,33,475,74,6.418918918918919
cairo_heavy_hex_27,r17,qft,20,0,44,523,74,7.0675675675675675
cairo_heavy_hex_27,r17,qft,20,0,55,566,74,7.648648648648648
cairo_heavy_hex_27,r17,qft,20,1,11,215,74,2.9054054054054053
cairo_heavy_hex_27,r17,qft,20,1,22,225,74,3.0405405405405403
cairo_heavy_hex_27,r17,qft,20,1,33,349,74,4.716216216216216
cairo_heavy_hex_27,r17,qft,20,1,44,211,74,2.8513513513513513
cairo_heavy_hex_27,r17,qft,20,1,55,219,74,2.9594594594594597
cairo_heavy_hex_27,r17,qft,20,3,11,193,74,2.608108108108108
cairo_heavy_hex_27,r17,qft,20,3,22,282,74,3.810810810810811
cairo_heavy_hex_27,r17,qft,20,3,33,218,74,2.945945945945946
cairo_heavy_hex_27,r17,qft,20,3,44,195,74,2.635135135135135
cairo_heavy_hex_27,r17,qft,20,3,55,227,74,3.0675675675675675
cairo_heavy_hex_27,r17,qft,24,0,11,526,90,5.844444444444444
cairo_heavy_hex_27,r17,qft,24,0,22,551,90,6.122222222222222
cairo_heavy_hex_27,r17,qft,24,0,33,710,90,7.888888888888889
cairo_heavy_hex_27,r17,qft,24,0,44,716,90,7.955555555555556
cairo_heavy_hex_27,r17,qft,24,0,55,622,90,6.911111111111111
cairo_heavy_hex_27,r17,qft,24,1,11,327,90,3.6333333333333333
cairo_heavy_hex_27,r17,qft,24,1,22,372,90,4.133333333333334
cairo_heavy_hex_27,r17,qft,24,1,33,272,90,3.022222222222222
cairo_heavy_hex_27,r17,qft,24,1,44,509,90,5.655555555555556
cairo_heavy_hex_27,r17,qft,24,1,55,379,90,4.211111111111111
cairo_heavy_hex_27,r17,qft,24,3,11,256,90,2.8444444444444446
cairo_heavy_hex_27,r17,qft,24,3,22,260,90,2.888888888888889
cairo_heavy_hex_27,r17,qft,24,3,33,220,90,2.4444444444444446
cairo_heavy_hex_27,r17,qft,24,3,44,306,90,3.4
cairo_heavy_hex_27,r17,qft,24,3,55,273,90,3.033333333333333
cairo_heavy_hex_27,r17,ghz_chain,4,0,11,9,3,3.0
cairo_heavy_hex_27,r17,ghz_chain,4,0,22,12,3,4.0
cairo_heavy_hex_27,r17,ghz_chain,4,0,33,12,3,4.0
cairo_heavy_hex_27,r17,ghz_chain,4,0,44,18,3,6.0
cairo_heavy_hex_27,r17,ghz_chain,4,0,55,12,3,4.0
cairo_heavy_hex_27,r17,ghz_chain,4,1,11,3,3,1.0
cairo_heavy_hex_27,r17,ghz_chain,4,1,22,3,3,1.0
cairo_heavy_hex_27,r17,ghz_chain,4,1,33,3,3,1.0
cairo_heavy_hex_27,r17,ghz_chain,4,1,44,3,3,1.0
cairo_heavy_hex_27,r17,ghz_chain,4,1,55,3,3,1.0
cairo_heavy_hex_27,r17,ghz_chain,4,3,11,3,3,1.0
cairo_heavy_hex_27,r17,ghz_chain,4,3,22,3,3,1.0
cairo_heavy_hex_27,r17,ghz_chain,4,3,33,3,3,1.0
cairo_heavy_hex_27,r17,ghz_chain,4,3,44,3,3,1.0
cairo_heavy_hex_27,r17,ghz_chain,4,3,55,3,3,1.0
cairo_heavy_hex_27,r17,ghz_chain,8,0,11,28,7,4.0
cairo_heavy_hex_27,r17,ghz_chain,8,0,22,34,7,4.857142857142857
cairo_heavy_hex_27,r17,ghz_chain,8,0,33,28,7,4.0
cairo_heavy_hex_27,r17,ghz_chain,8,0,44,44,7,6.285714285714286
cairo_heavy_hex_27,r17,ghz_chain,8,0,55,40,7,5.714285714285714
cairo_heavy_hex_27,r17,ghz_chain,8,1,11,7,7,1.0
cairo_heavy_hex_27,r17,ghz_chain,8,1,22,7,7,1.0
cairo_heavy_hex_27,r17,ghz_chain,8,1,33,7,7,1.0
cairo_heavy_hex_27,r17,ghz_chain,8,1,44,7,7,1.0
cairo_heavy_hex_27,r17,ghz_chain,8,1,55,7,7,1.0
cairo_heavy_hex_27,r17,ghz_chain,8,3,11,7,7,1.0
cairo_heavy_hex_27,r17,ghz_chain,8,3,22,7,7,1.0
cairo_heavy_hex_27,r17,ghz_chain,8,3,33,7,7,1.0
cairo_heavy_hex_27,r17,ghz_chain,8,3,44,7,7,1.0
cairo_heavy_hex_27,r17,ghz_chain,8,3,55,7,7,1.0
cairo_heavy_hex_27,r17,ghz_chain,12,0,11,47,11,4.2727272727272725
cairo_heavy_hex_27,r17,ghz_chain,12,0,22,62,11,5.636363636363637
cairo_heavy_hex_27,r17,ghz_chain,12,0,33,63,11,5.7272727272727275
cairo_heavy_hex_27,r17,ghz_chain,12,0,44,52,11,4.7272727272727275
cairo_heavy_hex_27,r17,ghz_chain,12,0,55,56,11,5.090909090909091
cairo_heavy_hex_27,r17,ghz_chain,12,1,11,11,11,1.0
cairo_heavy_hex_27,r17,ghz_chain,12,1,22,11,11,1.0
cairo_heavy_hex_27,r17,ghz_chain,12,1,33,11,11,1.0
cairo_heavy_hex_27,r17,ghz_chain,12,1,44,11,11,1.0
cairo_heavy_hex_27,r17,ghz_chain,12,1,55,11,11,1.0
cairo_heavy_hex_27,r17,ghz_chain,12,3,11,11,11,1.0
cairo_heavy_hex_27,r17,ghz_chain,12,3,22,11,11,1.0
cairo_heavy_hex_27,r17,ghz_chain,12,3,33,11,11,1.0
cairo_heavy_hex_27,r17,ghz_chain,12,3,44,11,11,1.0
cairo_heavy_hex_27,r17,ghz_chain,12,3,55,11,11,1.0
cairo_heavy_hex_27,r17,ghz_chain,16,0,11,63,15,4.2
cairo_heavy_hex_27,r17,ghz_chain,16,0,22,87,15,5.8
cairo_heavy_hex_27,r17,ghz_chain,16,0,33,79,15,5.266666666666667
cairo_heavy_hex_27,r17,ghz_chain,16,0,44,71,15,4.733333333333333
cairo_heavy_hex_27,r17,ghz_chain,16,0,55,81,15,5.4
cairo_heavy_hex_27,r17,ghz_chain,16,1,11,15,15,1.0
cairo_heavy_hex_27,r17,ghz_chain,16,1,22,15,15,1.0
cairo_heavy_hex_27,r17,ghz_chain,16,1,33,15,15,1.0
cairo_heavy_hex_27,r17,ghz_chain,16,1,44,15,15,1.0
cairo_heavy_hex_27,r17,ghz_chain,16,1,55,15,15,1.0
cairo_heavy_hex_27,r17,ghz_chain,16,3,11,15,15,1.0
cairo_heavy_hex_27,r17,ghz_chain,16,3,22,15,15,1.0
cairo_heavy_hex_27,r17,ghz_chain,16,3,33,15,15,1.0
cairo_heavy_hex_27,r17,ghz_chain,16,3,44,15,15,1.0
cairo_heavy_hex_27,r17,ghz_chain,16,3,55,15,15,1.0
cairo_heavy_hex_27,r17,ghz_chain,20,0,11,94,19,4.947368421052632
cairo_heavy_hex_27,r17,ghz_chain,20,0,22,128,19,6.7368421052631575
cairo_heavy_hex_27,r17,ghz_chain,20,0,33,117,19,6.157894736842105
cairo_heavy_hex_27,r17,ghz_chain,20,0,44,108,19,5.684210526315789
cairo_heavy_hex_27,r17,ghz_chain,20,0,55,118,19,6.2105263157894735
cairo_heavy_hex_27,r17,ghz_chain,20,1,11,19,19,1.0
cairo_heavy_hex_27,r17,ghz_chain,20,1,22,19,19,1.0
cairo_heavy_hex_27,r17,ghz_chain,20,1,33,19,19,1.0
cairo_heavy_hex_27,r17,ghz_chain,20,1,44,19,19,1.0
cairo_heavy_hex_27,r17,ghz_chain,20,1,55,19,19,1.0
cairo_heavy_hex_27,r17,ghz_chain,20,3,11,19,19,1.0
cairo_heavy_hex_27,r17,ghz_chain,20,3,22,19,19,1.0
cairo_heavy_hex_27,r17,ghz_chain,20,3,33,19,19,1.0
cairo_heavy_hex_27,r17,ghz_chain,20,3,44,19,19,1.0
cairo_heavy_hex_27,r17,ghz_chain,20,3,55,19,19,1.0
cairo_heavy_hex_27,r17,ghz_chain,24,0,11,110,23,4.782608695652174
cairo_heavy_hex_27,r17,ghz_chain,24,0,22,143,23,6.217391304347826
cairo_heavy_hex_27,r17,ghz_chain,24,0,33,150,23,6.521739130434782
cairo_heavy_hex_27,r17,ghz_chain,24,0,44,136,23,5.913043478260869
cairo_heavy_hex_27,r17,ghz_chain,24,0,55,142,23,6.173913043478261
cairo_heavy_hex_27,r17,ghz_chain,24,1,11,74,23,3.217391304347826
cairo_heavy_hex_27,r17,ghz_chain,24,1,22,81,23,3.5217391304347827
cairo_heavy_hex_27,r17,ghz_chain,24,1,33,76,23,3.3043478260869565
cairo_heavy_hex_27,r17,ghz_chain,24,1,44,77,23,3.347826086956522
cairo_heavy_hex_27,r17,ghz_chain,24,1,55,76,23,3.3043478260869565
cairo_heavy_hex_27,r17,ghz_chain,24,3,11,66,23,2.869565217391304
cairo_heavy_hex_27,r17,ghz_chain,24,3,22,68,23,2.9565217391304346
cairo_heavy_hex_27,r17,ghz_chain,24,3,33,64,23,2.782608695652174
cairo_heavy_hex_27,r17,ghz_chain,24,3,44,59,23,2.5652173913043477
cairo_heavy_hex_27,r17,ghz_chain,24,3,55,63,23,2.739130434782609
cairo_heavy_hex_27,r17,ghz_star,4,0,11,18,3,6.0
cairo_heavy_hex_27,r17,ghz_star,4,0,22,15,3,5.0
cairo_heavy_hex_27,r17,ghz_star,4,0,33,15,3,5.0
cairo_heavy_hex_27,r17,ghz_star,4,0,44,20,3,6.666666666666667
cairo_heavy_hex_27,r17,ghz_star,4,0,55,18,3,6.0
cairo_heavy_hex_27,r17,ghz_star,4,1,11,3,3,1.0
cairo_heavy_hex_27,r17,ghz_star,4,1,22,3,3,1.0
cairo_heavy_hex_27,r17,ghz_star,4,1,33,3,3,1.0
cairo_heavy_hex_27,r17,ghz_star,4,1,44,3,3,1.0
cairo_heavy_hex_27,r17,ghz_star,4,1,55,3,3,1.0
cairo_heavy_hex_27,r17,ghz_star,4,3,11,3,3,1.0
cairo_heavy_hex_27,r17,ghz_star,4,3,22,3,3,1.0
cairo_heavy_hex_27,r17,ghz_star,4,3,33,3,3,1.0
cairo_heavy_hex_27,r17,ghz_star,4,3,44,3,3,1.0
cairo_heavy_hex_27,r17,ghz_star,4,3,55,3,3,1.0
cairo_heavy_hex_27,r17,ghz_star,8,0,11,43,7,6.142857142857143
cairo_heavy_hex_27,r17,ghz_star,8,0,22,37,7,5.285714285714286
cairo_heavy_hex_27,r17,ghz_star,8,0,33,46,7,6.571428571428571
cairo_heavy_hex_27,r17,ghz_star,8,0,44,46,7,6.571428571428571
cairo_heavy_hex_27,r17,ghz_star,8,0,55,44,7,6.285714285714286
cairo_heavy_hex_27,r17,ghz_star,8,1,11,20,7,2.857142857142857
cairo_heavy_hex_27,r17,ghz_star,8,1,22,17,7,2.4285714285714284
cairo_heavy_hex_27,r17,ghz_star,8,1,33,19,7,2.7142857142857144
cairo_heavy_hex_27,r17,ghz_star,8,1,44,19,7,2.7142857142857144
cairo_heavy_hex_27,r17,ghz_star,8,1,55,16,7,2.2857142857142856
cairo_heavy_hex_27,r17,ghz_star,8,3,11,20,7,2.857142857142857
cairo_heavy_hex_27,r17,ghz_star,8,3,22,16,7,2.2857142857142856
cairo_heavy_hex_27,r17,ghz_star,8,3,33,17,7,2.4285714285714284
cairo_heavy_hex_27,r17,ghz_star,8,3,44,16,7,2.2857142857142856
cairo_heavy_hex_27,r17,ghz_star,8,3,55,14,7,2.0
cairo_heavy_hex_27,r17,ghz_star,12,0,11,74,11,6.7272727272727275
cairo_heavy_hex_27,r17,ghz_star,12,0,22,58,11,5.2727272727272725
cairo_heavy_hex_27,r17,ghz_star,12,0,33,71,11,6.454545454545454
cairo_heavy_hex_27,r17,ghz_star,12,0,44,62,11,5.636363636363637
cairo_heavy_hex_27,r17,ghz_star,12,0,55,65,11,5.909090909090909
cairo_heavy_hex_27,r17,ghz_star,12,1,11,35,11,3.1818181818181817
cairo_heavy_hex_27,r17,ghz_star,12,1,22,39,11,3.5454545454545454
cairo_heavy_hex_27,r17,ghz_star,12,1,33,31,11,2.8181818181818183
cairo_heavy_hex_27,r17,ghz_star,12,1,44,34,11,3.090909090909091
cairo_heavy_hex_27,r17,ghz_star,12,1,55,43,11,3.909090909090909
cairo_heavy_hex_27,r17,ghz_star,12,3,11,33,11,3.0
cairo_heavy_hex_27,r17,ghz_star,12,3,22,26,11,2.3636363636363638
cairo_heavy_hex_27,r17,ghz_star,12,3,33,33,11,3.0
cairo_heavy_hex_27,r17,ghz_star,12,3,44,30,11,2.727272727272727
cairo_heavy_hex_27,r17,ghz_star,12,3,55,27,11,2.4545454545454546
cairo_heavy_hex_27,r17,ghz_star,16,0,11,85,15,5.666666666666667
cairo_heavy_hex_27,r17,ghz_star,16,0,22,74,15,4.933333333333334
cairo_heavy_hex_27,r17,ghz_star,16,0,33,74,15,4.933333333333334
cairo_heavy_hex_27,r17,ghz_star,16,0,44,95,15,6.333333333333333
cairo_heavy_hex_27,r17,ghz_star,16,0,55,89,15,5.933333333333334
cairo_heavy_hex_27,r17,ghz_star,16,1,11,63,15,4.2
cairo_heavy_hex_27,r17,ghz_star,16,1,22,63,15,4.2
cairo_heavy_hex_27,r17,ghz_star,16,1,33,47,15,3.1333333333333333
cairo_heavy_hex_27,r17,ghz_star,16,1,44,59,15,3.933333333333333
cairo_heavy_hex_27,r17,ghz_star,16,1,55,63,15,4.2
cairo_heavy_hex_27,r17,ghz_star,16,3,11,50,15,3.3333333333333335
cairo_heavy_hex_27,r17,ghz_star,16,3,22,50,15,3.3333333333333335
cairo_heavy_hex_27,r17,ghz_star,16,3,33,51,15,3.4
cairo_heavy_hex_27,r17,ghz_star,16,3,44,49,15,3.2666666666666666
cairo_heavy_hex_27,r17,ghz_star,16,3,55,50,15,3.3333333333333335
cairo_heavy_hex_27,r17,ghz_star,20,0,11,119,19,6.2631578947368425
cairo_heavy_hex_27,r17,ghz_star,20,0,22,114,19,6.0
cairo_heavy_hex_27,r17,ghz_star,20,0,33,121,19,6.368421052631579
cairo_heavy_hex_27,r17,ghz_star,20,0,44,106,19,5.578947368421052
cairo_heavy_hex_27,r17,ghz_star,20,0,55,121,19,6.368421052631579
cairo_heavy_hex_27,r17,ghz_star,20,1,11,78,19,4.105263157894737
cairo_heavy_hex_27,r17,ghz_star,20,1,22,78,19,4.105263157894737
cairo_heavy_hex_27,r17,ghz_star,20,1,33,94,19,4.947368421052632
cairo_heavy_hex_27,r17,ghz_star,20,1,44,75,19,3.9473684210526314
cairo_heavy_hex_27,r17,ghz_star,20,1,55,78,19,4.105263157894737
cairo_heavy_hex_27,r17,ghz_star,20,3,11,71,19,3.736842105263158
cairo_heavy_hex_27,r17,ghz_star,20,3,22,71,19,3.736842105263158
cairo_heavy_hex_27,r17,ghz_star,20,3,33,57,19,3.0
cairo_heavy_hex_27,r17,ghz_star,20,3,44,69,19,3.6315789473684212
cairo_heavy_hex_27,r17,ghz_star,20,3,55,61,19,3.210526315789474
cairo_heavy_hex_27,r17,ghz_star,24,0,11,153,23,6.6521739130434785
cairo_heavy_hex_27,r17,ghz_star,24,0,22,151,23,6.565217391304348
cairo_heavy_hex_27,r17,ghz_star,24,0,33,152,23,6.608695652173913
cairo_heavy_hex_27,r17,ghz_star,24,0,44,139,23,6.043478260869565
cairo_heavy_hex_27,r17,ghz_star,24,0,55,144,23,6.260869565217392
cairo_heavy_hex_27,r17,ghz_star,24,1,11,78,23,3.391304347826087
cairo_heavy_hex_27,r17,ghz_star,24,1,22,78,23,3.391304347826087
cairo_heavy_hex_27,r17,ghz_star,24,1,33,83,23,3.608695652173913
cairo_heavy_hex_27,r17,ghz_star,24,1,44,80,23,3.4782608695652173
cairo_heavy_hex_27,r17,ghz_star,24,1,55,86,23,3.739130434782609
cairo_heavy_hex_27,r17,ghz_star,24,3,11,63,23,2.739130434782609
cairo_heavy_hex_27,r17,ghz_star,24,3,22,63,23,2.739130434782609
cairo_heavy_hex_27,r17,ghz_star,24,3,33,63,23,2.739130434782609
cairo_heavy_hex_27,r17,ghz_star,24,3,44,63,23,2.739130434782609
cairo_heavy_hex_27,r17,ghz_star,24,3,55,63,23,2.739130434782609
cairo_heavy_hex_27,r17,efficient_su2,4,0,11,32,8,4.0
cairo_heavy_hex_27,r17,efficient_su2,4,0,22,40,8,5.0
cairo_heavy_hex_27,r17,efficient_su2,4,0,33,45,8,5.625
cairo_heavy_hex_27,r17,efficient_su2,4,0,44,39,8,4.875
cairo_heavy_hex_27,r17,efficient_su2,4,0,55,38,8,4.75
cairo_heavy_hex_27,r17,efficient_su2,4,1,11,17,8,2.125
cairo_heavy_hex_27,r17,efficient_su2,4,1,22,17,8,2.125
cairo_heavy_hex_27,r17,efficient_su2,4,1,33,17,8,2.125
cairo_heavy_hex_27,r17,efficient_su2,4,1,44,17,8,2.125
cairo_heavy_hex_27,r17,efficient_su2,4,1,55,16,8,2.0
cairo_heavy_hex_27,r17,efficient_su2,4,3,11,17,8,2.125
cairo_heavy_hex_27,r17,efficient_su2,4,3,22,17,8,2.125
cairo_heavy_hex_27,r17,efficient_su2,4,3,33,17,8,2.125
cairo_heavy_hex_27,r17,efficient_su2,4,3,44,17,8,2.125
cairo_heavy_hex_27,r17,efficient_su2,4,3,55,17,8,2.125
cairo_heavy_hex_27,r17,efficient_su2,8,0,11,73,16,4.5625
cairo_heavy_hex_27,r17,efficient_su2,8,0,22,78,16,4.875
cairo_heavy_hex_27,r17,efficient_su2,8,0,33,58,16,3.625
cairo_heavy_hex_27,r17,efficient_su2,8,0,44,82,16,5.125
cairo_heavy_hex_27,r17,efficient_su2,8,0,55,70,16,4.375
cairo_heavy_hex_27,r17,efficient_su2,8,1,11,52,16,3.25
cairo_heavy_hex_27,r17,efficient_su2,8,1,22,38,16,2.375
cairo_heavy_hex_27,r17,efficient_su2,8,1,33,40,16,2.5
cairo_heavy_hex_27,r17,efficient_su2,8,1,44,44,16,2.75
cairo_heavy_hex_27,r17,efficient_su2,8,1,55,40,16,2.5
cairo_heavy_hex_27,r17,efficient_su2,8,3,11,40,16,2.5
cairo_heavy_hex_27,r17,efficient_su2,8,3,22,40,16,2.5
cairo_heavy_hex_27,r17,efficient_su2,8,3,33,40,16,2.5
cairo_heavy_hex_27,r17,efficient_su2,8,3,44,40,16,2.5
cairo_heavy_hex_27,r17,efficient_su2,8,3,55,40,16,2.5
cairo_heavy_hex_27,r17,efficient_su2,12,0,11,108,24,4.5
cairo_heavy_hex_27,r17,efficient_su2,12,0,22,143,24,5.958333333333333
cairo_heavy_hex_27,r17,efficient_su2,12,0,33,139,24,5.791666666666667
cairo_heavy_hex_27,r17,efficient_su2,12,0,44,124,24,5.166666666666667
cairo_heavy_hex_27,r17,efficient_su2,12,0,55,125,24,5.208333333333333
cairo_heavy_hex_27,r17,efficient_su2,12,1,11,24,24,1.0
cairo_heavy_hex_27,r17,efficient_su2,12,1,22,24,24,1.0
cairo_heavy_hex_27,r17,efficient_su2,12,1,33,24,24,1.0
cairo_heavy_hex_27,r17,efficient_su2,12,1,44,24,24,1.0
cairo_heavy_hex_27,r17,efficient_su2,12,1,55,24,24,1.0
cairo_heavy_hex_27,r17,efficient_su2,12,3,11,24,24,1.0
cairo_heavy_hex_27,r17,efficient_su2,12,3,22,24,24,1.0
cairo_heavy_hex_27,r17,efficient_su2,12,3,33,24,24,1.0
cairo_heavy_hex_27,r17,efficient_su2,12,3,44,24,24,1.0
cairo_heavy_hex_27,r17,efficient_su2,12,3,55,24,24,1.0
cairo_heavy_hex_27,r17,efficient_su2,16,0,11,136,32,4.25
cairo_heavy_hex_27,r17,efficient_su2,16,0,22,195,32,6.09375
cairo_heavy_hex_27,r17,efficient_su2,16,0,33,210,32,6.5625
cairo_heavy_hex_27,r17,efficient_su2,16,0,44,173,32,5.40625
cairo_heavy_hex_27,r17,efficient_su2,16,0,55,179,32,5.59375
cairo_heavy_hex_27,r17,efficient_su2,16,1,11,102,32,3.1875
cairo_heavy_hex_27,r17,efficient_su2,16,1,22,59,32,1.84375
cairo_heavy_hex_27,r17,efficient_su2,16,1,33,107,32,3.34375
cairo_heavy_hex_27,r17,efficient_su2,16,1,44,59,32,1.84375
cairo_heavy_hex_27,r17,efficient_su2,16,1,55,93,32,2.90625
cairo_heavy_hex_27,r17,efficient_su2,16,3,11,71,32,2.21875
cairo_heavy_hex_27,r17,efficient_su2,16,3,22,64,32,2.0
cairo_heavy_hex_27,r17,efficient_su2,16,3,33,56,32,1.75
cairo_heavy_hex_27,r17,efficient_su2,16,3,44,48,32,1.5
cairo_heavy_hex_27,r17,efficient_su2,16,3,55,85,32,2.65625
cairo_heavy_hex_27,r17,efficient_su2,20,0,11,190,40,4.75
cairo_heavy_hex_27,r17,efficient_su2,20,0,22,236,40,5.9
cairo_heavy_hex_27,r17,efficient_su2,20,0,33,231,40,5.775
cairo_heavy_hex_27,r17,efficient_su2,20,0,44,230,40,5.75
cairo_heavy_hex_27,r17,efficient_su2,20,0,55,214,40,5.35
cairo_heavy_hex_27,r17,efficient_su2,20,1,11,40,40,1.0
cairo_heavy_hex_27,r17,efficient_su2,20,1,22,40,40,1.0
cairo_heavy_hex_27,r17,efficient_su2,20,1,33,40,40,1.0
cairo_heavy_hex_27,r17,efficient_su2,20,1,44,40,40,1.0
cairo_heavy_hex_27,r17,efficient_su2,20,1,55,40,40,1.0
cairo_heavy_hex_27,r17,efficient_su2,20,3,11,40,40,1.0
cairo_heavy_hex_27,r17,efficient_su2,20,3,22,40,40,1.0
cairo_heavy_hex_27,r17,efficient_su2,20,3,33,40,40,1.0
cairo_heavy_hex_27,r17,efficient_su2,20,3,44,40,40,1.0
cairo_heavy_hex_27,r17,efficient_su2,20,3,55,40,40,1.0
cairo_heavy_hex_27,r17,efficient_su2,24,0,11,313,48,6.520833333333333
cairo_heavy_hex_27,r17,efficient_su2,24,0,22,268,48,5.583333333333333
cairo_heavy_hex_27,r17,efficient_su2,24,0,33,304,48,6.333333333333333
cairo_heavy_hex_27,r17,efficient_su2,24,0,44,289,48,6.020833333333333
cairo_heavy_hex_27,r17,efficient_su2,24,0,55,287,48,5.979166666666667
cairo_heavy_hex_27,r17,efficient_su2,24,1,11,182,48,3.7916666666666665
cairo_heavy_hex_27,r17,efficient_su2,24,1,22,161,48,3.3541666666666665
cairo_heavy_hex_27,r17,efficient_su2,24,1,33,161,48,3.3541666666666665
cairo_heavy_hex_27,r17,efficient_su2,24,1,44,161,48,3.3541666666666665
cairo_heavy_hex_27,r17,efficient_su2,24,1,55,162,48,3.375
cairo_heavy_hex_27,r17,efficient_su2,24,3,11,154,48,3.2083333333333335
cairo_heavy_hex_27,r17,efficient_su2,24,3,22,138,48,2.875
cairo_heavy_hex_27,r17,efficient_su2,24,3,33,155,48,3.2291666666666665
cairo_heavy_hex_27,r17,efficient_su2,24,3,44,123,48,2.5625
cairo_heavy_hex_27,r17,efficient_su2,24,3,55,118,48,2.4583333333333335
cairo_heavy_hex_27,r18,qft,4,0,11,37,10,3.7
cairo_heavy_hex_27,r18,qft,4,0,22,35,10,3.5
cairo_heavy_hex_27,r18,qft,4,0,33,43,10,4.3
cairo_heavy_hex_27,r18,qft,4,0,44,37,10,3.7
cairo_heavy_hex_27,r18,qft,4,0,55,43,10,4.3
cairo_heavy_hex_27,r18,qft,4,1,11,18,10,1.8
cairo_heavy_hex_27,r18,qft,4,1,22,18,10,1.8
cairo_heavy_hex_27,r18,qft,4,1,33,18,10,1.8
cairo_heavy_hex_27,r18,qft,4,1,44,18,10,1.8
cairo_heavy_hex_27,r18,qft,4,1,55,18,10,1.8
cairo_heavy_hex_27,r18,qft,4,3,11,18,10,1.8
cairo_heavy_hex_27,r18,qft,4,3,22,18,10,1.8
cairo_heavy_hex_27,r18,qft,4,3,33,18,10,1.8
cairo_heavy_hex_27,r18,qft,4,3,44,18,10,1.8
cairo_heavy_hex_27,r18,qft,4,3,55,16,10,1.6
cairo_heavy_hex_27,r18,qft,8,0,11,122,26,4.6923076923076925
cairo_heavy_hex_27,r18,qft,8,0,22,132,26,5.076923076923077
cairo_heavy_hex_27,r18,qft,8,0,33,144,26,5.538461538461538
cairo_heavy_hex_27,r18,qft,8,0,44,109,26,4.1923076923076925
cairo_heavy_hex_27,r18,qft,8,0,55,125,26,4.8076923076923075
cairo_heavy_hex_27,r18,qft,8,1,11,72,26,2.769230769230769
cairo_heavy_hex_27,r18,qft,8,1,22,70,26,2.6923076923076925
cairo_heavy_hex_27,r18,qft,8,1,33,72,26,2.769230769230769
cairo_heavy_hex_27,r18,qft,8,1,44,71,26,2.730769230769231
cairo_heavy_hex_27,r18,qft,8,1,55,66,26,2.5384615384615383
cairo_heavy_hex_27,r18,qft,8,3,11,58,26,2.230769230769231
cairo_heavy_hex_27,r18,qft,8,3,22,56,26,2.1538461538461537
cairo_heavy_hex_27,r18,qft,8,3,33,58,26,2.230769230769231
cairo_heavy_hex_27,r18,qft,8,3,44,52,26,2.0
cairo_heavy_hex_27,r18,qft,8,3,55,52,26,2.0
cairo_heavy_hex_27,r18,qft,12,0,11,245,42,5.833333333333333
cairo_heavy_hex_27,r18,qft,12,0,22,252,42,6.0
cairo_heavy_hex_27,r18,qft,12,0,33,253,42,6.023809523809524
cairo_heavy_hex_27,r18,qft,12,0,44,229,42,5.4523809523809526
cairo_heavy_hex_27,r18,qft,12,0,55,191,42,4.5476190476190474
cairo_heavy_hex_27,r18,qft,12,1,11,132,42,3.142857142857143
cairo_heavy_hex_27,r18,qft,12,1,22,123,42,2.9285714285714284
cairo_heavy_hex_27,r18,qft,12,1,33,170,42,4.0476190476190474
cairo_heavy_hex_27,r18,qft,12,1,44,117,42,2.7857142857142856
cairo_heavy_hex_27,r18,qft,12,1,55,128,42,3.0476190476190474
cairo_heavy_hex_27,r18,qft,12,3,11,130,42,3.0952380952380953
cairo_heavy_hex_27,r18,qft,12,3,22,117,42,2.7857142857142856
cairo_heavy_hex_27,r18,qft,12,3,33,144,42,3.4285714285714284
cairo_heavy_hex_27,r18,qft,12,3,44,111,42,2.642857142857143
cairo_heavy_hex_27,r18,qft,12,3,55,112,42,2.6666666666666665
cairo_heavy_hex_27,r18,qft,16,0,11,405,58,6.982758620689655
cairo_heavy_hex_27,r18,qft,16,0,22,377,58,6.5
cairo_heavy_hex_27,r18,qft,16,0,33,375,58,6.4655172413793105
cairo_heavy_hex_27,r18,qft,16,0,44,395,58,6.810344827586207
cairo_heavy_hex_27,r18,qft,16,0,55,350,58,6.0344827586206895
cairo_heavy_hex_27,r18,qft,16,1,11,204,58,3.5172413793103448
cairo_heavy_hex_27,r18,qft,16,1,22,166,58,2.8620689655172415
cairo_heavy_hex_27,r18,qft,16,1,33,227,58,3.913793103448276
cairo_heavy_hex_27,r18,qft,16,1,44,198,58,3.413793103448276
cairo_heavy_hex_27,r18,qft,16,1,55,221,58,3.810344827586207
cairo_heavy_hex_27,r18,qft,16,3,11,130,58,2.2413793103448274
cairo_heavy_hex_27,r18,qft,16,3,22,185,58,3.189655172413793
cairo_heavy_hex_27,r18,qft,16,3,33,169,58,2.913793103448276
cairo_heavy_hex_27,r18,qft,16,3,44,158,58,2.7241379310344827
cairo_heavy_hex_27,r18,qft,16,3,55,151,58,2.603448275862069
cairo_heavy_hex_27,r18,qft,20,0,11,459,74,6.202702702702703
cairo_heavy_hex_27,r18,qft,20,0,22,398,74,5.378378378378378
cairo_heavy_hex_27,r18,qft,20,0,33,447,74,6.04054054054054
cairo_heavy_hex_27,r18,qft,20,0,44,466,74,6.297297297297297
cairo_heavy_hex_27,r18,qft,20,0,55,459,74,6.202702702702703
cairo_heavy_hex_27,r18,qft,20,1,11,230,74,3.108108108108108
cairo_heavy_hex_27,r18,qft,20,1,22,209,74,2.824324324324324
cairo_heavy_hex_27,r18,qft,20,1,33,327,74,4.418918918918919
cairo_heavy_hex_27,r18,qft,20,1,44,309,74,4.175675675675675
cairo_heavy_hex_27,r18,qft,20,1,55,277,74,3.7432432432432434
cairo_heavy_hex_27,r18,qft,20,3,11,158,74,2.135135135135135
cairo_heavy_hex_27,r18,qft,20,3,22,257,74,3.472972972972973
cairo_heavy_hex_27,r18,qft,20,3,33,217,74,2.9324324324324325
cairo_heavy_hex_27,r18,qft,20,3,44,199,74,2.689189189189189
cairo_heavy_hex_27,r18,qft,20,3,55,149,74,2.0135135135135136
cairo_heavy_hex_27,r18,qft,24,0,11,638,90,7.088888888888889
cairo_heavy_hex_27,r18,qft,24,0,22,581,90,6.455555555555556
cairo_heavy_hex_27,r18,qft,24,0,33,622,90,6.911111111111111
cairo_heavy_hex_27,r18,qft,24,0,44,591,90,6.566666666666666
cairo_heavy_hex_27,r18,qft,24,0,55,600,90,6.666666666666667
cairo_heavy_hex_27,r18,qft,24,1,11,474,90,5.266666666666667
cairo_heavy_hex_27,r18,qft,24,1,22,332,90,3.688888888888889
cairo_heavy_hex_27,r18,qft,24,1,33,435,90,4.833333333333333
cairo_heavy_hex_27,r18,qft,24,1,44,371,90,4.122222222222222
cairo_heavy_hex_27,r18,qft,24,1,55,376,90,4.177777777777778
cairo_heavy_hex_27,r18,qft,24,3,11,241,90,2.6777777777777776
cairo_heavy_hex_27,r18,qft,24,3,22,286,90,3.1777777777777776
cairo_heavy_hex_27,r18,qft,24,3,33,271,90,3.011111111111111
cairo_heavy_hex_27,r18,qft,24,3,44,325,90,3.611111111111111
cairo_heavy_hex_27,r18,qft,24,3,55,263,90,2.922222222222222
cairo_heavy_hex_27,r18,ghz_chain,4,0,11,33,3,11.0
cairo_heavy_hex_27,r18,ghz_chain,4,0,22,18,3,6.0
cairo_heavy_hex_27,r18,ghz_chain,4,0,33,21,3,7.0
cairo_heavy_hex_27,r18,ghz_chain,4,0,44,24,3,8.0
cairo_heavy_hex_27,r18,ghz_chain,4,0,55,24,3,8.0
cairo_heavy_hex_27,r18,ghz_chain,4,1,11,3,3,1.0
cairo_heavy_hex_27,r18,ghz_chain,4,1,22,3,3,1.0
cairo_heavy_hex_27,r18,ghz_chain,4,1,33,3,3,1.0
cairo_heavy_hex_27,r18,ghz_chain,4,1,44,3,3,1.0
cairo_heavy_hex_27,r18,ghz_chain,4,1,55,3,3,1.0
cairo_heavy_hex_27,r18,ghz_chain,4,3,11,3,3,1.0
cairo_heavy_hex_27,r18,ghz_chain,4,3,22,3,3,1.0
cairo_heavy_hex_27,r18,ghz_chain,4,3,33,3,3,1.0
cairo_heavy_hex_27,r18,ghz_chain,4,3,44,3,3,1.0
cairo_heavy_hex_27,r18,ghz_chain,4,3,55,3,3,1.0
cairo_heavy_hex_27,r18,ghz_chain,8,0,11,73,7,10.428571428571429
cairo_heavy_hex_27,r18,ghz_chain,8,0,22,67,7,9.571428571428571
cairo_heavy_hex_27,r18,ghz_chain,8,0,33,58,7,8.285714285714286
cairo_heavy_hex_27,r18,ghz_chain,8,0,44,55,7,7.857142857142857
cairo_heavy_hex_27,r18,ghz_chain,8,0,55,52,7,7.428571428571429
cairo_heavy_hex_27,r18,ghz_chain,8,1,11,7,7,1.0
cairo_heavy_hex_27,r18,ghz_chain,8,1,22,7,7,1.0
cairo_heavy_hex_27,r18,ghz_chain,8,1,33,7,7,1.0
cairo_heavy_hex_27,r18,ghz_chain,8,1,44,7,7,1.0
cairo_heavy_hex_27,r18,ghz_chain,8,1,55,7,7,1.0
cairo_heavy_hex_27,r18,ghz_chain,8,3,11,7,7,1.0
cairo_heavy_hex_27,r18,ghz_chain,8,3,22,7,7,1.0
cairo_heavy_hex_27,r18,ghz_chain,8,3,33,7,7,1.0
cairo_heavy_hex_27,r18,ghz_chain,8,3,44,7,7,1.0
cairo_heavy_hex_27,r18,ghz_chain,8,3,55,7,7,1.0
cairo_heavy_hex_27,r18,ghz_chain,12,0,11,91,11,8.272727272727273
cairo_heavy_hex_27,r18,ghz_chain,12,0,22,71,11,6.454545454545454
cairo_heavy_hex_27,r18,ghz_chain,12,0,33,77,11,7.0
cairo_heavy_hex_27,r18,ghz_chain,12,0,44,86,11,7.818181818181818
cairo_heavy_hex_27,r18,ghz_chain,12,0,55,83,11,7.545454545454546
cairo_heavy_hex_27,r18,ghz_chain,12,1,11,11,11,1.0
cairo_heavy_hex_27,r18,ghz_chain,12,1,22,11,11,1.0
cairo_heavy_hex_27,r18,ghz_chain,12,1,33,11,11,1.0
cairo_heavy_hex_27,r18,ghz_chain,12,1,44,11,11,1.0
cairo_heavy_hex_27,r18,ghz_chain,12,1,55,11,11,1.0
cairo_heavy_hex_27,r18,ghz_chain,12,3,11,11,11,1.0
cairo_heavy_hex_27,r18,ghz_chain,12,3,22,11,11,1.0
cairo_heavy_hex_27,r18,ghz_chain,12,3,33,11,11,1.0
cairo_heavy_hex_27,r18,ghz_chain,12,3,44,11,11,1.0
cairo_heavy_hex_27,r18,ghz_chain,12,3,55,11,11,1.0
cairo_heavy_hex_27,r18,ghz_chain,16,0,11,122,15,8.133333333333333
cairo_heavy_hex_27,r18,ghz_chain,16,0,22,126,15,8.4
cairo_heavy_hex_27,r18,ghz_chain,16,0,33,108,15,7.2
cairo_heavy_hex_27,r18,ghz_chain,16,0,44,108,15,7.2
cairo_heavy_hex_27,r18,ghz_chain,16,0,55,126,15,8.4
cairo_heavy_hex_27,r18,ghz_chain,16,1,11,15,15,1.0
cairo_heavy_hex_27,r18,ghz_chain,16,1,22,15,15,1.0
cairo_heavy_hex_27,r18,ghz_chain,16,1,33,15,15,1.0
cairo_heavy_hex_27,r18,ghz_chain,16,1,44,15,15,1.0
cairo_heavy_hex_27,r18,ghz_chain,16,1,55,15,15,1.0
cairo_heavy_hex_27,r18,ghz_chain,16,3,11,15,15,1.0
cairo_heavy_hex_27,r18,ghz_chain,16,3,22,15,15,1.0
cairo_heavy_hex_27,r18,ghz_chain,16,3,33,15,15,1.0
cairo_heavy_hex_27,r18,ghz_chain,16,3,44,15,15,1.0
cairo_heavy_hex_27,r18,ghz_chain,16,3,55,15,15,1.0
cairo_heavy_hex_27,r18,ghz_chain,20,0,11,144,19,7.578947368421052
cairo_heavy_hex_27,r18,ghz_chain,20,0,22,144,19,7.578947368421052
cairo_heavy_hex_27,r18,ghz_chain,20,0,33,154,19,8.105263157894736
cairo_heavy_hex_27,r18,ghz_chain,20,0,44,130,19,6.842105263157895
cairo_heavy_hex_27,r18,ghz_chain,20,0,55,136,19,7.157894736842105
cairo_heavy_hex_27,r18,ghz_chain,20,1,11,19,19,1.0
cairo_heavy_hex_27,r18,ghz_chain,20,1,22,19,19,1.0
cairo_heavy_hex_27,r18,ghz_chain,20,1,33,19,19,1.0
cairo_heavy_hex_27,r18,ghz_chain,20,1,44,19,19,1.0
cairo_heavy_hex_27,r18,ghz_chain,20,1,55,19,19,1.0
cairo_heavy_hex_27,r18,ghz_chain,20,3,11,19,19,1.0
cairo_heavy_hex_27,r18,ghz_chain,20,3,22,19,19,1.0
cairo_heavy_hex_27,r18,ghz_chain,20,3,33,19,19,1.0
cairo_heavy_hex_27,r18,ghz_chain,20,3,44,19,19,1.0
cairo_heavy_hex_27,r18,ghz_chain,20,3,55,19,19,1.0
cairo_heavy_hex_27,r18,ghz_chain,24,0,11,166,23,7.217391304347826
cairo_heavy_hex_27,r18,ghz_chain,24,0,22,166,23,7.217391304347826
cairo_heavy_hex_27,r18,ghz_chain,24,0,33,167,23,7.260869565217392
cairo_heavy_hex_27,r18,ghz_chain,24,0,44,152,23,6.608695652173913
cairo_heavy_hex_27,r18,ghz_chain,24,0,55,203,23,8.826086956521738
cairo_heavy_hex_27,r18,ghz_chain,24,1,11,85,23,3.6956521739130435
cairo_heavy_hex_27,r18,ghz_chain,24,1,22,60,23,2.608695652173913
cairo_heavy_hex_27,r18,ghz_chain,24,1,33,84,23,3.652173913043478
cairo_heavy_hex_27,r18,ghz_chain,24,1,44,56,23,2.4347826086956523
cairo_heavy_hex_27,r18,ghz_chain,24,1,55,79,23,3.4347826086956523
cairo_heavy_hex_27,r18,ghz_chain,24,3,11,71,23,3.0869565217391304
cairo_heavy_hex_27,r18,ghz_chain,24,3,22,47,23,2.0434782608695654
cairo_heavy_hex_27,r18,ghz_chain,24,3,33,70,23,3.0434782608695654
cairo_heavy_hex_27,r18,ghz_chain,24,3,44,53,23,2.3043478260869565
cairo_heavy_hex_27,r18,ghz_chain,24,3,55,58,23,2.5217391304347827
cairo_heavy_hex_27,r18,ghz_star,4,0,11,27,3,9.0
cairo_heavy_hex_27,r18,ghz_star,4,0,22,30,3,10.0
cairo_heavy_hex_27,r18,ghz_star,4,0,33,21,3,7.0
cairo_heavy_hex_27,r18,ghz_star,4,0,44,21,3,7.0
cairo_heavy_hex_27,r18,ghz_star,4,0,55,21,3,7.0
cairo_heavy_hex_27,r18,ghz_star,4,1,11,3,3,1.0
cairo_heavy_hex_27,r18,ghz_star,4,1,22,3,3,1.0
cairo_heavy_hex_27,r18,ghz_star,4,1,33,3,3,1.0
cairo_heavy_hex_27,r18,ghz_star,4,1,44,3,3,1.0
cairo_heavy_hex_27,r18,ghz_star,4,1,55,3,3,1.0
cairo_heavy_hex_27,r18,ghz_star,4,3,11,3,3,1.0
cairo_heavy_hex_27,r18,ghz_star,4,3,22,3,3,1.0
cairo_heavy_hex_27,r18,ghz_star,4,3,33,3,3,1.0
cairo_heavy_hex_27,r18,ghz_star,4,3,44,3,3,1.0
cairo_heavy_hex_27,r18,ghz_star,4,3,55,3,3,1.0
cairo_heavy_hex_27,r18,ghz_star,8,0,11,70,7,10.0
cairo_heavy_hex_27,r18,ghz_star,8,0,22,55,7,7.857142857142857
cairo_heavy_hex_27,r18,ghz_star,8,0,33,52,7,7.428571428571429
cairo_heavy_hex_27,r18,ghz_star,8,0,44,61,7,8.714285714285714
cairo_heavy_hex_27,r18,ghz_star,8,0,55,55,7,7.857142857142857
cairo_heavy_hex_27,r18,ghz_star,8,1,11,15,7,2.142857142857143
cairo_heavy_hex_27,r18,ghz_star,8,1,22,15,7,2.142857142857143
cairo_heavy_hex_27,r18,ghz_star,8,1,33,15,7,2.142857142857143
cairo_heavy_hex_27,r18,ghz_star,8,1,44,15,7,2.142857142857143
cairo_heavy_hex_27,r18,ghz_star,8,1,55,15,7,2.142857142857143
cairo_heavy_hex_27,r18,ghz_star,8,3,11,15,7,2.142857142857143
cairo_heavy_hex_27,r18,ghz_star,8,3,22,18,7,2.5714285714285716
cairo_heavy_hex_27,r18,ghz_star,8,3,33,17,7,2.4285714285714284
cairo_heavy_hex_27,r18,ghz_star,8,3,44,15,7,2.142857142857143
cairo_heavy_hex_27,r18,ghz_star,8,3,55,14,7,2.0
cairo_heavy_hex_27,r18,ghz_star,12,0,11,88,11,8.0
cairo_heavy_hex_27,r18,ghz_star,12,0,22,68,11,6.181818181818182
cairo_heavy_hex_27,r18,ghz_star,12,0,33,83,11,7.545454545454546
cairo_heavy_hex_27,r18,ghz_star,12,0,44,89,11,8.090909090909092
cairo_heavy_hex_27,r18,ghz_star,12,0,55,79,11,7.181818181818182
cairo_heavy_hex_27,r18,ghz_star,12,1,11,28,11,2.5454545454545454
cairo_heavy_hex_27,r18,ghz_star,12,1,22,41,11,3.727272727272727
cairo_heavy_hex_27,r18,ghz_star,12,1,33,34,11,3.090909090909091
cairo_heavy_hex_27,r18,ghz_star,12,1,44,37,11,3.3636363636363638
cairo_heavy_hex_27,r18,ghz_star,12,1,55,26,11,2.3636363636363638
cairo_heavy_hex_27,r18,ghz_star,12,3,11,24,11,2.1818181818181817
cairo_heavy_hex_27,r18,ghz_star,12,3,22,25,11,2.272727272727273
cairo_heavy_hex_27,r18,ghz_star,12,3,33,32,11,2.909090909090909
cairo_heavy_hex_27,r18,ghz_star,12,3,44,33,11,3.0
cairo_heavy_hex_27,r18,ghz_star,12,3,55,33,11,3.0
cairo_heavy_hex_27,r18,ghz_star,16,0,11,119,15,7.933333333333334
cairo_heavy_hex_27,r18,ghz_star,16,0,22,99,15,6.6
cairo_heavy_hex_27,r18,ghz_star,16,0,33,114,15,7.6
cairo_heavy_hex_27,r18,ghz_star,16,0,44,113,15,7.533333333333333
cairo_heavy_hex_27,r18,ghz_star,16,0,55,113,15,7.533333333333333
cairo_heavy_hex_27,r18,ghz_star,16,1,11,46,15,3.066666666666667
cairo_heavy_hex_27,r18,ghz_star,16,1,22,62,15,4.133333333333334
cairo_heavy_hex_27,r18,ghz_star,16,1,33,56,15,3.7333333333333334
cairo_heavy_hex_27,r18,ghz_star,16,1,44,52,15,3.466666666666667
cairo_heavy_hex_27,r18,ghz_star,16,1,55,55,15,3.6666666666666665
cairo_heavy_hex_27,r18,ghz_star,16,3,11,41,15,2.7333333333333334
cairo_heavy_hex_27,r18,ghz_star,16,3,22,40,15,2.6666666666666665
cairo_heavy_hex_27,r18,ghz_star,16,3,33,51,15,3.4
cairo_heavy_hex_27,r18,ghz_star,16,3,44,48,15,3.2
cairo_heavy_hex_27,r18,ghz_star,16,3,55,49,15,3.2666666666666666
cairo_heavy_hex_27,r18,ghz_star,20,0,11,141,19,7.421052631578948
cairo_heavy_hex_27,r18,ghz_star,20,0,22,136,19,7.157894736842105
cairo_heavy_hex_27,r18,ghz_star,20,0,33,142,19,7.473684210526316
cairo_heavy_hex_27,r18,ghz_star,20,0,44,138,19,7.2631578947368425
cairo_heavy_hex_27,r18,ghz_star,20,0,55,135,19,7.105263157894737
cairo_heavy_hex_27,r18,ghz_star,20,1,11,79,19,4.157894736842105
cairo_heavy_hex_27,r18,ghz_star,20,1,22,76,19,4.0
cairo_heavy_hex_27,r18,ghz_star,20,1,33,76,19,4.0
cairo_heavy_hex_27,r18,ghz_star,20,1,44,71,19,3.736842105263158
cairo_heavy_hex_27,r18,ghz_star,20,1,55,85,19,4.473684210526316
cairo_heavy_hex_27,r18,ghz_star,20,3,11,64,19,3.3684210526315788
cairo_heavy_hex_27,r18,ghz_star,20,3,22,64,19,3.3684210526315788
cairo_heavy_hex_27,r18,ghz_star,20,3,33,64,19,3.3684210526315788
cairo_heavy_hex_27,r18,ghz_star,20,3,44,65,19,3.4210526315789473
cairo_heavy_hex_27,r18,ghz_star,20,3,55,64,19,3.3684210526315788
cairo_heavy_hex_27,r18,ghz_star,24,0,11,166,23,7.217391304347826
cairo_heavy_hex_27,r18,ghz_star,24,0,22,164,23,7.130434782608695
cairo_heavy_hex_27,r18,ghz_star,24,0,33,170,23,7.391304347826087
cairo_heavy_hex_27,r18,ghz_star,24,0,44,160,23,6.956521739130435
cairo_heavy_hex_27,r18,ghz_star,24,0,55,181,23,7.869565217391305
cairo_heavy_hex_27,r18,ghz_star,24,1,11,95,23,4.130434782608695
cairo_heavy_hex_27,r18,ghz_star,24,1,22,99,23,4.304347826086956
cairo_heavy_hex_27,r18,ghz_star,24,1,33,104,23,4.521739130434782
cairo_heavy_hex_27,r18,ghz_star,24,1,44,104,23,4.521739130434782
cairo_heavy_hex_27,r18,ghz_star,24,1,55,101,23,4.391304347826087
cairo_heavy_hex_27,r18,ghz_star,24,3,11,83,23,3.608695652173913
cairo_heavy_hex_27,r18,ghz_star,24,3,22,78,23,3.391304347826087
cairo_heavy_hex_27,r18,ghz_star,24,3,33,85,23,3.6956521739130435
cairo_heavy_hex_27,r18,ghz_star,24,3,44,73,23,3.1739130434782608
cairo_heavy_hex_27,r18,ghz_star,24,3,55,93,23,4.043478260869565
cairo_heavy_hex_27,r18,efficient_su2,4,0,11,40,8,5.0
cairo_heavy_hex_27,r18,efficient_su2,4,0,22,46,8,5.75
cairo_heavy_hex_27,r18,efficient_su2,4,0,33,48,8,6.0
cairo_heavy_hex_27,r18,efficient_su2,4,0,44,40,8,5.0
cairo_heavy_hex_27,r18,efficient_su2,4,0,55,46,8,5.75
cairo_heavy_hex_27,r18,efficient_su2,4,1,11,17,8,2.125
cairo_heavy_hex_27,r18,efficient_su2,4,1,22,17,8,2.125
cairo_heavy_hex_27,r18,efficient_su2,4,1,33,17,8,2.125
cairo_heavy_hex_27,r18,efficient_su2,4,1,44,17,8,2.125
cairo_heavy_hex_27,r18,efficient_su2,4,1,55,17,8,2.125
cairo_heavy_hex_27,r18,efficient_su2,4,3,11,17,8,2.125
cairo_heavy_hex_27,r18,efficient_su2,4,3,22,17,8,2.125
cairo_heavy_hex_27,r18,efficient_su2,4,3,33,17,8,2.125
cairo_heavy_hex_27,r18,efficient_su2,4,3,44,17,8,2.125
cairo_heavy_hex_27,r18,efficient_su2,4,3,55,17,8,2.125
cairo_heavy_hex_27,r18,efficient_su2,8,0,11,100,16,6.25
cairo_heavy_hex_27,r18,efficient_su2,8,0,22,91,16,5.6875
cairo_heavy_hex_27,r18,efficient_su2,8,0,33,112,16,7.0
cairo_heavy_hex_27,r18,efficient_su2,8,0,44,89,16,5.5625
cairo_heavy_hex_27,r18,efficient_su2,8,0,55,92,16,5.75
cairo_heavy_hex_27,r18,efficient_su2,8,1,11,40,16,2.5
cairo_heavy_hex_27,r18,efficient_su2,8,1,22,37,16,2.3125
cairo_heavy_hex_27,r18,efficient_su2,8,1,33,37,16,2.3125
cairo_heavy_hex_27,r18,efficient_su2,8,1,44,40,16,2.5
cairo_heavy_hex_27,r18,efficient_su2,8,1,55,37,16,2.3125
cairo_heavy_hex_27,r18,efficient_su2,8,3,11,40,16,2.5
cairo_heavy_hex_27,r18,efficient_su2,8,3,22,40,16,2.5
cairo_heavy_hex_27,r18,efficient_su2,8,3,33,40,16,2.5
cairo_heavy_hex_27,r18,efficient_su2,8,3,44,40,16,2.5
cairo_heavy_hex_27,r18,efficient_su2,8,3,55,40,16,2.5
cairo_heavy_hex_27,r18,efficient_su2,12,0,11,146,24,6.083333333333333
cairo_heavy_hex_27,r18,efficient_su2,12,0,22,147,24,6.125
cairo_heavy_hex_27,r18,efficient_su2,12,0,33,136,24,5.666666666666667
cairo_heavy_hex_27,r18,efficient_su2,12,0,44,149,24,6.208333333333333
cairo_heavy_hex_27,r18,efficient_su2,12,0,55,161,24,6.708333333333333
cairo_heavy_hex_27,r18,efficient_su2,12,1,11,24,24,1.0
cairo_heavy_hex_27,r18,efficient_su2,12,1,22,24,24,1.0
cairo_heavy_hex_27,r18,efficient_su2,12,1,33,24,24,1.0
cairo_heavy_hex_27,r18,efficient_su2,12,1,44,24,24,1.0
cairo_heavy_hex_27,r18,efficient_su2,12,1,55,24,24,1.0
cairo_heavy_hex_27,r18,efficient_su2,12,3,11,24,24,1.0
cairo_heavy_hex_27,r18,efficient_su2,12,3,22,24,24,1.0
cairo_heavy_hex_27,r18,efficient_su2,12,3,33,24,24,1.0
cairo_heavy_hex_27,r18,efficient_su2,12,3,44,24,24,1.0
cairo_heavy_hex_27,r18,efficient_su2,12,3,55,24,24,1.0
cairo_heavy_hex_27,r18,efficient_su2,16,0,11,176,32,5.5
cairo_heavy_hex_27,r18,efficient_su2,16,0,22,224,32,7.0
cairo_heavy_hex_27,r18,efficient_su2,16,0,33,214,32,6.6875
cairo_heavy_hex_27,r18,efficient_su2,16,0,44,208,32,6.5
cairo_heavy_hex_27,r18,efficient_su2,16,0,55,184,32,5.75
cairo_heavy_hex_27,r18,efficient_su2,16,1,11,65,32,2.03125
cairo_heavy_hex_27,r18,efficient_su2,16,1,22,77,32,2.40625
cairo_heavy_hex_27,r18,efficient_su2,16,1,33,92,32,2.875
cairo_heavy_hex_27,r18,efficient_su2,16,1,44,98,32,3.0625
cairo_heavy_hex_27,r18,efficient_su2,16,1,55,101,32,3.15625
cairo_heavy_hex_27,r18,efficient_su2,16,3,11,63,32,1.96875
cairo_heavy_hex_27,r18,efficient_su2,16,3,22,56,32,1.75
cairo_heavy_hex_27,r18,efficient_su2,16,3,33,84,32,2.625
cairo_heavy_hex_27,r18,efficient_su2,16,3,44,51,32,1.59375
cairo_heavy_hex_27,r18,efficient_su2,16,3,55,67,32,2.09375
cairo_heavy_hex_27,r18,efficient_su2,20,0,11,194,40,4.85
cairo_heavy_hex_27,r18,efficient_su2,20,0,22,273,40,6.825
cairo_heavy_hex_27,r18,efficient_su2,20,0,33,236,40,5.9
cairo_heavy_hex_27,r18,efficient_su2,20,0,44,230,40,5.75
cairo_heavy_hex_27,r18,efficient_su2,20,0,55,234,40,5.85
cairo_heavy_hex_27,r18,efficient_su2,20,1,11,40,40,1.0
cairo_heavy_hex_27,r18,efficient_su2,20,1,22,40,40,1.0
cairo_heavy_hex_27,r18,efficient_su2,20,1,33,40,40,1.0
cairo_heavy_hex_27,r18,efficient_su2,20,1,44,40,40,1.0
cairo_heavy_hex_27,r18,efficient_su2,20,1,55,40,40,1.0
cairo_heavy_hex_27,r18,efficient_su2,20,3,11,40,40,1.0
cairo_heavy_hex_27,r18,efficient_su2,20,3,22,40,40,1.0
cairo_heavy_hex_27,r18,efficient_su2,20,3,33,40,40,1.0
cairo_heavy_hex_27,r18,efficient_su2,20,3,44,40,40,1.0
cairo_heavy_hex_27,r18,efficient_su2,20,3,55,40,40,1.0
cairo_heavy_hex_27,r18,efficient_su2,24,0,11,285,48,5.9375
cairo_heavy_hex_27,r18,efficient_su2,24,0,22,280,48,5.833333333333333
cairo_heavy_hex_27,r18,efficient_su2,24,0,33,286,48,5.958333333333333
cairo_heavy_hex_27,r18,efficient_su2,24,0,44,287,48,5.979166666666667
cairo_heavy_hex_27,r18,efficient_su2,24,0,55,259,48,5.395833333333333
cairo_heavy_hex_27,r18,efficient_su2,24,1,11,183,48,3.8125
cairo_heavy_hex_27,r18,efficient_su2,24,1,22,103,48,2.1458333333333335
cairo_heavy_hex_27,r18,efficient_su2,24,1,33,174,48,3.625
cairo_heavy_hex_27,r18,efficient_su2,24,1,44,173,48,3.6041666666666665
cairo_heavy_hex_27,r18,efficient_su2,24,1,55,183,48,3.8125
cairo_heavy_hex_27,r18,efficient_su2,24,3,11,128,48,2.6666666666666665
cairo_heavy_hex_27,r18,efficient_su2,24,3,22,93,48,1.9375
cairo_heavy_hex_27,r18,efficient_su2,24,3,33,105,48,2.1875
cairo_heavy_hex_27,r18,efficient_su2,24,3,44,94,48,1.9583333333333333
cairo_heavy_hex_27,r18,efficient_su2,24,3,55,136,48,2.8333333333333335
cairo_heavy_hex_27,r19,qft,4,0,11,41,10,4.1
cairo_heavy_hex_27,r19,qft,4,0,22,32,10,3.2
cairo_heavy_hex_27,r19,qft,4,0,33,34,10,3.4
cairo_heavy_hex_27,r19,qft,4,0,44,34,10,3.4
cairo_heavy_hex_27,r19,qft,4,0,55,36,10,3.6
cairo_heavy_hex_27,r19,qft,4,1,11,18,10,1.8
cairo_heavy_hex_27,r19,qft,4,1,22,18,10,1.8
cairo_heavy_hex_27,r19,qft,4,1,33,18,10,1.8
cairo_heavy_hex_27,r19,qft,4,1,44,18,10,1.8
cairo_heavy_hex_27,r19,qft,4,1,55,18,10,1.8
cairo_heavy_hex_27,r19,qft,4,3,11,18,10,1.8
cairo_heavy_hex_27,r19,qft,4,3,22,18,10,1.8
cairo_heavy_hex_27,r19,qft,4,3,33,18,10,1.8
cairo_heavy_hex_27,r19,qft,4,3,44,18,10,1.8
cairo_heavy_hex_27,r19,qft,4,3,55,18,10,1.8
cairo_heavy_hex_27,r19,qft,8,0,11,120,26,4.615384615384615
cairo_heavy_hex_27,r19,qft,8,0,22,138,26,5.3076923076923075
cairo_heavy_hex_27,r19,qft,8,0,33,130,26,5.0
cairo_heavy_hex_27,r19,qft,8,0,44,113,26,4.346153846153846
cairo_heavy_hex_27,r19,qft,8,0,55,124,26,4.769230769230769
cairo_heavy_hex_27,r19,qft,8,1,11,64,26,2.4615384615384617
cairo_heavy_hex_27,r19,qft,8,1,22,64,26,2.4615384615384617
cairo_heavy_hex_27,r19,qft,8,1,33,63,26,2.423076923076923
cairo_heavy_hex_27,r19,qft,8,1,44,69,26,2.6538461538461537
cairo_heavy_hex_27,r19,qft,8,1,55,64,26,2.4615384615384617
cairo_heavy_hex_27,r19,qft,8,3,11,58,26,2.230769230769231
cairo_heavy_hex_27,r19,qft,8,3,22,58,26,2.230769230769231
cairo_heavy_hex_27,r19,qft,8,3,33,52,26,2.0
cairo_heavy_hex_27,r19,qft,8,3,44,57,26,2.1923076923076925
cairo_heavy_hex_27,r19,qft,8,3,55,64,26,2.4615384615384617
cairo_heavy_hex_27,r19,qft,12,0,11,248,42,5.904761904761905
cairo_heavy_hex_27,r19,qft,12,0,22,278,42,6.619047619047619
cairo_heavy_hex_27,r19,qft,12,0,33,271,42,6.4523809523809526
cairo_heavy_hex_27,r19,qft,12,0,44,258,42,6.142857142857143
cairo_heavy_hex_27,r19,qft,12,0,55,260,42,6.190476190476191
cairo_heavy_hex_27,r19,qft,12,1,11,176,42,4.190476190476191
cairo_heavy_hex_27,r19,qft,12,1,22,166,42,3.9523809523809526
cairo_heavy_hex_27,r19,qft,12,1,33,168,42,4.0
cairo_heavy_hex_27,r19,qft,12,1,44,174,42,4.142857142857143
cairo_heavy_hex_27,r19,qft,12,1,55,156,42,3.7142857142857144
cairo_heavy_hex_27,r19,qft,12,3,11,95,42,2.261904761904762
cairo_heavy_hex_27,r19,qft,12,3,22,114,42,2.7142857142857144
cairo_heavy_hex_27,r19,qft,12,3,33,110,42,2.619047619047619
cairo_heavy_hex_27,r19,qft,12,3,44,129,42,3.0714285714285716
cairo_heavy_hex_27,r19,qft,12,3,55,145,42,3.4523809523809526
cairo_heavy_hex_27,r19,qft,16,0,11,294,58,5.068965517241379
cairo_heavy_hex_27,r19,qft,16,0,22,358,58,6.172413793103448
cairo_heavy_hex_27,r19,qft,16,0,33,372,58,6.413793103448276
cairo_heavy_hex_27,r19,qft,16,0,44,324,58,5.586206896551724
cairo_heavy_hex_27,r19,qft,16,0,55,342,58,5.896551724137931
cairo_heavy_hex_27,r19,qft,16,1,11,187,58,3.2241379310344827
cairo_heavy_hex_27,r19,qft,16,1,22,216,58,3.7241379310344827
cairo_heavy_hex_27,r19,qft,16,1,33,191,58,3.293103448275862
cairo_heavy_hex_27,r19,qft,16,1,44,159,58,2.7413793103448274
cairo_heavy_hex_27,r19,qft,16,1,55,220,58,3.793103448275862
cairo_heavy_hex_27,r19,qft,16,3,11,172,58,2.9655172413793105
cairo_heavy_hex_27,r19,qft,16,3,22,140,58,2.413793103448276
cairo_heavy_hex_27,r19,qft,16,3,33,199,58,3.4310344827586206
cairo_heavy_hex_27,r19,qft,16,3,44,170,58,2.9310344827586206
cairo_heavy_hex_27,r19,qft,16,3,55,177,58,3.0517241379310347
cairo_heavy_hex_27,r19,qft,20,0,11,421,74,5.6891891891891895
cairo_heavy_hex_27,r19,qft,20,0,22,483,74,6.527027027027027
cairo_heavy_hex_27,r19,qft,20,0,33,405,74,5.472972972972973
cairo_heavy_hex_27,r19,qft,20,0,44,437,74,5.905405405405405
cairo_heavy_hex_27,r19,qft,20,0,55,440,74,5.945945945945946
cairo_heavy_hex_27,r19,qft,20,1,11,237,74,3.2027027027027026
cairo_heavy_hex_27,r19,qft,20,1,22,280,74,3.7837837837837838
cairo_heavy_hex_27,r19,qft,20,1,33,222,74,3.0
cairo_heavy_hex_27,r19,qft,20,1,44,226,74,3.054054054054054
cairo_heavy_hex_27,r19,qft,20,1,55,299,74,4.04054054054054
cairo_heavy_hex_27,r19,qft,20,3,11,241,74,3.2567567567567566
cairo_heavy_hex_27,r19,qft,20,3,22,168,74,2.27027027027027
cairo_heavy_hex_27,r19,qft,20,3,33,149,74,2.0135135135135136
cairo_heavy_hex_27,r19,qft,20,3,44,211,74,2.8513513513513513
cairo_heavy_hex_27,r19,qft,20,3,55,219,74,2.9594594594594597
cairo_heavy_hex_27,r19,qft,24,0,11,663,90,7.366666666666666
cairo_heavy_hex_27,r19,qft,24,0,22,576,90,6.4
cairo_heavy_hex_27,r19,qft,24,0,33,567,90,6.3
cairo_heavy_hex_27,r19,qft,24,0,44,586,90,6.511111111111111
cairo_heavy_hex_27,r19,qft,24,0,55,693,90,7.7
cairo_heavy_hex_27,r19,qft,24,1,11,346,90,3.8444444444444446
cairo_heavy_hex_27,r19,qft,24,1,22,376,90,4.177777777777778
cairo_heavy_hex_27,r19,qft,24,1,33,371,90,4.122222222222222
cairo_heavy_hex_27,r19,qft,24,1,44,307,90,3.411111111111111
cairo_heavy_hex_27,r19,qft,24,1,55,406,90,4.511111111111111
cairo_heavy_hex_27,r19,qft,24,3,11,281,90,3.1222222222222222
cairo_heavy_hex_27,r19,qft,24,3,22,254,90,2.8222222222222224
cairo_heavy_hex_27,r19,qft,24,3,33,231,90,2.566666666666667
cairo_heavy_hex_27,r19,qft,24,3,44,281,90,3.1222222222222222
cairo_heavy_hex_27,r19,qft,24,3,55,241,90,2.6777777777777776
cairo_heavy_hex_27,r19,ghz_chain,4,0,11,15,3,5.0
cairo_heavy_hex_27,r19,ghz_chain,4,0,22,14,3,4.666666666666667
cairo_heavy_hex_27,r19,ghz_chain,4,0,33,17,3,5.666666666666667
cairo_heavy_hex_27,r19,ghz_chain,4,0,44,20,3,6.666666666666667
cairo_heavy_hex_27,r19,ghz_chain,4,0,55,17,3,5.666666666666667
cairo_heavy_hex_27,r19,ghz_chain,4,1,11,3,3,1.0
cairo_heavy_hex_27,r19,ghz_chain,4,1,22,3,3,1.0
cairo_heavy_hex_27,r19,ghz_chain,4,1,33,3,3,1.0
cairo_heavy_hex_27,r19,ghz_chain,4,1,44,3,3,1.0
cairo_heavy_hex_27,r19,ghz_chain,4,1,55,3,3,1.0
cairo_heavy_hex_27,r19,ghz_chain,4,3,11,3,3,1.0
cairo_heavy_hex_27,r19,ghz_chain,4,3,22,3,3,1.0
cairo_heavy_hex_27,r19,ghz_chain,4,3,33,3,3,1.0
cairo_heavy_hex_27,r19,ghz_chain,4,3,44,3,3,1.0
cairo_heavy_hex_27,r19,ghz_chain,4,3,55,3,3,1.0
cairo_heavy_hex_27,r19,ghz_chain,8,0,11,64,7,9.142857142857142
cairo_heavy_hex_27,r19,ghz_chain,8,0,22,42,7,6.0
cairo_heavy_hex_27,r19,ghz_chain,8,0,33,52,7,7.428571428571429
cairo_heavy_hex_27,r19,ghz_chain,8,0,44,36,7,5.142857142857143
cairo_heavy_hex_27,r19,ghz_chain,8,0,55,60,7,8.571428571428571
cairo_heavy_hex_27,r19,ghz_chain,8,1,11,7,7,1.0
cairo_heavy_hex_27,r19,ghz_chain,8,1,22,7,7,1.0
cairo_heavy_hex_27,r19,ghz_chain,8,1,33,7,7,1.0
cairo_heavy_hex_27,r19,ghz_chain,8,1,44,7,7,1.0
cairo_heavy_hex_27,r19,ghz_chain,8,1,55,7,7,1.0
cairo_heavy_hex_27,r19,ghz_chain,8,3,11,7,7,1.0
cairo_heavy_hex_27,r19,ghz_chain,8,3,22,7,7,1.0
cairo_heavy_hex_27,r19,ghz_chain,8,3,33,7,7,1.0
cairo_heavy_hex_27,r19,ghz_chain,8,3,44,7,7,1.0
cairo_heavy_hex_27,r19,ghz_chain,8,3,55,7,7,1.0
cairo_heavy_hex_27,r19,ghz_chain,12,0,11,95,11,8.636363636363637
cairo_heavy_hex_27,r19,ghz_chain,12,0,22,64,11,5.818181818181818
cairo_heavy_hex_27,r19,ghz_chain,12,0,33,71,11,6.454545454545454
cairo_heavy_hex_27,r19,ghz_chain,12,0,44,67,11,6.090909090909091
cairo_heavy_hex_27,r19,ghz_chain,12,0,55,65,11,5.909090909090909
cairo_heavy_hex_27,r19,ghz_chain,12,1,11,11,11,1.0
cairo_heavy_hex_27,r19,ghz_chain,12,1,22,11,11,1.0
cairo_heavy_hex_27,r19,ghz_chain,12,1,33,11,11,1.0
cairo_heavy_hex_27,r19,ghz_chain,12,1,44,11,11,1.0
cairo_heavy_hex_27,r19,ghz_chain,12,1,55,11,11,1.0
cairo_heavy_hex_27,r19,ghz_chain,12,3,11,11,11,1.0
cairo_heavy_hex_27,r19,ghz_chain,12,3,22,11,11,1.0
cairo_heavy_hex_27,r19,ghz_chain,12,3,33,11,11,1.0
cairo_heavy_hex_27,r19,ghz_chain,12,3,44,11,11,1.0
cairo_heavy_hex_27,r19,ghz_chain,12,3,55,11,11,1.0
cairo_heavy_hex_27,r19,ghz_chain,16,0,11,108,15,7.2
cairo_heavy_hex_27,r19,ghz_chain,16,0,22,108,15,7.2
cairo_heavy_hex_27,r19,ghz_chain,16,0,33,110,15,7.333333333333333
cairo_heavy_hex_27,r19,ghz_chain,16,0,44,89,15,5.933333333333334
cairo_heavy_hex_27,r19,ghz_chain,16,0,55,84,15,5.6
cairo_heavy_hex_27,r19,ghz_chain,16,1,11,15,15,1.0
cairo_heavy_hex_27,r19,ghz_chain,16,1,22,15,15,1.0
cairo_heavy_hex_27,r19,ghz_chain,16,1,33,15,15,1.0
cairo_heavy_hex_27,r19,ghz_chain,16,1,44,15,15,1.0
cairo_heavy_hex_27,r19,ghz_chain,16,1,55,15,15,1.0
cairo_heavy_hex_27,r19,ghz_chain,16,3,11,15,15,1.0
cairo_heavy_hex_27,r19,ghz_chain,16,3,22,15,15,1.0
cairo_heavy_hex_27,r19,ghz_chain,16,3,33,15,15,1.0
cairo_heavy_hex_27,r19,ghz_chain,16,3,44,15,15,1.0
cairo_heavy_hex_27,r19,ghz_chain,16,3,55,15,15,1.0
cairo_heavy_hex_27,r19,ghz_chain,20,0,11,133,19,7.0
cairo_heavy_hex_27,r19,ghz_chain,20,0,22,128,19,6.7368421052631575
cairo_heavy_hex_27,r19,ghz_chain,20,0,33,139,19,7.315789473684211
cairo_heavy_hex_27,r19,ghz_chain,20,0,44,117,19,6.157894736842105
cairo_heavy_hex_27,r19,ghz_chain,20,0,55,121,19,6.368421052631579
cairo_heavy_hex_27,r19,ghz_chain,20,1,11,19,19,1.0
cairo_heavy_hex_27,r19,ghz_chain,20,1,22,19,19,1.0
cairo_heavy_hex_27,r19,ghz_chain,20,1,33,19,19,1.0
cairo_heavy_hex_27,r19,ghz_chain,20,1,44,19,19,1.0
cairo_heavy_hex_27,r19,ghz_chain,20,1,55,19,19,1.0
cairo_heavy_hex_27,r19,ghz_chain,20,3,11,19,19,1.0
cairo_heavy_hex_27,r19,ghz_chain,20,3,22,19,19,1.0
cairo_heavy_hex_27,r19,ghz_chain,20,3,33,19,19,1.0
cairo_heavy_hex_27,r19,ghz_chain,20,3,44,19,19,1.0
cairo_heavy_hex_27,r19,ghz_chain,20,3,55,19,19,1.0
cairo_heavy_hex_27,r19,ghz_chain,24,0,11,173,23,7.521739130434782
cairo_heavy_hex_27,r19,ghz_chain,24,0,22,156,23,6.782608695652174
cairo_heavy_hex_27,r19,ghz_chain,24,0,33,170,23,7.391304347826087
cairo_heavy_hex_27,r19,ghz_chain,24,0,44,154,23,6.695652173913044
cairo_heavy_hex_27,r19,ghz_chain,24,0,55,152,23,6.608695652173913
cairo_heavy_hex_27,r19,ghz_chain,24,1,11,56,23,2.4347826086956523
cairo_heavy_hex_27,r19,ghz_chain,24,1,22,56,23,2.4347826086956523
cairo_heavy_hex_27,r19,ghz_chain,24,1,33,59,23,2.5652173913043477
cairo_heavy_hex_27,r19,ghz_chain,24,1,44,59,23,2.5652173913043477
cairo_heavy_hex_27,r19,ghz_chain,24,1,55,56,23,2.4347826086956523
cairo_heavy_hex_27,r19,ghz_chain,24,3,11,59,23,2.5652173913043477
cairo_heavy_hex_27,r19,ghz_chain,24,3,22,56,23,2.4347826086956523
cairo_heavy_hex_27,r19,ghz_chain,24,3,33,56,23,2.4347826086956523
cairo_heavy_hex_27,r19,ghz_chain,24,3,44,51,23,2.217391304347826
cairo_heavy_hex_27,r19,ghz_chain,24,3,55,46,23,2.0
cairo_heavy_hex_27,r19,ghz_star,4,0,11,17,3,5.666666666666667
cairo_heavy_hex_27,r19,ghz_star,4,0,22,17,3,5.666666666666667
cairo_heavy_hex_27,r19,ghz_star,4,0,33,14,3,4.666666666666667
cairo_heavy_hex_27,r19,ghz_star,4,0,44,23,3,7.666666666666667
cairo_heavy_hex_27,r19,ghz_star,4,0,55,17,3,5.666666666666667
cairo_heavy_hex_27,r19,ghz_star,4,1,11,3,3,1.0
cairo_heavy_hex_27,r19,ghz_star,4,1,22,3,3,1.0
cairo_heavy_hex_27,r19,ghz_star,4,1,33,3,3,1.0
cairo_heavy_hex_27,r19,ghz_star,4,1,44,3,3,1.0
cairo_heavy_hex_27,r19,ghz_star,4,1,55,3,3,1.0
cairo_heavy_hex_27,r19,ghz_star,4,3,11,3,3,1.0
cairo_heavy_hex_27,r19,ghz_star,4,3,22,3,3,1.0
cairo_heavy_hex_27,r19,ghz_star,4,3,33,3,3,1.0
cairo_heavy_hex_27,r19,ghz_star,4,3,44,3,3,1.0
cairo_heavy_hex_27,r19,ghz_star,4,3,55,3,3,1.0
cairo_heavy_hex_27,r19,ghz_star,8,0,11,45,7,6.428571428571429
cairo_heavy_hex_27,r19,ghz_star,8,0,22,46,7,6.571428571428571
cairo_heavy_hex_27,r19,ghz_star,8,0,33,46,7,6.571428571428571
cairo_heavy_hex_27,r19,ghz_star,8,0,44,60,7,8.571428571428571
cairo_heavy_hex_27,r19,ghz_star,8,0,55,37,7,5.285714285714286
cairo_heavy_hex_27,r19,ghz_star,8,1,11,21,7,3.0
cairo_heavy_hex_27,r19,ghz_star,8,1,22,18,7,2.5714285714285716
cairo_heavy_hex_27,r19,ghz_star,8,1,33,19,7,2.7142857142857144
cairo_heavy_hex_27,r19,ghz_star,8,1,44,14,7,2.0
cairo_heavy_hex_27,r19,ghz_star,8,1,55,14,7,2.0
cairo_heavy_hex_27,r19,ghz_star,8,3,11,15,7,2.142857142857143
cairo_heavy_hex_27,r19,ghz_star,8,3,22,13,7,1.8571428571428572
cairo_heavy_hex_27,r19,ghz_star,8,3,33,17,7,2.4285714285714284
cairo_heavy_hex_27,r19,ghz_star,8,3,44,14,7,2.0
cairo_heavy_hex_27,r19,ghz_star,8,3,55,13,7,1.8571428571428572
cairo_heavy_hex_27,r19,ghz_star,12,0,11,55,11,5.0
cairo_heavy_hex_27,r19,ghz_star,12,0,22,74,11,6.7272727272727275
cairo_heavy_hex_27,r19,ghz_star,12,0,33,83,11,7.545454545454546
cairo_heavy_hex_27,r19,ghz_star,12,0,44,77,11,7.0
cairo_heavy_hex_27,r19,ghz_star,12,0,55,68,11,6.181818181818182
cairo_heavy_hex_27,r19,ghz_star,12,1,11,28,11,2.5454545454545454
cairo_heavy_hex_27,r19,ghz_star,12,1,22,31,11,2.8181818181818183
cairo_heavy_hex_27,r19,ghz_star,12,1,33,29,11,2.6363636363636362
cairo_heavy_hex_27,r19,ghz_star,12,1,44,39,11,3.5454545454545454
cairo_heavy_hex_27,r19,ghz_star,12,1,55,33,11,3.0
cairo_heavy_hex_27,r19,ghz_star,12,3,11,25,11,2.272727272727273
cairo_heavy_hex_27,r19,ghz_star,12,3,22,26,11,2.3636363636363638
cairo_heavy_hex_27,r19,ghz_star,12,3,33,31,11,2.8181818181818183
cairo_heavy_hex_27,r19,ghz_star,12,3,44,35,11,3.1818181818181817
cairo_heavy_hex_27,r19,ghz_star,12,3,55,29,11,2.6363636363636362
cairo_heavy_hex_27,r19,ghz_star,16,0,11,88,15,5.866666666666666
cairo_heavy_hex_27,r19,ghz_star,16,0,22,102,15,6.8
cairo_heavy_hex_27,r19,ghz_star,16,0,33,108,15,7.2
cairo_heavy_hex_27,r19,ghz_star,16,0,44,104,15,6.933333333333334
cairo_heavy_hex_27,r19,ghz_star,16,0,55,90,15,6.0
cairo_heavy_hex_27,r19,ghz_star,16,1,11,48,15,3.2
cairo_heavy_hex_27,r19,ghz_star,16,1,22,51,15,3.4
cairo_heavy_hex_27,r19,ghz_star,16,1,33,54,15,3.6
cairo_heavy_hex_27,r19,ghz_star,16,1,44,51,15,3.4
cairo_heavy_hex_27,r19,ghz_star,16,1,55,51,15,3.4
cairo_heavy_hex_27,r19,ghz_star,16,3,11,42,15,2.8
cairo_heavy_hex_27,r19,ghz_star,16,3,22,44,15,2.933333333333333
cairo_heavy_hex_27,r19,ghz_star,16,3,33,46,15,3.066666666666667
cairo_heavy_hex_27,r19,ghz_star,16,3,44,37,15,2.466666666666667
cairo_heavy_hex_27,r19,ghz_star,16,3,55,47,15,3.1333333333333333
cairo_heavy_hex_27,r19,ghz_star,20,0,11,104,19,5.473684210526316
cairo_heavy_hex_27,r19,ghz_star,20,0,22,130,19,6.842105263157895
cairo_heavy_hex_27,r19,ghz_star,20,0,33,132,19,6.947368421052632
cairo_heavy_hex_27,r19,ghz_star,20,0,44,123,19,6.473684210526316
cairo_heavy_hex_27,r19,ghz_star,20,0,55,127,19,6.684210526315789
cairo_heavy_hex_27,r19,ghz_star,20,1,11,73,19,3.8421052631578947
cairo_heavy_hex_27,r19,ghz_star,20,1,22,74,19,3.8947368421052633
cairo_heavy_hex_27,r19,ghz_star,20,1,33,64,19,3.3684210526315788
cairo_heavy_hex_27,r19,ghz_star,20,1,44,83,19,4.368421052631579
cairo_heavy_hex_27,r19,ghz_star,20,1,55,80,19,4.2105263157894735
cairo_heavy_hex_27,r19,ghz_star,20,3,11,61,19,3.210526315789474
cairo_heavy_hex_27,r19,ghz_star,20,3,22,59,19,3.1052631578947367
cairo_heavy_hex_27,r19,ghz_star,20,3,33,61,19,3.210526315789474
cairo_heavy_hex_27,r19,ghz_star,20,3,44,76,19,4.0
cairo_heavy_hex_27,r19,ghz_star,20,3,55,72,19,3.789473684210526
cairo_heavy_hex_27,r19,ghz_star,24,0,11,131,23,5.695652173913044
cairo_heavy_hex_27,r19,ghz_star,24,0,22,155,23,6.739130434782608
cairo_heavy_hex_27,r19,ghz_star,24,0,33,165,23,7.173913043478261
cairo_heavy_hex_27,r19,ghz_star,24,0,44,160,23,6.956521739130435
cairo_heavy_hex_27,r19,ghz_star,24,0,55,161,23,7.0
cairo_heavy_hex_27,r19,ghz_star,24,1,11,109,23,4.739130434782608
cairo_heavy_hex_27,r19,ghz_star,24,1,22,95,23,4.130434782608695
cairo_heavy_hex_27,r19,ghz_star,24,1,33,85,23,3.6956521739130435
cairo_heavy_hex_27,r19,ghz_star,24,1,44,94,23,4.086956521739131
cairo_heavy_hex_27,r19,ghz_star,24,1,55,104,23,4.521739130434782
cairo_heavy_hex_27,r19,ghz_star,24,3,11,77,23,3.347826086956522
cairo_heavy_hex_27,r19,ghz_star,24,3,22,74,23,3.217391304347826
cairo_heavy_hex_27,r19,ghz_star,24,3,33,77,23,3.347826086956522
cairo_heavy_hex_27,r19,ghz_star,24,3,44,83,23,3.608695652173913
cairo_heavy_hex_27,r19,ghz_star,24,3,55,69,23,3.0
cairo_heavy_hex_27,r19,efficient_su2,4,0,11,49,8,6.125
cairo_heavy_hex_27,r19,efficient_su2,4,0,22,35,8,4.375
cairo_heavy_hex_27,r19,efficient_su2,4,0,33,30,8,3.75
cairo_heavy_hex_27,r19,efficient_su2,4,0,44,38,8,4.75
cairo_heavy_hex_27,r19,efficient_su2,4,0,55,35,8,4.375
cairo_heavy_hex_27,r19,efficient_su2,4,1,11,17,8,2.125
cairo_heavy_hex_27,r19,efficient_su2,4,1,22,17,8,2.125
cairo_heavy_hex_27,r19,efficient_su2,4,1,33,17,8,2.125
cairo_heavy_hex_27,r19,efficient_su2,4,1,44,17,8,2.125
cairo_heavy_hex_27,r19,efficient_su2,4,1,55,17,8,2.125
cairo_heavy_hex_27,r19,efficient_su2,4,3,11,17,8,2.125
cairo_heavy_hex_27,r19,efficient_su2,4,3,22,17,8,2.125
cairo_heavy_hex_27,r19,efficient_su2,4,3,33,17,8,2.125
cairo_heavy_hex_27,r19,efficient_su2,4,3,44,17,8,2.125
cairo_heavy_hex_27,r19,efficient_su2,4,3,55,17,8,2.125
cairo_heavy_hex_27,r19,efficient_su2,8,0,11,82,16,5.125
cairo_heavy_hex_27,r19,efficient_su2,8,0,22,95,16,5.9375
cairo_heavy_hex_27,r19,efficient_su2,8,0,33,85,16,5.3125
cairo_heavy_hex_27,r19,efficient_su2,8,0,44,97,16,6.0625
cairo_heavy_hex_27,r19,efficient_su2,8,0,55,90,16,5.625
cairo_heavy_hex_27,r19,efficient_su2,8,1,11,44,16,2.75
cairo_heavy_hex_27,r19,efficient_su2,8,1,22,50,16,3.125
cairo_heavy_hex_27,r19,efficient_su2,8,1,33,40,16,2.5
cairo_heavy_hex_27,r19,efficient_su2,8,1,44,49,16,3.0625
cairo_heavy_hex_27,r19,efficient_su2,8,1,55,52,16,3.25
cairo_heavy_hex_27,r19,efficient_su2,8,3,11,40,16,2.5
cairo_heavy_hex_27,r19,efficient_su2,8,3,22,40,16,2.5
cairo_heavy_hex_27,r19,efficient_su2,8,3,33,40,16,2.5
cairo_heavy_hex_27,r19,efficient_su2,8,3,44,40,16,2.5
cairo_heavy_hex_27,r19,efficient_su2,8,3,55,40,16,2.5
cairo_heavy_hex_27,r19,efficient_su2,12,0,11,119,24,4.958333333333333
cairo_heavy_hex_27,r19,efficient_su2,12,0,22,142,24,5.916666666666667
cairo_heavy_hex_27,r19,efficient_su2,12,0,33,160,24,6.666666666666667
cairo_heavy_hex_27,r19,efficient_su2,12,0,44,143,24,5.958333333333333
cairo_heavy_hex_27,r19,efficient_su2,12,0,55,154,24,6.416666666666667
cairo_heavy_hex_27,r19,efficient_su2,12,1,11,24,24,1.0
cairo_heavy_hex_27,r19,efficient_su2,12,1,22,24,24,1.0
cairo_heavy_hex_27,r19,efficient_su2,12,1,33,24,24,1.0
cairo_heavy_hex_27,r19,efficient_su2,12,1,44,24,24,1.0
cairo_heavy_hex_27,r19,efficient_su2,12,1,55,24,24,1.0
cairo_heavy_hex_27,r19,efficient_su2,12,3,11,24,24,1.0
cairo_heavy_hex_27,r19,efficient_su2,12,3,22,24,24,1.0
cairo_heavy_hex_27,r19,efficient_su2,12,3,33,24,24,1.0
cairo_heavy_hex_27,r19,efficient_su2,12,3,44,24,24,1.0
cairo_heavy_hex_27,r19,efficient_su2,12,3,55,24,24,1.0
cairo_heavy_hex_27,r19,efficient_su2,16,0,11,158,32,4.9375
cairo_heavy_hex_27,r19,efficient_su2,16,0,22,191,32,5.96875
cairo_heavy_hex_27,r19,efficient_su2,16,0,33,203,32,6.34375
cairo_heavy_hex_27,r19,efficient_su2,16,0,44,185,32,5.78125
cairo_heavy_hex_27,r19,efficient_su2,16,0,55,187,32,5.84375
cairo_heavy_hex_27,r19,efficient_su2,16,1,11,68,32,2.125
cairo_heavy_hex_27,r19,efficient_su2,16,1,22,56,32,1.75
cairo_heavy_hex_27,r19,efficient_su2,16,1,33,86,32,2.6875
cairo_heavy_hex_27,r19,efficient_su2,16,1,44,56,32,1.75
cairo_heavy_hex_27,r19,efficient_su2,16,1,55,56,32,1.75
cairo_heavy_hex_27,r19,efficient_su2,16,3,11,51,32,1.59375
cairo_heavy_hex_27,r19,efficient_su2,16,3,22,40,32,1.25
cairo_heavy_hex_27,r19,efficient_su2,16,3,33,78,32,2.4375
cairo_heavy_hex_27,r19,efficient_su2,16,3,44,40,32,1.25
cairo_heavy_hex_27,r19,efficient_su2,16,3,55,40,32,1.25
cairo_heavy_hex_27,r19,efficient_su2,20,0,11,278,40,6.95
cairo_heavy_hex_27,r19,efficient_su2,20,0,22,264,40,6.6
cairo_heavy_hex_27,r19,efficient_su2,20,0,33,265,40,6.625
cairo_heavy_hex_27,r19,efficient_su2,20,0,44,265,40,6.625
cairo_heavy_hex_27,r19,efficient_su2,20,0,55,225,40,5.625
cairo_heavy_hex_27,r19,efficient_su2,20,1,11,40,40,1.0
cairo_heavy_hex_27,r19,efficient_su2,20,1,22,40,40,1.0
cairo_heavy_hex_27,r19,efficient_su2,20,1,33,40,40,1.0
cairo_heavy_hex_27,r19,efficient_su2,20,1,44,40,40,1.0
cairo_heavy_hex_27,r19,efficient_su2,20,1,55,40,40,1.0
cairo_heavy_hex_27,r19,efficient_su2,20,3,11,40,40,1.0
cairo_heavy_hex_27,r19,efficient_su2,20,3,22,40,40,1.0
cairo_heavy_hex_27,r19,efficient_su2,20,3,33,40,40,1.0
cairo_heavy_hex_27,r19,efficient_su2,20,3,44,40,40,1.0
cairo_heavy_hex_27,r19,efficient_su2,20,3,55,40,40,1.0
cairo_heavy_hex_27,r19,efficient_su2,24,0,11,313,48,6.520833333333333
cairo_heavy_hex_27,r19,efficient_su2,24,0,22,290,48,6.041666666666667
cairo_heavy_hex_27,r19,efficient_su2,24,0,33,337,48,7.020833333333333
cairo_heavy_hex_27,r19,efficient_su2,24,0,44,311,48,6.479166666666667
cairo_heavy_hex_27,r19,efficient_su2,24,0,55,292,48,6.083333333333333
cairo_heavy_hex_27,r19,efficient_su2,24,1,11,106,48,2.2083333333333335
cairo_heavy_hex_27,r19,efficient_su2,24,1,22,106,48,2.2083333333333335
cairo_heavy_hex_27,r19,efficient_su2,24,1,33,109,48,2.2708333333333335
cairo_heavy_hex_27,r19,efficient_su2,24,1,44,106,48,2.2083333333333335
cairo_heavy_hex_27,r19,efficient_su2,24,1,55,109,48,2.2708333333333335
cairo_heavy_hex_27,r19,efficient_su2,24,3,11,94,48,1.9583333333333333
cairo_heavy_hex_27,r19,efficient_su2,24,3,22,98,48,2.0416666666666665
cairo_heavy_hex_27,r19,efficient_su2,24,3,33,97,48,2.0208333333333335
cairo_heavy_hex_27,r19,efficient_su2,24,3,44,97,48,2.0208333333333335
cairo_heavy_hex_27,r19,efficient_su2,24,3,55,72,48,1.5
cairo_heavy_hex_27,r20,qft,4,0,11,35,10,3.5
cairo_heavy_hex_27,r20,qft,4,0,22,29,10,2.9
cairo_heavy_hex_27,r20,qft,4,0,33,32,10,3.2
cairo_heavy_hex_27,r20,qft,4,0,44,35,10,3.5
cairo_heavy_hex_27,r20,qft,4,0,55,35,10,3.5
cairo_heavy_hex_27,r20,qft,4,1,11,18,10,1.8
cairo_heavy_hex_27,r20,qft,4,1,22,18,10,1.8
cairo_heavy_hex_27,r20,qft,4,1,33,18,10,1.8
cairo_heavy_hex_27,r20,qft,4,1,44,18,10,1.8
cairo_heavy_hex_27,r20,qft,4,1,55,18,10,1.8
cairo_heavy_hex_27,r20,qft,4,3,11,18,10,1.8
cairo_heavy_hex_27,r20,qft,4,3,22,18,10,1.8
cairo_heavy_hex_27,r20,qft,4,3,33,16,10,1.6
cairo_heavy_hex_27,r20,qft,4,3,44,18,10,1.8
cairo_heavy_hex_27,r20,qft,4,3,55,18,10,1.8
cairo_heavy_hex_27,r20,qft,8,0,11,116,26,4.461538461538462
cairo_heavy_hex_27,r20,qft,8,0,22,118,26,4.538461538461538
cairo_heavy_hex_27,r20,qft,8,0,33,111,26,4.269230769230769
cairo_heavy_hex_27,r20,qft,8,0,44,94,26,3.6153846153846154
cairo_heavy_hex_27,r20,qft,8,0,55,111,26,4.269230769230769
cairo_heavy_hex_27,r20,qft,8,1,11,66,26,2.5384615384615383
cairo_heavy_hex_27,r20,qft,8,1,22,63,26,2.423076923076923
cairo_heavy_hex_27,r20,qft,8,1,33,71,26,2.730769230769231
cairo_heavy_hex_27,r20,qft,8,1,44,73,26,2.8076923076923075
cairo_heavy_hex_27,r20,qft,8,1,55,73,26,2.8076923076923075
cairo_heavy_hex_27,r20,qft,8,3,11,59,26,2.269230769230769
cairo_heavy_hex_27,r20,qft,8,3,22,52,26,2.0
cairo_heavy_hex_27,r20,qft,8,3,33,60,26,2.3076923076923075
cairo_heavy_hex_27,r20,qft,8,3,44,58,26,2.230769230769231
cairo_heavy_hex_27,r20,qft,8,3,55,57,26,2.1923076923076925
cairo_heavy_hex_27,r20,qft,12,0,11,210,42,5.0
cairo_heavy_hex_27,r20,qft,12,0,22,215,42,5.119047619047619
cairo_heavy_hex_27,r20,qft,12,0,33,264,42,6.285714285714286
cairo_heavy_hex_27,r20,qft,12,0,44,216,42,5.142857142857143
cairo_heavy_hex_27,r20,qft,12,0,55,225,42,5.357142857142857
cairo_heavy_hex_27,r20,qft,12,1,11,156,42,3.7142857142857144
cairo_heavy_hex_27,r20,qft,12,1,22,140,42,3.3333333333333335
cairo_heavy_hex_27,r20,qft,12,1,33,150,42,3.5714285714285716
cairo_heavy_hex_27,r20,qft,12,1,44,115,42,2.738095238095238
cairo_heavy_hex_27,r20,qft,12,1,55,159,42,3.7857142857142856
cairo_heavy_hex_27,r20,qft,12,3,11,132,42,3.142857142857143
cairo_heavy_hex_27,r20,qft,12,3,22,113,42,2.6904761904761907
cairo_heavy_hex_27,r20,qft,12,3,33,111,42,2.642857142857143
cairo_heavy_hex_27,r20,qft,12,3,44,110,42,2.619047619047619
cairo_heavy_hex_27,r20,qft,12,3,55,121,42,2.880952380952381
cairo_heavy_hex_27,r20,qft,16,0,11,322,58,5.551724137931035
cairo_heavy_hex_27,r20,qft,16,0,22,293,58,5.051724137931035
cairo_heavy_hex_27,r20,qft,16,0,33,415,58,7.155172413793103
cairo_heavy_hex_27,r20,qft,16,0,44,284,58,4.896551724137931
cairo_heavy_hex_27,r20,qft,16,0,55,311,58,5.362068965517241
cairo_heavy_hex_27,r20,qft,16,1,11,179,58,3.086206896551724
cairo_heavy_hex_27,r20,qft,16,1,22,214,58,3.689655172413793
cairo_heavy_hex_27,r20,qft,16,1,33,191,58,3.293103448275862
cairo_heavy_hex_27,r20,qft,16,1,44,205,58,3.5344827586206895
cairo_heavy_hex_27,r20,qft,16,1,55,211,58,3.6379310344827585
cairo_heavy_hex_27,r20,qft,16,3,11,180,58,3.103448275862069
cairo_heavy_hex_27,r20,qft,16,3,22,149,58,2.5689655172413794
cairo_heavy_hex_27,r20,qft,16,3,33,187,58,3.2241379310344827
cairo_heavy_hex_27,r20,qft,16,3,44,178,58,3.0689655172413794
cairo_heavy_hex_27,r20,qft,16,3,55,180,58,3.103448275862069
cairo_heavy_hex_27,r20,qft,20,0,11,441,74,5.95945945945946
cairo_heavy_hex_27,r20,qft,20,0,22,413,74,5.581081081081081
cairo_heavy_hex_27,r20,qft,20,0,33,492,74,6.648648648648648
cairo_heavy_hex_27,r20,qft,20,0,44,481,74,6.5
cairo_heavy_hex_27,r20,qft,20,0,55,422,74,5.702702702702703
cairo_heavy_hex_27,r20,qft,20,1,11,233,74,3.1486486486486487
cairo_heavy_hex_27,r20,qft,20,1,22,243,74,3.2837837837837838
cairo_heavy_hex_27,r20,qft,20,1,33,329,74,4.445945945945946
cairo_heavy_hex_27,r20,qft,20,1,44,218,74,2.945945945945946
cairo_heavy_hex_27,r20,qft,20,1,55,315,74,4.256756756756757
cairo_heavy_hex_27,r20,qft,20,3,11,221,74,2.9864864864864864
cairo_heavy_hex_27,r20,qft,20,3,22,156,74,2.108108108108108
cairo_heavy_hex_27,r20,qft,20,3,33,153,74,2.0675675675675675
cairo_heavy_hex_27,r20,qft,20,3,44,193,74,2.608108108108108
cairo_heavy_hex_27,r20,qft,20,3,55,239,74,3.22972972972973
cairo_heavy_hex_27,r20,qft,24,0,11,597,90,6.633333333333334
cairo_heavy_hex_27,r20,qft,24,0,22,607,90,6.7444444444444445
cairo_heavy_hex_27,r20,qft,24,0,33,609,90,6.766666666666667
cairo_heavy_hex_27,r20,qft,24,0,44,594,90,6.6
cairo_heavy_hex_27,r20,qft,24,0,55,588,90,6.533333333333333
cairo_heavy_hex_27,r20,qft,24,1,11,334,90,3.7111111111111112
cairo_heavy_hex_27,r20,qft,24,1,22,387,90,4.3
cairo_heavy_hex_27,r20,qft,24,1,33,371,90,4.122222222222222
cairo_heavy_hex_27,r20,qft,24,1,44,355,90,3.9444444444444446
cairo_heavy_hex_27,r20,qft,24,1,55,377,90,4.188888888888889
cairo_heavy_hex_27,r20,qft,24,3,11,203,90,2.2555555555555555
cairo_heavy_hex_27,r20,qft,24,3,22,328,90,3.6444444444444444
cairo_heavy_hex_27,r20,qft,24,3,33,195,90,2.1666666666666665
cairo_heavy_hex_27,r20,qft,24,3,44,301,90,3.3444444444444446
cairo_heavy_hex_27,r20,qft,24,3,55,310,90,3.4444444444444446
cairo_heavy_hex_27,r20,ghz_chain,4,0,11,24,3,8.0
cairo_heavy_hex_27,r20,ghz_chain,4,0,22,23,3,7.666666666666667
cairo_heavy_hex_27,r20,ghz_chain,4,0,33,24,3,8.0
cairo_heavy_hex_27,r20,ghz_chain,4,0,44,24,3,8.0
cairo_heavy_hex_27,r20,ghz_chain,4,0,55,21,3,7.0
cairo_heavy_hex_27,r20,ghz_chain,4,1,11,3,3,1.0
cairo_heavy_hex_27,r20,ghz_chain,4,1,22,3,3,1.0
cairo_heavy_hex_27,r20,ghz_chain,4,1,33,3,3,1.0
cairo_heavy_hex_27,r20,ghz_chain,4,1,44,3,3,1.0
cairo_heavy_hex_27,r20,ghz_chain,4,1,55,3,3,1.0
cairo_heavy_hex_27,r20,ghz_chain,4,3,11,3,3,1.0
cairo_heavy_hex_27,r20,ghz_chain,4,3,22,3,3,1.0
cairo_heavy_hex_27,r20,ghz_chain,4,3,33,3,3,1.0
cairo_heavy_hex_27,r20,ghz_chain,4,3,44,3,3,1.0
cairo_heavy_hex_27,r20,ghz_chain,4,3,55,3,3,1.0
cairo_heavy_hex_27,r20,ghz_chain,8,0,11,43,7,6.142857142857143
cairo_heavy_hex_27,r20,ghz_chain,8,0,22,37,7,5.285714285714286
cairo_heavy_hex_27,r20,ghz_chain,8,0,33,46,7,6.571428571428571
cairo_heavy_hex_27,r20,ghz_chain,8,0,44,40,7,5.714285714285714
cairo_heavy_hex_27,r20,ghz_chain,8,0,55,52,7,7.428571428571429
cairo_heavy_hex_27,r20,ghz_chain,8,1,11,7,7,1.0
cairo_heavy_hex_27,r20,ghz_chain,8,1,22,7,7,1.0
cairo_heavy_hex_27,r20,ghz_chain,8,1,33,7,7,1.0
cairo_heavy_hex_27,r20,ghz_chain,8,1,44,7,7,1.0
cairo_heavy_hex_27,r20,ghz_chain,8,1,55,7,7,1.0
cairo_heavy_hex_27,r20,ghz_chain,8,3,11,7,7,1.0
cairo_heavy_hex_27,r20,ghz_chain,8,3,22,7,7,1.0
cairo_heavy_hex_27,r20,ghz_chain,8,3,33,7,7,1.0
cairo_heavy_hex_27,r20,ghz_chain,8,3,44,7,7,1.0
cairo_heavy_hex_27,r20,ghz_chain,8,3,55,7,7,1.0
cairo_heavy_hex_27,r20,ghz_chain,12,0,11,53,11,4.818181818181818
cairo_heavy_hex_27,r20,ghz_chain,12,0,22,62,11,5.636363636363637
cairo_heavy_hex_27,r20,ghz_chain,12,0,33,59,11,5.363636363636363
cairo_heavy_hex_27,r20,ghz_chain,12,0,44,56,11,5.090909090909091
cairo_heavy_hex_27,r20,ghz_chain,12,0,55,68,11,6.181818181818182
cairo_heavy_hex_27,r20,ghz_chain,12,1,11,11,11,1.0
cairo_heavy_hex_27,r20,ghz_chain,12,1,22,11,11,1.0
cairo_heavy_hex_27,r20,ghz_chain,12,1,33,11,11,1.0
cairo_heavy_hex_27,r20,ghz_chain,12,1,44,11,11,1.0
cairo_heavy_hex_27,r20,ghz_chain,12,1,55,11,11,1.0
cairo_heavy_hex_27,r20,ghz_chain,12,3,11,11,11,1.0
cairo_heavy_hex_27,r20,ghz_chain,12,3,22,11,11,1.0
cairo_heavy_hex_27,r20,ghz_chain,12,3,33,11,11,1.0
cairo_heavy_hex_27,r20,ghz_chain,12,3,44,11,11,1.0
cairo_heavy_hex_27,r20,ghz_chain,12,3,55,11,11,1.0
cairo_heavy_hex_27,r20,ghz_chain,16,0,11,65,15,4.333333333333333
cairo_heavy_hex_27,r20,ghz_chain,16,0,22,87,15,5.8
cairo_heavy_hex_27,r20,ghz_chain,16,0,33,92,15,6.133333333333334
cairo_heavy_hex_27,r20,ghz_chain,16,0,44,78,15,5.2
cairo_heavy_hex_27,r20,ghz_chain,16,0,55,87,15,5.8
cairo_heavy_hex_27,r20,ghz_chain,16,1,11,15,15,1.0
cairo_heavy_hex_27,r20,ghz_chain,16,1,22,15,15,1.0
cairo_heavy_hex_27,r20,ghz_chain,16,1,33,15,15,1.0
cairo_heavy_hex_27,r20,ghz_chain,16,1,44,15,15,1.0
cairo_heavy_hex_27,r20,ghz_chain,16,1,55,15,15,1.0
cairo_heavy_hex_27,r20,ghz_chain,16,3,11,15,15,1.0
cairo_heavy_hex_27,r20,ghz_chain,16,3,22,15,15,1.0
cairo_heavy_hex_27,r20,ghz_chain,16,3,33,15,15,1.0
cairo_heavy_hex_27,r20,ghz_chain,16,3,44,15,15,1.0
cairo_heavy_hex_27,r20,ghz_chain,16,3,55,15,15,1.0
cairo_heavy_hex_27,r20,ghz_chain,20,0,11,96,19,5.052631578947368
cairo_heavy_hex_27,r20,ghz_chain,20,0,22,118,19,6.2105263157894735
cairo_heavy_hex_27,r20,ghz_chain,20,0,33,123,19,6.473684210526316
cairo_heavy_hex_27,r20,ghz_chain,20,0,44,112,19,5.894736842105263
cairo_heavy_hex_27,r20,ghz_chain,20,0,55,121,19,6.368421052631579
cairo_heavy_hex_27,r20,ghz_chain,20,1,11,19,19,1.0
cairo_heavy_hex_27,r20,ghz_chain,20,1,22,19,19,1.0
cairo_heavy_hex_27,r20,ghz_chain,20,1,33,19,19,1.0
cairo_heavy_hex_27,r20,ghz_chain,20,1,44,19,19,1.0
cairo_heavy_hex_27,r20,ghz_chain,20,1,55,19,19,1.0
cairo_heavy_hex_27,r20,ghz_chain,20,3,11,19,19,1.0
cairo_heavy_hex_27,r20,ghz_chain,20,3,22,19,19,1.0
cairo_heavy_hex_27,r20,ghz_chain,20,3,33,19,19,1.0
cairo_heavy_hex_27,r20,ghz_chain,20,3,44,19,19,1.0
cairo_heavy_hex_27,r20,ghz_chain,20,3,55,19,19,1.0
cairo_heavy_hex_27,r20,ghz_chain,24,0,11,114,23,4.956521739130435
cairo_heavy_hex_27,r20,ghz_chain,24,0,22,140,23,6.086956521739131
cairo_heavy_hex_27,r20,ghz_chain,24,0,33,148,23,6.434782608695652
cairo_heavy_hex_27,r20,ghz_chain,24,0,44,134,23,5.826086956521739
cairo_heavy_hex_27,r20,ghz_chain,24,0,55,134,23,5.826086956521739
cairo_heavy_hex_27,r20,ghz_chain,24,1,11,80,23,3.4782608695652173
cairo_heavy_hex_27,r20,ghz_chain,24,1,22,67,23,2.9130434782608696
cairo_heavy_hex_27,r20,ghz_chain,24,1,33,69,23,3.0
cairo_heavy_hex_27,r20,ghz_chain,24,1,44,71,23,3.0869565217391304
cairo_heavy_hex_27,r20,ghz_chain,24,1,55,66,23,2.869565217391304
cairo_heavy_hex_27,r20,ghz_chain,24,3,11,53,23,2.3043478260869565
cairo_heavy_hex_27,r20,ghz_chain,24,3,22,46,23,2.0
cairo_heavy_hex_27,r20,ghz_chain,24,3,33,58,23,2.5217391304347827
cairo_heavy_hex_27,r20,ghz_chain,24,3,44,54,23,2.347826086956522
cairo_heavy_hex_27,r20,ghz_chain,24,3,55,60,23,2.608695652173913
cairo_heavy_hex_27,r20,ghz_star,4,0,11,18,3,6.0
cairo_heavy_hex_27,r20,ghz_star,4,0,22,21,3,7.0
cairo_heavy_hex_27,r20,ghz_star,4,0,33,26,3,8.666666666666666
cairo_heavy_hex_27,r20,ghz_star,4,0,44,18,3,6.0
cairo_heavy_hex_27,r20,ghz_star,4,0,55,21,3,7.0
cairo_heavy_hex_27,r20,ghz_star,4,1,11,3,3,1.0
cairo_heavy_hex_27,r20,ghz_star,4,1,22,3,3,1.0
cairo_heavy_hex_27,r20,ghz_star,4,1,33,3,3,1.0
cairo_heavy_hex_27,r20,ghz_star,4,1,44,3,3,1.0
cairo_heavy_hex_27,r20,ghz_star,4,1,55,3,3,1.0
cairo_heavy_hex_27,r20,ghz_star,4,3,11,3,3,1.0
cairo_heavy_hex_27,r20,ghz_star,4,3,22,3,3,1.0
cairo_heavy_hex_27,r20,ghz_star,4,3,33,3,3,1.0
cairo_heavy_hex_27,r20,ghz_star,4,3,44,3,3,1.0
cairo_heavy_hex_27,r20,ghz_star,4,3,55,3,3,1.0
cairo_heavy_hex_27,r20,ghz_star,8,0,11,46,7,6.571428571428571
cairo_heavy_hex_27,r20,ghz_star,8,0,22,39,7,5.571428571428571
cairo_heavy_hex_27,r20,ghz_star,8,0,33,46,7,6.571428571428571
cairo_heavy_hex_27,r20,ghz_star,8,0,44,39,7,5.571428571428571
cairo_heavy_hex_27,r20,ghz_star,8,0,55,39,7,5.571428571428571
cairo_heavy_hex_27,r20,ghz_star,8,1,11,19,7,2.7142857142857144
cairo_heavy_hex_27,r20,ghz_star,8,1,22,18,7,2.5714285714285716
cairo_heavy_hex_27,r20,ghz_star,8,1,33,19,7,2.7142857142857144
cairo_heavy_hex_27,r20,ghz_star,8,1,44,17,7,2.4285714285714284
cairo_heavy_hex_27,r20,ghz_star,8,1,55,19,7,2.7142857142857144
cairo_heavy_hex_27,r20,ghz_star,8,3,11,15,7,2.142857142857143
cairo_heavy_hex_27,r20,ghz_star,8,3,22,16,7,2.2857142857142856
cairo_heavy_hex_27,r20,ghz_star,8,3,33,19,7,2.7142857142857144
cairo_heavy_hex_27,r20,ghz_star,8,3,44,18,7,2.5714285714285716
cairo_heavy_hex_27,r20,ghz_star,8,3,55,16,7,2.2857142857142856
cairo_heavy_hex_27,r20,ghz_star,12,0,11,71,11,6.454545454545454
cairo_heavy_hex_27,r20,ghz_star,12,0,22,64,11,5.818181818181818
cairo_heavy_hex_27,r20,ghz_star,12,0,33,71,11,6.454545454545454
cairo_heavy_hex_27,r20,ghz_star,12,0,44,65,11,5.909090909090909
cairo_heavy_hex_27,r20,ghz_star,12,0,55,77,11,7.0
cairo_heavy_hex_27,r20,ghz_star,12,1,11,40,11,3.6363636363636362
cairo_heavy_hex_27,r20,ghz_star,12,1,22,33,11,3.0
cairo_heavy_hex_27,r20,ghz_star,12,1,33,41,11,3.727272727272727
cairo_heavy_hex_27,r20,ghz_star,12,1,44,37,11,3.3636363636363638
cairo_heavy_hex_27,r20,ghz_star,12,1,55,28,11,2.5454545454545454
cairo_heavy_hex_27,r20,ghz_star,12,3,11,30,11,2.727272727272727
cairo_heavy_hex_27,r20,ghz_star,12,3,22,31,11,2.8181818181818183
cairo_heavy_hex_27,r20,ghz_star,12,3,33,26,11,2.3636363636363638
cairo_heavy_hex_27,r20,ghz_star,12,3,44,28,11,2.5454545454545454
cairo_heavy_hex_27,r20,ghz_star,12,3,55,27,11,2.4545454545454546
cairo_heavy_hex_27,r20,ghz_star,16,0,11,93,15,6.2
cairo_heavy_hex_27,r20,ghz_star,16,0,22,96,15,6.4
cairo_heavy_hex_27,r20,ghz_star,16,0,33,96,15,6.4
cairo_heavy_hex_27,r20,ghz_star,16,0,44,87,15,5.8
cairo_heavy_hex_27,r20,ghz_star,16,0,55,94,15,6.266666666666667
cairo_heavy_hex_27,r20,ghz_star,16,1,11,55,15,3.6666666666666665
cairo_heavy_hex_27,r20,ghz_star,16,1,22,62,15,4.133333333333334
cairo_heavy_hex_27,r20,ghz_star,16,1,33,59,15,3.933333333333333
cairo_heavy_hex_27,r20,ghz_star,16,1,44,54,15,3.6
cairo_heavy_hex_27,r20,ghz_star,16,1,55,60,15,4.0
cairo_heavy_hex_27,r20,ghz_star,16,3,11,40,15,2.6666666666666665
cairo_heavy_hex_27,r20,ghz_star,16,3,22,49,15,3.2666666666666666
cairo_heavy_hex_27,r20,ghz_star,16,3,33,47,15,3.1333333333333333
cairo_heavy_hex_27,r20,ghz_star,16,3,44,48,15,3.2
cairo_heavy_hex_27,r20,ghz_star,16,3,55,50,15,3.3333333333333335
cairo_heavy_hex_27,r20,ghz_star,20,0,11,115,19,6.052631578947368
cairo_heavy_hex_27,r20,ghz_star,20,0,22,127,19,6.684210526315789
cairo_heavy_hex_27,r20,ghz_star,20,0,33,119,19,6.2631578947368425
cairo_heavy_hex_27,r20,ghz_star,20,0,44,124,19,6.526315789473684
cairo_heavy_hex_27,r20,ghz_star,20,0,55,132,19,6.947368421052632
cairo_heavy_hex_27,r20,ghz_star,20,1,11,76,19,4.0
cairo_heavy_hex_27,r20,ghz_star,20,1,22,71,19,3.736842105263158
cairo_heavy_hex_27,r20,ghz_star,20,1,33,70,19,3.6842105263157894
cairo_heavy_hex_27,r20,ghz_star,20,1,44,70,19,3.6842105263157894
cairo_heavy_hex_27,r20,ghz_star,20,1,55,67,19,3.526315789473684
cairo_heavy_hex_27,r20,ghz_star,20,3,11,62,19,3.263157894736842
cairo_heavy_hex_27,r20,ghz_star,20,3,22,69,19,3.6315789473684212
cairo_heavy_hex_27,r20,ghz_star,20,3,33,67,19,3.526315789473684
cairo_heavy_hex_27,r20,ghz_star,20,3,44,61,19,3.210526315789474
cairo_heavy_hex_27,r20,ghz_star,20,3,55,65,19,3.4210526315789473
cairo_heavy_hex_27,r20,ghz_star,24,0,11,140,23,6.086956521739131
cairo_heavy_hex_27,r20,ghz_star,24,0,22,143,23,6.217391304347826
cairo_heavy_hex_27,r20,ghz_star,24,0,33,150,23,6.521739130434782
cairo_heavy_hex_27,r20,ghz_star,24,0,44,143,23,6.217391304347826
cairo_heavy_hex_27,r20,ghz_star,24,0,55,163,23,7.086956521739131
cairo_heavy_hex_27,r20,ghz_star,24,1,11,93,23,4.043478260869565
cairo_heavy_hex_27,r20,ghz_star,24,1,22,103,23,4.478260869565218
cairo_heavy_hex_27,r20,ghz_star,24,1,33,92,23,4.0
cairo_heavy_hex_27,r20,ghz_star,24,1,44,92,23,4.0
cairo_heavy_hex_27,r20,ghz_star,24,1,55,93,23,4.043478260869565
cairo_heavy_hex_27,r20,ghz_star,24,3,11,86,23,3.739130434782609
cairo_heavy_hex_27,r20,ghz_star,24,3,22,79,23,3.4347826086956523
cairo_heavy_hex_27,r20,ghz_star,24,3,33,69,23,3.0
cairo_heavy_hex_27,r20,ghz_star,24,3,44,75,23,3.260869565217391
cairo_heavy_hex_27,r20,ghz_star,24,3,55,79,23,3.4347826086956523
cairo_heavy_hex_27,r20,efficient_su2,4,0,11,38,8,4.75
cairo_heavy_hex_27,r20,efficient_su2,4,0,22,36,8,4.5
cairo_heavy_hex_27,r20,efficient_su2,4,0,33,34,8,4.25
cairo_heavy_hex_27,r20,efficient_su2,4,0,44,36,8,4.5
cairo_heavy_hex_27,r20,efficient_su2,4,0,55,36,8,4.5
cairo_heavy_hex_27,r20,efficient_su2,4,1,11,17,8,2.125
cairo_heavy_hex_27,r20,efficient_su2,4,1,22,17,8,2.125
cairo_heavy_hex_27,r20,efficient_su2,4,1,33,17,8,2.125
cairo_heavy_hex_27,r20,efficient_su2,4,1,44,17,8,2.125
cairo_heavy_hex_27,r20,efficient_su2,4,1,55,17,8,2.125
cairo_heavy_hex_27,r20,efficient_su2,4,3,11,17,8,2.125
cairo_heavy_hex_27,r20,efficient_su2,4,3,22,17,8,2.125
cairo_heavy_hex_27,r20,efficient_su2,4,3,33,17,8,2.125
cairo_heavy_hex_27,r20,efficient_su2,4,3,44,17,8,2.125
cairo_heavy_hex_27,r20,efficient_su2,4,3,55,17,8,2.125
cairo_heavy_hex_27,r20,efficient_su2,8,0,11,91,16,5.6875
cairo_heavy_hex_27,r20,efficient_su2,8,0,22,76,16,4.75
cairo_heavy_hex_27,r20,efficient_su2,8,0,33,58,16,3.625
cairo_heavy_hex_27,r20,efficient_su2,8,0,44,79,16,4.9375
cairo_heavy_hex_27,r20,efficient_su2,8,0,55,87,16,5.4375
cairo_heavy_hex_27,r20,efficient_su2,8,1,11,40,16,2.5
cairo_heavy_hex_27,r20,efficient_su2,8,1,22,50,16,3.125
cairo_heavy_hex_27,r20,efficient_su2,8,1,33,40,16,2.5
cairo_heavy_hex_27,r20,efficient_su2,8,1,44,52,16,3.25
cairo_heavy_hex_27,r20,efficient_su2,8,1,55,40,16,2.5
cairo_heavy_hex_27,r20,efficient_su2,8,3,11,40,16,2.5
cairo_heavy_hex_27,r20,efficient_su2,8,3,22,40,16,2.5
cairo_heavy_hex_27,r20,efficient_su2,8,3,33,40,16,2.5
cairo_heavy_hex_27,r20,efficient_su2,8,3,44,40,16,2.5
cairo_heavy_hex_27,r20,efficient_su2,8,3,55,40,16,2.5
cairo_heavy_hex_27,r20,efficient_su2,12,0,11,120,24,5.0
cairo_heavy_hex_27,r20,efficient_su2,12,0,22,102,24,4.25
cairo_heavy_hex_27,r20,efficient_su2,12,0,33,123,24,5.125
cairo_heavy_hex_27,r20,efficient_su2,12,0,44,96,24,4.0
cairo_heavy_hex_27,r20,efficient_su2,12,0,55,111,24,4.625
cairo_heavy_hex_27,r20,efficient_su2,12,1,11,24,24,1.0
cairo_heavy_hex_27,r20,efficient_su2,12,1,22,24,24,1.0
cairo_heavy_hex_27,r20,efficient_su2,12,1,33,24,24,1.0
cairo_heavy_hex_27,r20,efficient_su2,12,1,44,24,24,1.0
cairo_heavy_hex_27,r20,efficient_su2,12,1,55,24,24,1.0
cairo_heavy_hex_27,r20,efficient_su2,12,3,11,24,24,1.0
cairo_heavy_hex_27,r20,efficient_su2,12,3,22,24,24,1.0
cairo_heavy_hex_27,r20,efficient_su2,12,3,33,24,24,1.0
cairo_heavy_hex_27,r20,efficient_su2,12,3,44,24,24,1.0
cairo_heavy_hex_27,r20,efficient_su2,12,3,55,24,24,1.0
cairo_heavy_hex_27,r20,efficient_su2,16,0,11,104,32,3.25
cairo_heavy_hex_27,r20,efficient_su2,16,0,22,169,32,5.28125
cairo_heavy_hex_27,r20,efficient_su2,16,0,33,151,32,4.71875
cairo_heavy_hex_27,r20,efficient_su2,16,0,44,113,32,3.53125
cairo_heavy_hex_27,r20,efficient_su2,16,0,55,155,32,4.84375
cairo_heavy_hex_27,r20,efficient_su2,16,1,11,92,32,2.875
cairo_heavy_hex_27,r20,efficient_su2,16,1,22,104,32,3.25
cairo_heavy_hex_27,r20,efficient_su2,16,1,33,104,32,3.25
cairo_heavy_hex_27,r20,efficient_su2,16,1,44,92,32,2.875
cairo_heavy_hex_27,r20,efficient_su2,16,1,55,104,32,3.25
cairo_heavy_hex_27,r20,efficient_su2,16,3,11,78,32,2.4375
cairo_heavy_hex_27,r20,efficient_su2,16,3,22,96,32,3.0
cairo_heavy_hex_27,r20,efficient_su2,16,3,33,64,32,2.0
cairo_heavy_hex_27,r20,efficient_su2,16,3,44,78,32,2.4375
cairo_heavy_hex_27,r20,efficient_su2,16,3,55,60,32,1.875
cairo_heavy_hex_27,r20,efficient_su2,20,0,11,211,40,5.275
cairo_heavy_hex_27,r20,efficient_su2,20,0,22,244,40,6.1
cairo_heavy_hex_27,r20,efficient_su2,20,0,33,231,40,5.775
cairo_heavy_hex_27,r20,efficient_su2,20,0,44,232,40,5.8
cairo_heavy_hex_27,r20,efficient_su2,20,0,55,245,40,6.125
cairo_heavy_hex_27,r20,efficient_su2,20,1,11,40,40,1.0
cairo_heavy_hex_27,r20,efficient_su2,20,1,22,40,40,1.0
cairo_heavy_hex_27,r20,efficient_su2,20,1,33,40,40,1.0
cairo_heavy_hex_27,r20,efficient_su2,20,1,44,40,40,1.0
cairo_heavy_hex_27,r20,efficient_su2,20,1,55,40,40,1.0
cairo_heavy_hex_27,r20,efficient_su2,20,3,11,40,40,1.0
cairo_heavy_hex_27,r20,efficient_su2,20,3,22,40,40,1.0
cairo_heavy_hex_27,r20,efficient_su2,20,3,33,40,40,1.0
cairo_heavy_hex_27,r20,efficient_su2,20,3,44,40,40,1.0
cairo_heavy_hex_27,r20,efficient_su2,20,3,55,40,40,1.0
cairo_heavy_hex_27,r20,efficient_su2,24,0,11,221,48,4.604166666666667
cairo_heavy_hex_27,r20,efficient_su2,24,0,22,271,48,5.645833333333333
cairo_heavy_hex_27,r20,efficient_su2,24,0,33,265,48,5.520833333333333
cairo_heavy_hex_27,r20,efficient_su2,24,0,44,259,48,5.395833333333333
cairo_heavy_hex_27,r20,efficient_su2,24,0,55,245,48,5.104166666666667
cairo_heavy_hex_27,r20,efficient_su2,24,1,11,156,48,3.25
cairo_heavy_hex_27,r20,efficient_su2,24,1,22,153,48,3.1875
cairo_heavy_hex_27,r20,efficient_su2,24,1,33,156,48,3.25
cairo_heavy_hex_27,r20,efficient_su2,24,1,44,162,48,3.375
cairo_heavy_hex_27,r20,efficient_su2,24,1,55,162,48,3.375
cairo_heavy_hex_27,r20,efficient_su2,24,3,11,123,48,2.5625
cairo_heavy_hex_27,r20,efficient_su2,24,3,22,63,48,1.3125
cairo_heavy_hex_27,r20,efficient_su2,24,3,33,135,48,2.8125
cairo_heavy_hex_27,r20,efficient_su2,24,3,44,126,48,2.625
cairo_heavy_hex_27,r20,efficient_su2,24,3,55,138,48,2.875
cairo_heavy_hex_27,r21,qft,4,0,11,31,10,3.1
cairo_heavy_hex_27,r21,qft,4,0,22,33,10,3.3
cairo_heavy_hex_27,r21,qft,4,0,33,31,10,3.1
cairo_heavy_hex_27,r21,qft,4,0,44,33,10,3.3
cairo_heavy_hex_27,r21,qft,4,0,55,31,10,3.1
cairo_heavy_hex_27,r21,qft,4,1,11,18,10,1.8
cairo_heavy_hex_27,r21,qft,4,1,22,18,10,1.8
cairo_heavy_hex_27,r21,qft,4,1,33,18,10,1.8
cairo_heavy_hex_27,r21,qft,4,1,44,18,10,1.8
cairo_heavy_hex_27,r21,qft,4,1,55,18,10,1.8
cairo_heavy_hex_27,r21,qft,4,3,11,18,10,1.8
cairo_heavy_hex_27,r21,qft,4,3,22,18,10,1.8
cairo_heavy_hex_27,r21,qft,4,3,33,16,10,1.6
cairo_heavy_hex_27,r21,qft,4,3,44,18,10,1.8
cairo_heavy_hex_27,r21,qft,4,3,55,18,10,1.8
cairo_heavy_hex_27,r21,qft,8,0,11,136,26,5.230769230769231
cairo_heavy_hex_27,r21,qft,8,0,22,133,26,5.115384615384615
cairo_heavy_hex_27,r21,qft,8,0,33,113,26,4.346153846153846
cairo_heavy_hex_27,r21,qft,8,0,44,110,26,4.230769230769231
cairo_heavy_hex_27,r21,qft,8,0,55,130,26,5.0
cairo_heavy_hex_27,r21,qft,8,1,11,63,26,2.423076923076923
cairo_heavy_hex_27,r21,qft,8,1,22,70,26,2.6923076923076925
cairo_heavy_hex_27,r21,qft,8,1,33,74,26,2.8461538461538463
cairo_heavy_hex_27,r21,qft,8,1,44,66,26,2.5384615384615383
cairo_heavy_hex_27,r21,qft,8,1,55,82,26,3.1538461538461537
cairo_heavy_hex_27,r21,qft,8,3,11,67,26,2.576923076923077
cairo_heavy_hex_27,r21,qft,8,3,22,58,26,2.230769230769231
cairo_heavy_hex_27,r21,qft,8,3,33,59,26,2.269230769230769
cairo_heavy_hex_27,r21,qft,8,3,44,52,26,2.0
cairo_heavy_hex_27,r21,qft,8,3,55,52,26,2.0
cairo_heavy_hex_27,r21,qft,12,0,11,258,42,6.142857142857143
cairo_heavy_hex_27,r21,qft,12,0,22,229,42,5.4523809523809526
cairo_heavy_hex_27,r21,qft,12,0,33,226,42,5.380952380952381
cairo_heavy_hex_27,r21,qft,12,0,44,245,42,5.833333333333333
cairo_heavy_hex_27,r21,qft,12,0,55,211,42,5.023809523809524
cairo_heavy_hex_27,r21,qft,12,1,11,147,42,3.5
cairo_heavy_hex_27,r21,qft,12,1,22,177,42,4.214285714285714
cairo_heavy_hex_27,r21,qft,12,1,33,151,42,3.5952380952380953
cairo_heavy_hex_27,r21,qft,12,1,44,163,42,3.880952380952381
cairo_heavy_hex_27,r21,qft,12,1,55,157,42,3.738095238095238
cairo_heavy_hex_27,r21,qft,12,3,11,91,42,2.1666666666666665
cairo_heavy_hex_27,r21,qft,12,3,22,106,42,2.5238095238095237
cairo_heavy_hex_27,r21,qft,12,3,33,119,42,2.8333333333333335
cairo_heavy_hex_27,r21,qft,12,3,44,103,42,2.4523809523809526
cairo_heavy_hex_27,r21,qft,12,3,55,126,42,3.0
cairo_heavy_hex_27,r21,qft,16,0,11,430,58,7.413793103448276
cairo_heavy_hex_27,r21,qft,16,0,22,338,58,5.827586206896552
cairo_heavy_hex_27,r21,qft,16,0,33,399,58,6.879310344827586
cairo_heavy_hex_27,r21,qft,16,0,44,378,58,6.517241379310345
cairo_heavy_hex_27,r21,qft,16,0,55,378,58,6.517241379310345
cairo_heavy_hex_27,r21,qft,16,1,11,197,58,3.396551724137931
cairo_heavy_hex_27,r21,qft,16,1,22,218,58,3.7586206896551726
cairo_heavy_hex_27,r21,qft,16,1,33,184,58,3.1724137931034484
cairo_heavy_hex_27,r21,qft,16,1,44,171,58,2.9482758620689653
cairo_heavy_hex_27,r21,qft,16,1,55,235,58,4.051724137931035
cairo_heavy_hex_27,r21,qft,16,3,11,185,58,3.189655172413793
cairo_heavy_hex_27,r21,qft,16,3,22,159,58,2.7413793103448274
cairo_heavy_hex_27,r21,qft,16,3,33,183,58,3.1551724137931036
cairo_heavy_hex_27,r21,qft,16,3,44,159,58,2.7413793103448274
cairo_heavy_hex_27,r21,qft,16,3,55,138,58,2.3793103448275863
cairo_heavy_hex_27,r21,qft,20,0,11,465,74,6.283783783783784
cairo_heavy_hex_27,r21,qft,20,0,22,501,74,6.77027027027027
cairo_heavy_hex_27,r21,qft,20,0,33,502,74,6.783783783783784
cairo_heavy_hex_27,r21,qft,20,0,44,489,74,6.608108108108108
cairo_heavy_hex_27,r21,qft,20,0,55,491,74,6.635135135135135
cairo_heavy_hex_27,r21,qft,20,1,11,296,74,4.0
cairo_heavy_hex_27,r21,qft,20,1,22,221,74,2.9864864864864864
cairo_heavy_hex_27,r21,qft,20,1,33,334,74,4.513513513513513
cairo_heavy_hex_27,r21,qft,20,1,44,229,74,3.0945945945945947
cairo_heavy_hex_27,r21,qft,20,1,55,301,74,4.0675675675675675
cairo_heavy_hex_27,r21,qft,20,3,11,229,74,3.0945945945945947
cairo_heavy_hex_27,r21,qft,20,3,22,176,74,2.3783783783783785
cairo_heavy_hex_27,r21,qft,20,3,33,217,74,2.9324324324324325
cairo_heavy_hex_27,r21,qft,20,3,44,172,74,2.324324324324324
cairo_heavy_hex_27,r21,qft,20,3,55,163,74,2.2027027027027026
cairo_heavy_hex_27,r21,qft,24,0,11,679,90,7.544444444444444
cairo_heavy_hex_27,r21,qft,24,0,22,668,90,7.4222222222222225
cairo_heavy_hex_27,r21,qft,24,0,33,632,90,7.022222222222222
cairo_heavy_hex_27,r21,qft,24,0,44,650,90,7.222222222222222
cairo_heavy_hex_27,r21,qft,24,0,55,570,90,6.333333333333333
cairo_heavy_hex_27,r21,qft,24,1,11,401,90,4.455555555555556
cairo_heavy_hex_27,r21,qft,24,1,22,355,90,3.9444444444444446
cairo_heavy_hex_27,r21,qft,24,1,33,356,90,3.9555555555555557
cairo_heavy_hex_27,r21,qft,24,1,44,396,90,4.4
cairo_heavy_hex_27,r21,qft,24,1,55,340,90,3.7777777777777777
cairo_heavy_hex_27,r21,qft,24,3,11,312,90,3.466666666666667
cairo_heavy_hex_27,r21,qft,24,3,22,286,90,3.1777777777777776
cairo_heavy_hex_27,r21,qft,24,3,33,313,90,3.477777777777778
cairo_heavy_hex_27,r21,qft,24,3,44,337,90,3.7444444444444445
cairo_heavy_hex_27,r21,qft,24,3,55,267,90,2.966666666666667
cairo_heavy_hex_27,r21,ghz_chain,4,0,11,24,3,8.0
cairo_heavy_hex_27,r21,ghz_chain,4,0,22,21,3,7.0
cairo_heavy_hex_27,r21,ghz_chain,4,0,33,21,3,7.0
cairo_heavy_hex_27,r21,ghz_chain,4,0,44,21,3,7.0
cairo_heavy_hex_27,r21,ghz_chain,4,0,55,21,3,7.0
cairo_heavy_hex_27,r21,ghz_chain,4,1,11,3,3,1.0
cairo_heavy_hex_27,r21,ghz_chain,4,1,22,3,3,1.0
cairo_heavy_hex_27,r21,ghz_chain,4,1,33,3,3,1.0
cairo_heavy_hex_27,r21,ghz_chain,4,1,44,3,3,1.0
cairo_heavy_hex_27,r21,ghz_chain,4,1,55,3,3,1.0
cairo_heavy_hex_27,r21,ghz_chain,4,3,11,3,3,1.0
cairo_heavy_hex_27,r21,ghz_chain,4,3,22,3,3,1.0
cairo_heavy_hex_27,r21,ghz_chain,4,3,33,3,3,1.0
cairo_heavy_hex_27,r21,ghz_chain,4,3,44,3,3,1.0
cairo_heavy_hex_27,r21,ghz_chain,4,3,55,3,3,1.0
cairo_heavy_hex_27,r21,ghz_chain,8,0,11,58,7,8.285714285714286
cairo_heavy_hex_27,r21,ghz_chain,8,0,22,43,7,6.142857142857143
cairo_heavy_hex_27,r21,ghz_chain,8,0,33,49,7,7.0
cairo_heavy_hex_27,r21,ghz_chain,8,0,44,51,7,7.285714285714286
cairo_heavy_hex_27,r21,ghz_chain,8,0,55,46,7,6.571428571428571
cairo_heavy_hex_27,r21,ghz_chain,8,1,11,7,7,1.0
cairo_heavy_hex_27,r21,ghz_chain,8,1,22,7,7,1.0
cairo_heavy_hex_27,r21,ghz_chain,8,1,33,7,7,1.0
cairo_heavy_hex_27,r21,ghz_chain,8,1,44,7,7,1.0
cairo_heavy_hex_27,r21,ghz_chain,8,1,55,7,7,1.0
cairo_heavy_hex_27,r21,ghz_chain,8,3,11,7,7,1.0
cairo_heavy_hex_27,r21,ghz_chain,8,3,22,7,7,1.0
cairo_heavy_hex_27,r21,ghz_chain,8,3,33,7,7,1.0
cairo_heavy_hex_27,r21,ghz_chain,8,3,44,7,7,1.0
cairo_heavy_hex_27,r21,ghz_chain,8,3,55,7,7,1.0
cairo_heavy_hex_27,r21,ghz_chain,12,0,11,54,11,4.909090909090909
cairo_heavy_hex_27,r21,ghz_chain,12,0,22,65,11,5.909090909090909
cairo_heavy_hex_27,r21,ghz_chain,12,0,33,63,11,5.7272727272727275
cairo_heavy_hex_27,r21,ghz_chain,12,0,44,76,11,6.909090909090909
cairo_heavy_hex_27,r21,ghz_chain,12,0,55,74,11,6.7272727272727275
cairo_heavy_hex_27,r21,ghz_chain,12,1,11,11,11,1.0
cairo_heavy_hex_27,r21,ghz_chain,12,1,22,11,11,1.0
cairo_heavy_hex_27,r21,ghz_chain,12,1,33,11,11,1.0
cairo_heavy_hex_27,r21,ghz_chain,12,1,44,11,11,1.0
cairo_heavy_hex_27,r21,ghz_chain,12,1,55,11,11,1.0
cairo_heavy_hex_27,r21,ghz_chain,12,3,11,11,11,1.0
cairo_heavy_hex_27,r21,ghz_chain,12,3,22,11,11,1.0
cairo_heavy_hex_27,r21,ghz_chain,12,3,33,11,11,1.0
cairo_heavy_hex_27,r21,ghz_chain,12,3,44,11,11,1.0
cairo_heavy_hex_27,r21,ghz_chain,12,3,55,11,11,1.0
cairo_heavy_hex_27,r21,ghz_chain,16,0,11,82,15,5.466666666666667
cairo_heavy_hex_27,r21,ghz_chain,16,0,22,99,15,6.6
cairo_heavy_hex_27,r21,ghz_chain,16,0,33,88,15,5.866666666666666
cairo_heavy_hex_27,r21,ghz_chain,16,0,44,93,15,6.2
cairo_heavy_hex_27,r21,ghz_chain,16,0,55,111,15,7.4
cairo_heavy_hex_27,r21,ghz_chain,16,1,11,15,15,1.0
cairo_heavy_hex_27,r21,ghz_chain,16,1,22,15,15,1.0
cairo_heavy_hex_27,r21,ghz_chain,16,1,33,15,15,1.0
cairo_heavy_hex_27,r21,ghz_chain,16,1,44,15,15,1.0
cairo_heavy_hex_27,r21,ghz_chain,16,1,55,15,15,1.0
cairo_heavy_hex_27,r21,ghz_chain,16,3,11,15,15,1.0
cairo_heavy_hex_27,r21,ghz_chain,16,3,22,15,15,1.0
cairo_heavy_hex_27,r21,ghz_chain,16,3,33,15,15,1.0
cairo_heavy_hex_27,r21,ghz_chain,16,3,44,15,15,1.0
cairo_heavy_hex_27,r21,ghz_chain,16,3,55,15,15,1.0
cairo_heavy_hex_27,r21,ghz_chain,20,0,11,143,19,7.526315789473684
cairo_heavy_hex_27,r21,ghz_chain,20,0,22,124,19,6.526315789473684
cairo_heavy_hex_27,r21,ghz_chain,20,0,33,122,19,6.421052631578948
cairo_heavy_hex_27,r21,ghz_chain,20,0,44,109,19,5.7368421052631575
cairo_heavy_hex_27,r21,ghz_chain,20,0,55,153,19,8.052631578947368
cairo_heavy_hex_27,r21,ghz_chain,20,1,11,19,19,1.0
cairo_heavy_hex_27,r21,ghz_chain,20,1,22,19,19,1.0
cairo_heavy_hex_27,r21,ghz_chain,20,1,33,19,19,1.0
cairo_heavy_hex_27,r21,ghz_chain,20,1,44,19,19,1.0
cairo_heavy_hex_27,r21,ghz_chain,20,1,55,19,19,1.0
cairo_heavy_hex_27,r21,ghz_chain,20,3,11,19,19,1.0
cairo_heavy_hex_27,r21,ghz_chain,20,3,22,19,19,1.0
cairo_heavy_hex_27,r21,ghz_chain,20,3,33,19,19,1.0
cairo_heavy_hex_27,r21,ghz_chain,20,3,44,19,19,1.0
cairo_heavy_hex_27,r21,ghz_chain,20,3,55,19,19,1.0
cairo_heavy_hex_27,r21,ghz_chain,24,0,11,159,23,6.913043478260869
cairo_heavy_hex_27,r21,ghz_chain,24,0,22,161,23,7.0
cairo_heavy_hex_27,r21,ghz_chain,24,0,33,156,23,6.782608695652174
cairo_heavy_hex_27,r21,ghz_chain,24,0,44,137,23,5.956521739130435
cairo_heavy_hex_27,r21,ghz_chain,24,0,55,202,23,8.782608695652174
cairo_heavy_hex_27,r21,ghz_chain,24,1,11,53,23,2.3043478260869565
cairo_heavy_hex_27,r21,ghz_chain,24,1,22,85,23,3.6956521739130435
cairo_heavy_hex_27,r21,ghz_chain,24,1,33,83,23,3.608695652173913
cairo_heavy_hex_27,r21,ghz_chain,24,1,44,80,23,3.4782608695652173
cairo_heavy_hex_27,r21,ghz_chain,24,1,55,45,23,1.9565217391304348
cairo_heavy_hex_27,r21,ghz_chain,24,3,11,54,23,2.347826086956522
cairo_heavy_hex_27,r21,ghz_chain,24,3,22,65,23,2.8260869565217392
cairo_heavy_hex_27,r21,ghz_chain,24,3,33,62,23,2.6956521739130435
cairo_heavy_hex_27,r21,ghz_chain,24,3,44,57,23,2.4782608695652173
cairo_heavy_hex_27,r21,ghz_chain,24,3,55,40,23,1.7391304347826086
cairo_heavy_hex_27,r21,ghz_star,4,0,11,21,3,7.0
cairo_heavy_hex_27,r21,ghz_star,4,0,22,21,3,7.0
cairo_heavy_hex_27,r21,ghz_star,4,0,33,15,3,5.0
cairo_heavy_hex_27,r21,ghz_star,4,0,44,18,3,6.0
cairo_heavy_hex_27,r21,ghz_star,4,0,55,21,3,7.0
cairo_heavy_hex_27,r21,ghz_star,4,1,11,3,3,1.0
cairo_heavy_hex_27,r21,ghz_star,4,1,22,3,3,1.0
cairo_heavy_hex_27,r21,ghz_star,4,1,33,3,3,1.0
cairo_heavy_hex_27,r21,ghz_star,4,1,44,3,3,1.0
cairo_heavy_hex_27,r21,ghz_star,4,1,55,3,3,1.0
cairo_heavy_hex_27,r21,ghz_star,4,3,11,3,3,1.0
cairo_heavy_hex_27,r21,ghz_star,4,3,22,3,3,1.0
cairo_heavy_hex_27,r21,ghz_star,4,3,33,3,3,1.0
cairo_heavy_hex_27,r21,ghz_star,4,3,44,3,3,1.0
cairo_heavy_hex_27,r21,ghz_star,4,3,55,3,3,1.0
cairo_heavy_hex_27,r21,ghz_star,8,0,11,46,7,6.571428571428571
cairo_heavy_hex_27,r21,ghz_star,8,0,22,33,7,4.714285714285714
cairo_heavy_hex_27,r21,ghz_star,8,0,33,45,7,6.428571428571429
cairo_heavy_hex_27,r21,ghz_star,8,0,44,34,7,4.857142857142857
cairo_heavy_hex_27,r21,ghz_star,8,0,55,46,7,6.571428571428571
cairo_heavy_hex_27,r21,ghz_star,8,1,11,15,7,2.142857142857143
cairo_heavy_hex_27,r21,ghz_star,8,1,22,18,7,2.5714285714285716
cairo_heavy_hex_27,r21,ghz_star,8,1,33,15,7,2.142857142857143
cairo_heavy_hex_27,r21,ghz_star,8,1,44,15,7,2.142857142857143
cairo_heavy_hex_27,r21,ghz_star,8,1,55,15,7,2.142857142857143
cairo_heavy_hex_27,r21,ghz_star,8,3,11,14,7,2.0
cairo_heavy_hex_27,r21,ghz_star,8,3,22,18,7,2.5714285714285716
cairo_heavy_hex_27,r21,ghz_star,8,3,33,16,7,2.2857142857142856
cairo_heavy_hex_27,r21,ghz_star,8,3,44,15,7,2.142857142857143
cairo_heavy_hex_27,r21,ghz_star,8,3,55,14,7,2.0
cairo_heavy_hex_27,r21,ghz_star,12,0,11,77,11,7.0
cairo_heavy_hex_27,r21,ghz_star,12,0,22,61,11,5.545454545454546
cairo_heavy_hex_27,r21,ghz_star,12,0,33,70,11,6.363636363636363
cairo_heavy_hex_27,r21,ghz_star,12,0,44,59,11,5.363636363636363
cairo_heavy_hex_27,r21,ghz_star,12,0,55,62,11,5.636363636363637
cairo_heavy_hex_27,r21,ghz_star,12,1,11,32,11,2.909090909090909
cairo_heavy_hex_27,r21,ghz_star,12,1,22,32,11,2.909090909090909
cairo_heavy_hex_27,r21,ghz_star,12,1,33,32,11,2.909090909090909
cairo_heavy_hex_27,r21,ghz_star,12,1,44,35,11,3.1818181818181817
cairo_heavy_hex_27,r21,ghz_star,12,1,55,32,11,2.909090909090909
cairo_heavy_hex_27,r21,ghz_star,12,3,11,28,11,2.5454545454545454
cairo_heavy_hex_27,r21,ghz_star,12,3,22,28,11,2.5454545454545454
cairo_heavy_hex_27,r21,ghz_star,12,3,33,27,11,2.4545454545454546
cairo_heavy_hex_27,r21,ghz_star,12,3,44,31,11,2.8181818181818183
cairo_heavy_hex_27,r21,ghz_star,12,3,55,25,11,2.272727272727273
cairo_heavy_hex_27,r21,ghz_star,16,0,11,87,15,5.8
cairo_heavy_hex_27,r21,ghz_star,16,0,22,80,15,5.333333333333333
cairo_heavy_hex_27,r21,ghz_star,16,0,33,92,15,6.133333333333334
cairo_heavy_hex_27,r21,ghz_star,16,0,44,90,15,6.0
cairo_heavy_hex_27,r21,ghz_star,16,0,55,96,15,6.4
cairo_heavy_hex_27,r21,ghz_star,16,1,11,50,15,3.3333333333333335
cairo_heavy_hex_27,r21,ghz_star,16,1,22,53,15,3.533333333333333
cairo_heavy_hex_27,r21,ghz_star,16,1,33,45,15,3.0
cairo_heavy_hex_27,r21,ghz_star,16,1,44,50,15,3.3333333333333335
cairo_heavy_hex_27,r21,ghz_star,16,1,55,51,15,3.4
cairo_heavy_hex_27,r21,ghz_star,16,3,11,45,15,3.0
cairo_heavy_hex_27,r21,ghz_star,16,3,22,50,15,3.3333333333333335
cairo_heavy_hex_27,r21,ghz_star,16,3,33,42,15,2.8
cairo_heavy_hex_27,r21,ghz_star,16,3,44,53,15,3.533333333333333
cairo_heavy_hex_27,r21,ghz_star,16,3,55,42,15,2.8
cairo_heavy_hex_27,r21,ghz_star,20,0,11,111,19,5.842105263157895
cairo_heavy_hex_27,r21,ghz_star,20,0,22,119,19,6.2631578947368425
cairo_heavy_hex_27,r21,ghz_star,20,0,33,119,19,6.2631578947368425
cairo_heavy_hex_27,r21,ghz_star,20,0,44,115,19,6.052631578947368
cairo_heavy_hex_27,r21,ghz_star,20,0,55,115,19,6.052631578947368
cairo_heavy_hex_27,r21,ghz_star,20,1,11,63,19,3.3157894736842106
cairo_heavy_hex_27,r21,ghz_star,20,1,22,63,19,3.3157894736842106
cairo_heavy_hex_27,r21,ghz_star,20,1,33,63,19,3.3157894736842106
cairo_heavy_hex_27,r21,ghz_star,20,1,44,63,19,3.3157894736842106
cairo_heavy_hex_27,r21,ghz_star,20,1,55,65,19,3.4210526315789473
cairo_heavy_hex_27,r21,ghz_star,20,3,11,53,19,2.789473684210526
cairo_heavy_hex_27,r21,ghz_star,20,3,22,53,19,2.789473684210526
cairo_heavy_hex_27,r21,ghz_star,20,3,33,53,19,2.789473684210526
cairo_heavy_hex_27,r21,ghz_star,20,3,44,53,19,2.789473684210526
cairo_heavy_hex_27,r21,ghz_star,20,3,55,58,19,3.0526315789473686
cairo_heavy_hex_27,r21,ghz_star,24,0,11,158,23,6.869565217391305
cairo_heavy_hex_27,r21,ghz_star,24,0,22,136,23,5.913043478260869
cairo_heavy_hex_27,r21,ghz_star,24,0,33,156,23,6.782608695652174
cairo_heavy_hex_27,r21,ghz_star,24,0,44,151,23,6.565217391304348
cairo_heavy_hex_27,r21,ghz_star,24,0,55,149,23,6.478260869565218
cairo_heavy_hex_27,r21,ghz_star,24,1,11,99,23,4.304347826086956
cairo_heavy_hex_27,r21,ghz_star,24,1,22,101,23,4.391304347826087
cairo_heavy_hex_27,r21,ghz_star,24,1,33,99,23,4.304347826086956
cairo_heavy_hex_27,r21,ghz_star,24,1,44,101,23,4.391304347826087
cairo_heavy_hex_27,r21,ghz_star,24,1,55,81,23,3.5217391304347827
cairo_heavy_hex_27,r21,ghz_star,24,3,11,85,23,3.6956521739130435
cairo_heavy_hex_27,r21,ghz_star,24,3,22,71,23,3.0869565217391304
cairo_heavy_hex_27,r21,ghz_star,24,3,33,80,23,3.4782608695652173
cairo_heavy_hex_27,r21,ghz_star,24,3,44,83,23,3.608695652173913
cairo_heavy_hex_27,r21,ghz_star,24,3,55,66,23,2.869565217391304
cairo_heavy_hex_27,r21,efficient_su2,4,0,11,34,8,4.25
cairo_heavy_hex_27,r21,efficient_su2,4,0,22,37,8,4.625
cairo_heavy_hex_27,r21,efficient_su2,4,0,33,37,8,4.625
cairo_heavy_hex_27,r21,efficient_su2,4,0,44,44,8,5.5
cairo_heavy_hex_27,r21,efficient_su2,4,0,55,36,8,4.5
cairo_heavy_hex_27,r21,efficient_su2,4,1,11,17,8,2.125
cairo_heavy_hex_27,r21,efficient_su2,4,1,22,17,8,2.125
cairo_heavy_hex_27,r21,efficient_su2,4,1,33,17,8,2.125
cairo_heavy_hex_27,r21,efficient_su2,4,1,44,17,8,2.125
cairo_heavy_hex_27,r21,efficient_su2,4,1,55,17,8,2.125
cairo_heavy_hex_27,r21,efficient_su2,4,3,11,17,8,2.125
cairo_heavy_hex_27,r21,efficient_su2,4,3,22,17,8,2.125
cairo_heavy_hex_27,r21,efficient_su2,4,3,33,17,8,2.125
cairo_heavy_hex_27,r21,efficient_su2,4,3,44,17,8,2.125
cairo_heavy_hex_27,r21,efficient_su2,4,3,55,17,8,2.125
cairo_heavy_hex_27,r21,efficient_su2,8,0,11,95,16,5.9375
cairo_heavy_hex_27,r21,efficient_su2,8,0,22,86,16,5.375
cairo_heavy_hex_27,r21,efficient_su2,8,0,33,91,16,5.6875
cairo_heavy_hex_27,r21,efficient_su2,8,0,44,87,16,5.4375
cairo_heavy_hex_27,r21,efficient_su2,8,0,55,76,16,4.75
cairo_heavy_hex_27,r21,efficient_su2,8,1,11,40,16,2.5
cairo_heavy_hex_27,r21,efficient_su2,8,1,22,37,16,2.3125
cairo_heavy_hex_27,r21,efficient_su2,8,1,33,40,16,2.5
cairo_heavy_hex_27,r21,efficient_su2,8,1,44,37,16,2.3125
cairo_heavy_hex_27,r21,efficient_su2,8,1,55,40,16,2.5
cairo_heavy_hex_27,r21,efficient_su2,8,3,11,40,16,2.5
cairo_heavy_hex_27,r21,efficient_su2,8,3,22,40,16,2.5
cairo_heavy_hex_27,r21,efficient_su2,8,3,33,40,16,2.5
cairo_heavy_hex_27,r21,efficient_su2,8,3,44,40,16,2.5
cairo_heavy_hex_27,r21,efficient_su2,8,3,55,40,16,2.5
cairo_heavy_hex_27,r21,efficient_su2,12,0,11,134,24,5.583333333333333
cairo_heavy_hex_27,r21,efficient_su2,12,0,22,137,24,5.708333333333333
cairo_heavy_hex_27,r21,efficient_su2,12,0,33,127,24,5.291666666666667
cairo_heavy_hex_27,r21,efficient_su2,12,0,44,119,24,4.958333333333333
cairo_heavy_hex_27,r21,efficient_su2,12,0,55,142,24,5.916666666666667
cairo_heavy_hex_27,r21,efficient_su2,12,1,11,24,24,1.0
cairo_heavy_hex_27,r21,efficient_su2,12,1,22,24,24,1.0
cairo_heavy_hex_27,r21,efficient_su2,12,1,33,24,24,1.0
cairo_heavy_hex_27,r21,efficient_su2,12,1,44,24,24,1.0
cairo_heavy_hex_27,r21,efficient_su2,12,1,55,24,24,1.0
cairo_heavy_hex_27,r21,efficient_su2,12,3,11,24,24,1.0
cairo_heavy_hex_27,r21,efficient_su2,12,3,22,24,24,1.0
cairo_heavy_hex_27,r21,efficient_su2,12,3,33,24,24,1.0
cairo_heavy_hex_27,r21,efficient_su2,12,3,44,24,24,1.0
cairo_heavy_hex_27,r21,efficient_su2,12,3,55,24,24,1.0
cairo_heavy_hex_27,r21,efficient_su2,16,0,11,159,32,4.96875
cairo_heavy_hex_27,r21,efficient_su2,16,0,22,200,32,6.25
cairo_heavy_hex_27,r21,efficient_su2,16,0,33,176,32,5.5
cairo_heavy_hex_27,r21,efficient_su2,16,0,44,179,32,5.59375
cairo_heavy_hex_27,r21,efficient_su2,16,0,55,186,32,5.8125
cairo_heavy_hex_27,r21,efficient_su2,16,1,11,80,32,2.5
cairo_heavy_hex_27,r21,efficient_su2,16,1,22,80,32,2.5
cairo_heavy_hex_27,r21,efficient_su2,16,1,33,80,32,2.5
cairo_heavy_hex_27,r21,efficient_su2,16,1,44,80,32,2.5
cairo_heavy_hex_27,r21,efficient_su2,16,1,55,68,32,2.125
cairo_heavy_hex_27,r21,efficient_su2,16,3,11,56,32,1.75
cairo_heavy_hex_27,r21,efficient_su2,16,3,22,74,32,2.3125
cairo_heavy_hex_27,r21,efficient_su2,16,3,33,73,32,2.28125
cairo_heavy_hex_27,r21,efficient_su2,16,3,44,66,32,2.0625
cairo_heavy_hex_27,r21,efficient_su2,16,3,55,60,32,1.875
cairo_heavy_hex_27,r21,efficient_su2,20,0,11,245,40,6.125
cairo_heavy_hex_27,r21,efficient_su2,20,0,22,250,40,6.25
cairo_heavy_hex_27,r21,efficient_su2,20,0,33,262,40,6.55
cairo_heavy_hex_27,r21,efficient_su2,20,0,44,246,40,6.15
cairo_heavy_hex_27,r21,efficient_su2,20,0,55,283,40,7.075
cairo_heavy_hex_27,r21,efficient_su2,20,1,11,40,40,1.0
cairo_heavy_hex_27,r21,efficient_su2,20,1,22,40,40,1.0
cairo_heavy_hex_27,r21,efficient_su2,20,1,33,40,40,1.0
cairo_heavy_hex_27,r21,efficient_su2,20,1,44,40,40,1.0
cairo_heavy_hex_27,r21,efficient_su2,20,1,55,40,40,1.0
cairo_heavy_hex_27,r21,efficient_su2,20,3,11,40,40,1.0
cairo_heavy_hex_27,r21,efficient_su2,20,3,22,40,40,1.0
cairo_heavy_hex_27,r21,efficient_su2,20,3,33,40,40,1.0
cairo_heavy_hex_27,r21,efficient_su2,20,3,44,40,40,1.0
cairo_heavy_hex_27,r21,efficient_su2,20,3,55,40,40,1.0
cairo_heavy_hex_27,r21,efficient_su2,24,0,11,275,48,5.729166666666667
cairo_heavy_hex_27,r21,efficient_su2,24,0,22,337,48,7.020833333333333
cairo_heavy_hex_27,r21,efficient_su2,24,0,33,281,48,5.854166666666667
cairo_heavy_hex_27,r21,efficient_su2,24,0,44,285,48,5.9375
cairo_heavy_hex_27,r21,efficient_su2,24,0,55,292,48,6.083333333333333
cairo_heavy_hex_27,r21,efficient_su2,24,1,11,123,48,2.5625
cairo_heavy_hex_27,r21,efficient_su2,24,1,22,153,48,3.1875
cairo_heavy_hex_27,r21,efficient_su2,24,1,33,153,48,3.1875
cairo_heavy_hex_27,r21,efficient_su2,24,1,44,153,48,3.1875
cairo_heavy_hex_27,r21,efficient_su2,24,1,55,153,48,3.1875
cairo_heavy_hex_27,r21,efficient_su2,24,3,11,84,48,1.75
cairo_heavy_hex_27,r21,efficient_su2,24,3,22,127,48,2.6458333333333335
cairo_heavy_hex_27,r21,efficient_su2,24,3,33,125,48,2.6041666666666665
cairo_heavy_hex_27,r21,efficient_su2,24,3,44,141,48,2.9375
cairo_heavy_hex_27,r21,efficient_su2,24,3,55,63,48,1.3125
cairo_heavy_hex_27,r22,qft,4,0,11,29,10,2.9
cairo_heavy_hex_27,r22,qft,4,0,22,36,10,3.6
cairo_heavy_hex_27,r22,qft,4,0,33,43,10,4.3
cairo_heavy_hex_27,r22,qft,4,0,44,33,10,3.3
cairo_heavy_hex_27,r22,qft,4,0,55,33,10,3.3
cairo_heavy_hex_27,r22,qft,4,1,11,18,10,1.8
cairo_heavy_hex_27,r22,qft,4,1,22,18,10,1.8
cairo_heavy_hex_27,r22,qft,4,1,33,18,10,1.8
cairo_heavy_hex_27,r22,qft,4,1,44,18,10,1.8
cairo_heavy_hex_27,r22,qft,4,1,55,18,10,1.8
cairo_heavy_hex_27,r22,qft,4,3,11,18,10,1.8
cairo_heavy_hex_27,r22,qft,4,3,22,18,10,1.8
cairo_heavy_hex_27,r22,qft,4,3,33,16,10,1.6
cairo_heavy_hex_27,r22,qft,4,3,44,18,10,1.8
cairo_heavy_hex_27,r22,qft,4,3,55,18,10,1.8
cairo_heavy_hex_27,r22,qft,8,0,11,91,26,3.5
cairo_heavy_hex_27,r22,qft,8,0,22,97,26,3.730769230769231
cairo_heavy_hex_27,r22,qft,8,0,33,109,26,4.1923076923076925
cairo_heavy_hex_27,r22,qft,8,0,44,101,26,3.8846153846153846
cairo_heavy_hex_27,r22,qft,8,0,55,109,26,4.1923076923076925
cairo_heavy_hex_27,r22,qft,8,1,11,82,26,3.1538461538461537
cairo_heavy_hex_27,r22,qft,8,1,22,72,26,2.769230769230769
cairo_heavy_hex_27,r22,qft,8,1,33,66,26,2.5384615384615383
cairo_heavy_hex_27,r22,qft,8,1,44,71,26,2.730769230769231
cairo_heavy_hex_27,r22,qft,8,1,55,63,26,2.423076923076923
cairo_heavy_hex_27,r22,qft,8,3,11,55,26,2.1153846153846154
cairo_heavy_hex_27,r22,qft,8,3,22,52,26,2.0
cairo_heavy_hex_27,r22,qft,8,3,33,61,26,2.3461538461538463
cairo_heavy_hex_27,r22,qft,8,3,44,52,26,2.0
cairo_heavy_hex_27,r22,qft,8,3,55,57,26,2.1923076923076925
cairo_heavy_hex_27,r22,qft,12,0,11,261,42,6.214285714285714
cairo_heavy_hex_27,r22,qft,12,0,22,218,42,5.190476190476191
cairo_heavy_hex_27,r22,qft,12,0,33,239,42,5.690476190476191
cairo_heavy_hex_27,r22,qft,12,0,44,204,42,4.857142857142857
cairo_heavy_hex_27,r22,qft,12,0,55,285,42,6.785714285714286
cairo_heavy_hex_27,r22,qft,12,1,11,115,42,2.738095238095238
cairo_heavy_hex_27,r22,qft,12,1,22,162,42,3.857142857142857
cairo_heavy_hex_27,r22,qft,12,1,33,135,42,3.2142857142857144
cairo_heavy_hex_27,r22,qft,12,1,44,162,42,3.857142857142857
cairo_heavy_hex_27,r22,qft,12,1,55,134,42,3.1904761904761907
cairo_heavy_hex_27,r22,qft,12,3,11,124,42,2.9523809523809526
cairo_heavy_hex_27,r22,qft,12,3,22,85,42,2.0238095238095237
cairo_heavy_hex_27,r22,qft,12,3,33,105,42,2.5
cairo_heavy_hex_27,r22,qft,12,3,44,114,42,2.7142857142857144
cairo_heavy_hex_27,r22,qft,12,3,55,106,42,2.5238095238095237
cairo_heavy_hex_27,r22,qft,16,0,11,366,58,6.310344827586207
cairo_heavy_hex_27,r22,qft,16,0,22,358,58,6.172413793103448
cairo_heavy_hex_27,r22,qft,16,0,33,318,58,5.482758620689655
cairo_heavy_hex_27,r22,qft,16,0,44,426,58,7.344827586206897
cairo_heavy_hex_27,r22,qft,16,0,55,370,58,6.379310344827586
cairo_heavy_hex_27,r22,qft,16,1,11,197,58,3.396551724137931
cairo_heavy_hex_27,r22,qft,16,1,22,164,58,2.8275862068965516
cairo_heavy_hex_27,r22,qft,16,1,33,212,58,3.6551724137931036
cairo_heavy_hex_27,r22,qft,16,1,44,233,58,4.017241379310345
cairo_heavy_hex_27,r22,qft,16,1,55,224,58,3.8620689655172415
cairo_heavy_hex_27,r22,qft,16,3,11,150,58,2.586206896551724
cairo_heavy_hex_27,r22,qft,16,3,22,119,58,2.0517241379310347
cairo_heavy_hex_27,r22,qft,16,3,33,168,58,2.896551724137931
cairo_heavy_hex_27,r22,qft,16,3,44,192,58,3.310344827586207
cairo_heavy_hex_27,r22,qft,16,3,55,170,58,2.9310344827586206
cairo_heavy_hex_27,r22,qft,20,0,11,463,74,6.256756756756757
cairo_heavy_hex_27,r22,qft,20,0,22,446,74,6.027027027027027
cairo_heavy_hex_27,r22,qft,20,0,33,497,74,6.716216216216216
cairo_heavy_hex_27,r22,qft,20,0,44,496,74,6.702702702702703
cairo_heavy_hex_27,r22,qft,20,0,55,487,74,6.581081081081081
cairo_heavy_hex_27,r22,qft,20,1,11,259,74,3.5
cairo_heavy_hex_27,r22,qft,20,1,22,250,74,3.3783783783783785
cairo_heavy_hex_27,r22,qft,20,1,33,211,74,2.8513513513513513
cairo_heavy_hex_27,r22,qft,20,1,44,227,74,3.0675675675675675
cairo_heavy_hex_27,r22,qft,20,1,55,265,74,3.581081081081081
cairo_heavy_hex_27,r22,qft,20,3,11,235,74,3.175675675675676
cairo_heavy_hex_27,r22,qft,20,3,22,166,74,2.2432432432432434
cairo_heavy_hex_27,r22,qft,20,3,33,203,74,2.7432432432432434
cairo_heavy_hex_27,r22,qft,20,3,44,228,74,3.081081081081081
cairo_heavy_hex_27,r22,qft,20,3,55,175,74,2.364864864864865
cairo_heavy_hex_27,r22,qft,24,0,11,727,90,8.077777777777778
cairo_heavy_hex_27,r22,qft,24,0,22,640,90,7.111111111111111
cairo_heavy_hex_27,r22,qft,24,0,33,765,90,8.5
cairo_heavy_hex_27,r22,qft,24,0,44,670,90,7.444444444444445
cairo_heavy_hex_27,r22,qft,24,0,55,570,90,6.333333333333333
cairo_heavy_hex_27,r22,qft,24,1,11,333,90,3.7
cairo_heavy_hex_27,r22,qft,24,1,22,329,90,3.6555555555555554
cairo_heavy_hex_27,r22,qft,24,1,33,311,90,3.4555555555555557
cairo_heavy_hex_27,r22,qft,24,1,44,392,90,4.355555555555555
cairo_heavy_hex_27,r22,qft,24,1,55,421,90,4.677777777777778
cairo_heavy_hex_27,r22,qft,24,3,11,191,90,2.1222222222222222
cairo_heavy_hex_27,r22,qft,24,3,22,289,90,3.2111111111111112
cairo_heavy_hex_27,r22,qft,24,3,33,287,90,3.188888888888889
cairo_heavy_hex_27,r22,qft,24,3,44,280,90,3.111111111111111
cairo_heavy_hex_27,r22,qft,24,3,55,316,90,3.511111111111111
cairo_heavy_hex_27,r22,ghz_chain,4,0,11,27,3,9.0
cairo_heavy_hex_27,r22,ghz_chain,4,0,22,30,3,10.0
cairo_heavy_hex_27,r22,ghz_chain,4,0,33,27,3,9.0
cairo_heavy_hex_27,r22,ghz_chain,4,0,44,24,3,8.0
cairo_heavy_hex_27,r22,ghz_chain,4,0,55,24,3,8.0
cairo_heavy_hex_27,r22,ghz_chain,4,1,11,3,3,1.0
cairo_heavy_hex_27,r22,ghz_chain,4,1,22,3,3,1.0
cairo_heavy_hex_27,r22,ghz_chain,4,1,33,3,3,1.0
cairo_heavy_hex_27,r22,ghz_chain,4,1,44,3,3,1.0
cairo_heavy_hex_27,r22,ghz_chain,4,1,55,3,3,1.0
cairo_heavy_hex_27,r22,ghz_chain,4,3,11,3,3,1.0
cairo_heavy_hex_27,r22,ghz_chain,4,3,22,3,3,1.0
cairo_heavy_hex_27,r22,ghz_chain,4,3,33,3,3,1.0
cairo_heavy_hex_27,r22,ghz_chain,4,3,44,3,3,1.0
cairo_heavy_hex_27,r22,ghz_chain,4,3,55,3,3,1.0
cairo_heavy_hex_27,r22,ghz_chain,8,0,11,49,7,7.0
cairo_heavy_hex_27,r22,ghz_chain,8,0,22,36,7,5.142857142857143
cairo_heavy_hex_27,r22,ghz_chain,8,0,33,56,7,8.0
cairo_heavy_hex_27,r22,ghz_chain,8,0,44,43,7,6.142857142857143
cairo_heavy_hex_27,r22,ghz_chain,8,0,55,43,7,6.142857142857143
cairo_heavy_hex_27,r22,ghz_chain,8,1,11,7,7,1.0
cairo_heavy_hex_27,r22,ghz_chain,8,1,22,7,7,1.0
cairo_heavy_hex_27,r22,ghz_chain,8,1,33,7,7,1.0
cairo_heavy_hex_27,r22,ghz_chain,8,1,44,7,7,1.0
cairo_heavy_hex_27,r22,ghz_chain,8,1,55,7,7,1.0
cairo_heavy_hex_27,r22,ghz_chain,8,3,11,7,7,1.0
cairo_heavy_hex_27,r22,ghz_chain,8,3,22,7,7,1.0
cairo_heavy_hex_27,r22,ghz_chain,8,3,33,7,7,1.0
cairo_heavy_hex_27,r22,ghz_chain,8,3,44,7,7,1.0
cairo_heavy_hex_27,r22,ghz_chain,8,3,55,7,7,1.0
cairo_heavy_hex_27,r22,ghz_chain,12,0,11,83,11,7.545454545454546
cairo_heavy_hex_27,r22,ghz_chain,12,0,22,92,11,8.363636363636363
cairo_heavy_hex_27,r22,ghz_chain,12,0,33,84,11,7.636363636363637
cairo_heavy_hex_27,r22,ghz_chain,12,0,44,71,11,6.454545454545454
cairo_heavy_hex_27,r22,ghz_chain,12,0,55,86,11,7.818181818181818
cairo_heavy_hex_27,r22,ghz_chain,12,1,11,11,11,1.0
cairo_heavy_hex_27,r22,ghz_chain,12,1,22,11,11,1.0
cairo_heavy_hex_27,r22,ghz_chain,12,1,33,11,11,1.0
cairo_heavy_hex_27,r22,ghz_chain,12,1,44,11,11,1.0
cairo_heavy_hex_27,r22,ghz_chain,12,1,55,11,11,1.0
cairo_heavy_hex_27,r22,ghz_chain,12,3,11,11,11,1.0
cairo_heavy_hex_27,r22,ghz_chain,12,3,22,11,11,1.0
cairo_heavy_hex_27,r22,ghz_chain,12,3,33,11,11,1.0
cairo_heavy_hex_27,r22,ghz_chain,12,3,44,11,11,1.0
cairo_heavy_hex_27,r22,ghz_chain,12,3,55,11,11,1.0
cairo_heavy_hex_27,r22,ghz_chain,16,0,11,105,15,7.0
cairo_heavy_hex_27,r22,ghz_chain,16,0,22,114,15,7.6
cairo_heavy_hex_27,r22,ghz_chain,16,0,33,103,15,6.866666666666666
cairo_heavy_hex_27,r22,ghz_chain,16,0,44,102,15,6.8
cairo_heavy_hex_27,r22,ghz_chain,16,0,55,111,15,7.4
cairo_heavy_hex_27,r22,ghz_chain,16,1,11,15,15,1.0
cairo_heavy_hex_27,r22,ghz_chain,16,1,22,15,15,1.0
cairo_heavy_hex_27,r22,ghz_chain,16,1,33,15,15,1.0
cairo_heavy_hex_27,r22,ghz_chain,16,1,44,15,15,1.0
cairo_heavy_hex_27,r22,ghz_chain,16,1,55,15,15,1.0
cairo_heavy_hex_27,r22,ghz_chain,16,3,11,15,15,1.0
cairo_heavy_hex_27,r22,ghz_chain,16,3,22,15,15,1.0
cairo_heavy_hex_27,r22,ghz_chain,16,3,33,15,15,1.0
cairo_heavy_hex_27,r22,ghz_chain,16,3,44,15,15,1.0
cairo_heavy_hex_27,r22,ghz_chain,16,3,55,15,15,1.0
cairo_heavy_hex_27,r22,ghz_chain,20,0,11,133,19,7.0
cairo_heavy_hex_27,r22,ghz_chain,20,0,22,139,19,7.315789473684211
cairo_heavy_hex_27,r22,ghz_chain,20,0,33,137,19,7.2105263157894735
cairo_heavy_hex_27,r22,ghz_chain,20,0,44,127,19,6.684210526315789
cairo_heavy_hex_27,r22,ghz_chain,20,0,55,148,19,7.7894736842105265
cairo_heavy_hex_27,r22,ghz_chain,20,1,11,19,19,1.0
cairo_heavy_hex_27,r22,ghz_chain,20,1,22,19,19,1.0
cairo_heavy_hex_27,r22,ghz_chain,20,1,33,19,19,1.0
cairo_heavy_hex_27,r22,ghz_chain,20,1,44,19,19,1.0
cairo_heavy_hex_27,r22,ghz_chain,20,1,55,19,19,1.0
cairo_heavy_hex_27,r22,ghz_chain,20,3,11,19,19,1.0
cairo_heavy_hex_27,r22,ghz_chain,20,3,22,19,19,1.0
cairo_heavy_hex_27,r22,ghz_chain,20,3,33,19,19,1.0
cairo_heavy_hex_27,r22,ghz_chain,20,3,44,19,19,1.0
cairo_heavy_hex_27,r22,ghz_chain,20,3,55,19,19,1.0
cairo_heavy_hex_27,r22,ghz_chain,24,0,11,149,23,6.478260869565218
cairo_heavy_hex_27,r22,ghz_chain,24,0,22,150,23,6.521739130434782
cairo_heavy_hex_27,r22,ghz_chain,24,0,33,180,23,7.826086956521739
cairo_heavy_hex_27,r22,ghz_chain,24,0,44,158,23,6.869565217391305
cairo_heavy_hex_27,r22,ghz_chain,24,0,55,191,23,8.304347826086957
cairo_heavy_hex_27,r22,ghz_chain,24,1,11,58,23,2.5217391304347827
cairo_heavy_hex_27,r22,ghz_chain,24,1,22,61,23,2.652173913043478
cairo_heavy_hex_27,r22,ghz_chain,24,1,33,61,23,2.652173913043478
cairo_heavy_hex_27,r22,ghz_chain,24,1,44,61,23,2.652173913043478
cairo_heavy_hex_27,r22,ghz_chain,24,1,55,61,23,2.652173913043478
cairo_heavy_hex_27,r22,ghz_chain,24,3,11,61,23,2.652173913043478
cairo_heavy_hex_27,r22,ghz_chain,24,3,22,50,23,2.1739130434782608
cairo_heavy_hex_27,r22,ghz_chain,24,3,33,52,23,2.260869565217391
cairo_heavy_hex_27,r22,ghz_chain,24,3,44,65,23,2.8260869565217392
cairo_heavy_hex_27,r22,ghz_chain,24,3,55,52,23,2.260869565217391
cairo_heavy_hex_27,r22,ghz_star,4,0,11,33,3,11.0
cairo_heavy_hex_27,r22,ghz_star,4,0,22,24,3,8.0
cairo_heavy_hex_27,r22,ghz_star,4,0,33,27,3,9.0
cairo_heavy_hex_27,r22,ghz_star,4,0,44,24,3,8.0
cairo_heavy_hex_27,r22,ghz_star,4,0,55,39,3,13.0
cairo_heavy_hex_27,r22,ghz_star,4,1,11,3,3,1.0
cairo_heavy_hex_27,r22,ghz_star,4,1,22,3,3,1.0
cairo_heavy_hex_27,r22,ghz_star,4,1,33,3,3,1.0
cairo_heavy_hex_27,r22,ghz_star,4,1,44,3,3,1.0
cairo_heavy_hex_27,r22,ghz_star,4,1,55,3,3,1.0
cairo_heavy_hex_27,r22,ghz_star,4,3,11,3,3,1.0
cairo_heavy_hex_27,r22,ghz_star,4,3,22,3,3,1.0
cairo_heavy_hex_27,r22,ghz_star,4,3,33,3,3,1.0
cairo_heavy_hex_27,r22,ghz_star,4,3,44,3,3,1.0
cairo_heavy_hex_27,r22,ghz_star,4,3,55,3,3,1.0
cairo_heavy_hex_27,r22,ghz_star,8,0,11,55,7,7.857142857142857
cairo_heavy_hex_27,r22,ghz_star,8,0,22,46,7,6.571428571428571
cairo_heavy_hex_27,r22,ghz_star,8,0,33,46,7,6.571428571428571
cairo_heavy_hex_27,r22,ghz_star,8,0,44,43,7,6.142857142857143
cairo_heavy_hex_27,r22,ghz_star,8,0,55,52,7,7.428571428571429
cairo_heavy_hex_27,r22,ghz_star,8,1,11,18,7,2.5714285714285716
cairo_heavy_hex_27,r22,ghz_star,8,1,22,19,7,2.7142857142857144
cairo_heavy_hex_27,r22,ghz_star,8,1,33,18,7,2.5714285714285716
cairo_heavy_hex_27,r22,ghz_star,8,1,44,15,7,2.142857142857143
cairo_heavy_hex_27,r22,ghz_star,8,1,55,18,7,2.5714285714285716
cairo_heavy_hex_27,r22,ghz_star,8,3,11,17,7,2.4285714285714284
cairo_heavy_hex_27,r22,ghz_star,8,3,22,15,7,2.142857142857143
cairo_heavy_hex_27,r22,ghz_star,8,3,33,17,7,2.4285714285714284
cairo_heavy_hex_27,r22,ghz_star,8,3,44,17,7,2.4285714285714284
cairo_heavy_hex_27,r22,ghz_star,8,3,55,15,7,2.142857142857143
cairo_heavy_hex_27,r22,ghz_star,12,0,11,80,11,7.2727272727272725
cairo_heavy_hex_27,r22,ghz_star,12,0,22,74,11,6.7272727272727275
cairo_heavy_hex_27,r22,ghz_star,12,0,33,74,11,6.7272727272727275
cairo_heavy_hex_27,r22,ghz_star,12,0,44,73,11,6.636363636363637
cairo_heavy_hex_27,r22,ghz_star,12,0,55,67,11,6.090909090909091
cairo_heavy_hex_27,r22,ghz_star,12,1,11,41,11,3.727272727272727
cairo_heavy_hex_27,r22,ghz_star,12,1,22,32,11,2.909090909090909
cairo_heavy_hex_27,r22,ghz_star,12,1,33,24,11,2.1818181818181817
cairo_heavy_hex_27,r22,ghz_star,12,1,44,32,11,2.909090909090909
cairo_heavy_hex_27,r22,ghz_star,12,1,55,37,11,3.3636363636363638
cairo_heavy_hex_27,r22,ghz_star,12,3,11,25,11,2.272727272727273
cairo_heavy_hex_27,r22,ghz_star,12,3,22,28,11,2.5454545454545454
cairo_heavy_hex_27,r22,ghz_star,12,3,33,28,11,2.5454545454545454
cairo_heavy_hex_27,r22,ghz_star,12,3,44,31,11,2.8181818181818183
cairo_heavy_hex_27,r22,ghz_star,12,3,55,31,11,2.8181818181818183
cairo_heavy_hex_27,r22,ghz_star,16,0,11,99,15,6.6
cairo_heavy_hex_27,r22,ghz_star,16,0,22,96,15,6.4
cairo_heavy_hex_27,r22,ghz_star,16,0,33,98,15,6.533333333333333
cairo_heavy_hex_27,r22,ghz_star,16,0,44,107,15,7.133333333333334
cairo_heavy_hex_27,r22,ghz_star,16,0,55,105,15,7.0
cairo_heavy_hex_27,r22,ghz_star,16,1,11,59,15,3.933333333333333
cairo_heavy_hex_27,r22,ghz_star,16,1,22,59,15,3.933333333333333
cairo_heavy_hex_27,r22,ghz_star,16,1,33,42,15,2.8
cairo_heavy_hex_27,r22,ghz_star,16,1,44,59,15,3.933333333333333
cairo_heavy_hex_27,r22,ghz_star,16,1,55,56,15,3.7333333333333334
cairo_heavy_hex_27,r22,ghz_star,16,3,11,47,15,3.1333333333333333
cairo_heavy_hex_27,r22,ghz_star,16,3,22,47,15,3.1333333333333333
cairo_heavy_hex_27,r22,ghz_star,16,3,33,40,15,2.6666666666666665
cairo_heavy_hex_27,r22,ghz_star,16,3,44,48,15,3.2
cairo_heavy_hex_27,r22,ghz_star,16,3,55,48,15,3.2
cairo_heavy_hex_27,r22,ghz_star,20,0,11,130,19,6.842105263157895
cairo_heavy_hex_27,r22,ghz_star,20,0,22,120,19,6.315789473684211
cairo_heavy_hex_27,r22,ghz_star,20,0,33,135,19,7.105263157894737
cairo_heavy_hex_27,r22,ghz_star,20,0,44,137,19,7.2105263157894735
cairo_heavy_hex_27,r22,ghz_star,20,0,55,127,19,6.684210526315789
cairo_heavy_hex_27,r22,ghz_star,20,1,11,79,19,4.157894736842105
cairo_heavy_hex_27,r22,ghz_star,20,1,22,76,19,4.0
cairo_heavy_hex_27,r22,ghz_star,20,1,33,72,19,3.789473684210526
cairo_heavy_hex_27,r22,ghz_star,20,1,44,78,19,4.105263157894737
cairo_heavy_hex_27,r22,ghz_star,20,1,55,74,19,3.8947368421052633
cairo_heavy_hex_27,r22,ghz_star,20,3,11,54,19,2.8421052631578947
cairo_heavy_hex_27,r22,ghz_star,20,3,22,49,19,2.5789473684210527
cairo_heavy_hex_27,r22,ghz_star,20,3,33,59,19,3.1052631578947367
cairo_heavy_hex_27,r22,ghz_star,20,3,44,69,19,3.6315789473684212
cairo_heavy_hex_27,r22,ghz_star,20,3,55,60,19,3.1578947368421053
cairo_heavy_hex_27,r22,ghz_star,24,0,11,161,23,7.0
cairo_heavy_hex_27,r22,ghz_star,24,0,22,150,23,6.521739130434782
cairo_heavy_hex_27,r22,ghz_star,24,0,33,151,23,6.565217391304348
cairo_heavy_hex_27,r22,ghz_star,24,0,44,156,23,6.782608695652174
cairo_heavy_hex_27,r22,ghz_star,24,0,55,148,23,6.434782608695652
cairo_heavy_hex_27,r22,ghz_star,24,1,11,92,23,4.0
cairo_heavy_hex_27,r22,ghz_star,24,1,22,86,23,3.739130434782609
cairo_heavy_hex_27,r22,ghz_star,24,1,33,101,23,4.391304347826087
cairo_heavy_hex_27,r22,ghz_star,24,1,44,102,23,4.434782608695652
cairo_heavy_hex_27,r22,ghz_star,24,1,55,93,23,4.043478260869565
cairo_heavy_hex_27,r22,ghz_star,24,3,11,82,23,3.5652173913043477
cairo_heavy_hex_27,r22,ghz_star,24,3,22,70,23,3.0434782608695654
cairo_heavy_hex_27,r22,ghz_star,24,3,33,71,23,3.0869565217391304
cairo_heavy_hex_27,r22,ghz_star,24,3,44,90,23,3.9130434782608696
cairo_heavy_hex_27,r22,ghz_star,24,3,55,89,23,3.869565217391304
cairo_heavy_hex_27,r22,efficient_su2,4,0,11,50,8,6.25
cairo_heavy_hex_27,r22,efficient_su2,4,0,22,41,8,5.125
cairo_heavy_hex_27,r22,efficient_su2,4,0,33,43,8,5.375
cairo_heavy_hex_27,r22,efficient_su2,4,0,44,40,8,5.0
cairo_heavy_hex_27,r22,efficient_su2,4,0,55,46,8,5.75
cairo_heavy_hex_27,r22,efficient_su2,4,1,11,17,8,2.125
cairo_heavy_hex_27,r22,efficient_su2,4,1,22,17,8,2.125
cairo_heavy_hex_27,r22,efficient_su2,4,1,33,17,8,2.125
cairo_heavy_hex_27,r22,efficient_su2,4,1,44,17,8,2.125
cairo_heavy_hex_27,r22,efficient_su2,4,1,55,17,8,2.125
cairo_heavy_hex_27,r22,efficient_su2,4,3,11,17,8,2.125
cairo_heavy_hex_27,r22,efficient_su2,4,3,22,17,8,2.125
cairo_heavy_hex_27,r22,efficient_su2,4,3,33,17,8,2.125
cairo_heavy_hex_27,r22,efficient_su2,4,3,44,17,8,2.125
cairo_heavy_hex_27,r22,efficient_su2,4,3,55,17,8,2.125
cairo_heavy_hex_27,r22,efficient_su2,8,0,11,88,16,5.5
cairo_heavy_hex_27,r22,efficient_su2,8,0,22,78,16,4.875
cairo_heavy_hex_27,r22,efficient_su2,8,0,33,70,16,4.375
cairo_heavy_hex_27,r22,efficient_su2,8,0,44,74,16,4.625
cairo_heavy_hex_27,r22,efficient_su2,8,0,55,77,16,4.8125
cairo_heavy_hex_27,r22,efficient_su2,8,1,11,40,16,2.5
cairo_heavy_hex_27,r22,efficient_su2,8,1,22,40,16,2.5
cairo_heavy_hex_27,r22,efficient_su2,8,1,33,40,16,2.5
cairo_heavy_hex_27,r22,efficient_su2,8,1,44,40,16,2.5
cairo_heavy_hex_27,r22,efficient_su2,8,1,55,40,16,2.5
cairo_heavy_hex_27,r22,efficient_su2,8,3,11,40,16,2.5
cairo_heavy_hex_27,r22,efficient_su2,8,3,22,40,16,2.5
cairo_heavy_hex_27,r22,efficient_su2,8,3,33,40,16,2.5
cairo_heavy_hex_27,r22,efficient_su2,8,3,44,40,16,2.5
cairo_heavy_hex_27,r22,efficient_su2,8,3,55,40,16,2.5
cairo_heavy_hex_27,r22,efficient_su2,12,0,11,144,24,6.0
cairo_heavy_hex_27,r22,efficient_su2,12,0,22,153,24,6.375
cairo_heavy_hex_27,r22,efficient_su2,12,0,33,150,24,6.25
cairo_heavy_hex_27,r22,efficient_su2,12,0,44,150,24,6.25
cairo_heavy_hex_27,r22,efficient_su2,12,0,55,133,24,5.541666666666667
cairo_heavy_hex_27,r22,efficient_su2,12,1,11,24,24,1.0
cairo_heavy_hex_27,r22,efficient_su2,12,1,22,24,24,1.0
cairo_heavy_hex_27,r22,efficient_su2,12,1,33,24,24,1.0
cairo_heavy_hex_27,r22,efficient_su2,12,1,44,24,24,1.0
cairo_heavy_hex_27,r22,efficient_su2,12,1,55,24,24,1.0
cairo_heavy_hex_27,r22,efficient_su2,12,3,11,24,24,1.0
cairo_heavy_hex_27,r22,efficient_su2,12,3,22,24,24,1.0
cairo_heavy_hex_27,r22,efficient_su2,12,3,33,24,24,1.0
cairo_heavy_hex_27,r22,efficient_su2,12,3,44,24,24,1.0
cairo_heavy_hex_27,r22,efficient_su2,12,3,55,24,24,1.0
cairo_heavy_hex_27,r22,efficient_su2,16,0,11,197,32,6.15625
cairo_heavy_hex_27,r22,efficient_su2,16,0,22,199,32,6.21875
cairo_heavy_hex_27,r22,efficient_su2,16,0,33,202,32,6.3125
cairo_heavy_hex_27,r22,efficient_su2,16,0,44,165,32,5.15625
cairo_heavy_hex_27,r22,efficient_su2,16,0,55,178,32,5.5625
cairo_heavy_hex_27,r22,efficient_su2,16,1,11,90,32,2.8125
cairo_heavy_hex_27,r22,efficient_su2,16,1,22,92,32,2.875
cairo_heavy_hex_27,r22,efficient_su2,16,1,33,92,32,2.875
cairo_heavy_hex_27,r22,efficient_su2,16,1,44,92,32,2.875
cairo_heavy_hex_27,r22,efficient_su2,16,1,55,92,32,2.875
cairo_heavy_hex_27,r22,efficient_su2,16,3,11,66,32,2.0625
cairo_heavy_hex_27,r22,efficient_su2,16,3,22,86,32,2.6875
cairo_heavy_hex_27,r22,efficient_su2,16,3,33,65,32,2.03125
cairo_heavy_hex_27,r22,efficient_su2,16,3,44,78,32,2.4375
cairo_heavy_hex_27,r22,efficient_su2,16,3,55,66,32,2.0625
cairo_heavy_hex_27,r22,efficient_su2,20,0,11,263,40,6.575
cairo_heavy_hex_27,r22,efficient_su2,20,0,22,263,40,6.575
cairo_heavy_hex_27,r22,efficient_su2,20,0,33,253,40,6.325
cairo_heavy_hex_27,r22,efficient_su2,20,0,44,256,40,6.4
cairo_heavy_hex_27,r22,efficient_su2,20,0,55,236,40,5.9
cairo_heavy_hex_27,r22,efficient_su2,20,1,11,40,40,1.0
cairo_heavy_hex_27,r22,efficient_su2,20,1,22,40,40,1.0
cairo_heavy_hex_27,r22,efficient_su2,20,1,33,40,40,1.0
cairo_heavy_hex_27,r22,efficient_su2,20,1,44,40,40,1.0
cairo_heavy_hex_27,r22,efficient_su2,20,1,55,40,40,1.0
cairo_heavy_hex_27,r22,efficient_su2,20,3,11,40,40,1.0
cairo_heavy_hex_27,r22,efficient_su2,20,3,22,40,40,1.0
cairo_heavy_hex_27,r22,efficient_su2,20,3,33,40,40,1.0
cairo_heavy_hex_27,r22,efficient_su2,20,3,44,40,40,1.0
cairo_heavy_hex_27,r22,efficient_su2,20,3,55,40,40,1.0
cairo_heavy_hex_27,r22,efficient_su2,24,0,11,295,48,6.145833333333333
cairo_heavy_hex_27,r22,efficient_su2,24,0,22,292,48,6.083333333333333
cairo_heavy_hex_27,r22,efficient_su2,24,0,33,342,48,7.125
cairo_heavy_hex_27,r22,efficient_su2,24,0,44,298,48,6.208333333333333
cairo_heavy_hex_27,r22,efficient_su2,24,0,55,331,48,6.895833333333333
cairo_heavy_hex_27,r22,efficient_su2,24,1,11,123,48,2.5625
cairo_heavy_hex_27,r22,efficient_su2,24,1,22,84,48,1.75
cairo_heavy_hex_27,r22,efficient_su2,24,1,33,186,48,3.875
cairo_heavy_hex_27,r22,efficient_su2,24,1,44,168,48,3.5
cairo_heavy_hex_27,r22,efficient_su2,24,1,55,153,48,3.1875
cairo_heavy_hex_27,r22,efficient_su2,24,3,11,114,48,2.375
cairo_heavy_hex_27,r22,efficient_su2,24,3,22,74,48,1.5416666666666667
cairo_heavy_hex_27,r22,efficient_su2,24,3,33,97,48,2.0208333333333335
cairo_heavy_hex_27,r22,efficient_su2,24,3,44,110,48,2.2916666666666665
cairo_heavy_hex_27,r22,efficient_su2,24,3,55,146,48,3.0416666666666665
cairo_heavy_hex_27,r23,qft,4,0,11,49,10,4.9
cairo_heavy_hex_27,r23,qft,4,0,22,40,10,4.0
cairo_heavy_hex_27,r23,qft,4,0,33,37,10,3.7
cairo_heavy_hex_27,r23,qft,4,0,44,43,10,4.3
cairo_heavy_hex_27,r23,qft,4,0,55,55,10,5.5
cairo_heavy_hex_27,r23,qft,4,1,11,18,10,1.8
cairo_heavy_hex_27,r23,qft,4,1,22,18,10,1.8
cairo_heavy_hex_27,r23,qft,4,1,33,18,10,1.8
cairo_heavy_hex_27,r23,qft,4,1,44,18,10,1.8
cairo_heavy_hex_27,r23,qft,4,1,55,18,10,1.8
cairo_heavy_hex_27,r23,qft,4,3,11,18,10,1.8
cairo_heavy_hex_27,r23,qft,4,3,22,18,10,1.8
cairo_heavy_hex_27,r23,qft,4,3,33,18,10,1.8
cairo_heavy_hex_27,r23,qft,4,3,44,18,10,1.8
cairo_heavy_hex_27,r23,qft,4,3,55,18,10,1.8
cairo_heavy_hex_27,r23,qft,8,0,11,107,26,4.115384615384615
cairo_heavy_hex_27,r23,qft,8,0,22,122,26,4.6923076923076925
cairo_heavy_hex_27,r23,qft,8,0,33,137,26,5.269230769230769
cairo_heavy_hex_27,r23,qft,8,0,44,133,26,5.115384615384615
cairo_heavy_hex_27,r23,qft,8,0,55,131,26,5.038461538461538
cairo_heavy_hex_27,r23,qft,8,1,11,63,26,2.423076923076923
cairo_heavy_hex_27,r23,qft,8,1,22,71,26,2.730769230769231
cairo_heavy_hex_27,r23,qft,8,1,33,74,26,2.8461538461538463
cairo_heavy_hex_27,r23,qft,8,1,44,75,26,2.8846153846153846
cairo_heavy_hex_27,r23,qft,8,1,55,63,26,2.423076923076923
cairo_heavy_hex_27,r23,qft,8,3,11,66,26,2.5384615384615383
cairo_heavy_hex_27,r23,qft,8,3,22,52,26,2.0
cairo_heavy_hex_27,r23,qft,8,3,33,57,26,2.1923076923076925
cairo_heavy_hex_27,r23,qft,8,3,44,52,26,2.0
cairo_heavy_hex_27,r23,qft,8,3,55,52,26,2.0
cairo_heavy_hex_27,r23,qft,12,0,11,262,42,6.238095238095238
cairo_heavy_hex_27,r23,qft,12,0,22,275,42,6.5476190476190474
cairo_heavy_hex_27,r23,qft,12,0,33,227,42,5.404761904761905
cairo_heavy_hex_27,r23,qft,12,0,44,284,42,6.761904761904762
cairo_heavy_hex_27,r23,qft,12,0,55,220,42,5.238095238095238
cairo_heavy_hex_27,r23,qft,12,1,11,174,42,4.142857142857143
cairo_heavy_hex_27,r23,qft,12,1,22,145,42,3.4523809523809526
cairo_heavy_hex_27,r23,qft,12,1,33,144,42,3.4285714285714284
cairo_heavy_hex_27,r23,qft,12,1,44,130,42,3.0952380952380953
cairo_heavy_hex_27,r23,qft,12,1,55,133,42,3.1666666666666665
cairo_heavy_hex_27,r23,qft,12,3,11,139,42,3.3095238095238093
cairo_heavy_hex_27,r23,qft,12,3,22,143,42,3.4047619047619047
cairo_heavy_hex_27,r23,qft,12,3,33,110,42,2.619047619047619
cairo_heavy_hex_27,r23,qft,12,3,44,114,42,2.7142857142857144
cairo_heavy_hex_27,r23,qft,12,3,55,143,42,3.4047619047619047
cairo_heavy_hex_27,r23,qft,16,0,11,300,58,5.172413793103448
cairo_heavy_hex_27,r23,qft,16,0,22,332,58,5.724137931034483
cairo_heavy_hex_27,r23,qft,16,0,33,330,58,5.689655172413793
cairo_heavy_hex_27,r23,qft,16,0,44,346,58,5.9655172413793105
cairo_heavy_hex_27,r23,qft,16,0,55,374,58,6.448275862068965
cairo_heavy_hex_27,r23,qft,16,1,11,227,58,3.913793103448276
cairo_heavy_hex_27,r23,qft,16,1,22,221,58,3.810344827586207
cairo_heavy_hex_27,r23,qft,16,1,33,265,58,4.568965517241379
cairo_heavy_hex_27,r23,qft,16,1,44,163,58,2.810344827586207
cairo_heavy_hex_27,r23,qft,16,1,55,217,58,3.7413793103448274
cairo_heavy_hex_27,r23,qft,16,3,11,135,58,2.3275862068965516
cairo_heavy_hex_27,r23,qft,16,3,22,198,58,3.413793103448276
cairo_heavy_hex_27,r23,qft,16,3,33,139,58,2.396551724137931
cairo_heavy_hex_27,r23,qft,16,3,44,189,58,3.2586206896551726
cairo_heavy_hex_27,r23,qft,16,3,55,113,58,1.9482758620689655
cairo_heavy_hex_27,r23,qft,20,0,11,485,74,6.554054054054054
cairo_heavy_hex_27,r23,qft,20,0,22,530,74,7.162162162162162
cairo_heavy_hex_27,r23,qft,20,0,33,478,74,6.45945945945946
cairo_heavy_hex_27,r23,qft,20,0,44,490,74,6.621621621621622
cairo_heavy_hex_27,r23,qft,20,0,55,554,74,7.486486486486487
cairo_heavy_hex_27,r23,qft,20,1,11,254,74,3.4324324324324325
cairo_heavy_hex_27,r23,qft,20,1,22,276,74,3.72972972972973
cairo_heavy_hex_27,r23,qft,20,1,33,227,74,3.0675675675675675
cairo_heavy_hex_27,r23,qft,20,1,44,231,74,3.1216216216216215
cairo_heavy_hex_27,r23,qft,20,1,55,231,74,3.1216216216216215
cairo_heavy_hex_27,r23,qft,20,3,11,184,74,2.4864864864864864
cairo_heavy_hex_27,r23,qft,20,3,22,222,74,3.0
cairo_heavy_hex_27,r23,qft,20,3,33,237,74,3.2027027027027026
cairo_heavy_hex_27,r23,qft,20,3,44,201,74,2.7162162162162162
cairo_heavy_hex_27,r23,qft,20,3,55,196,74,2.6486486486486487
cairo_heavy_hex_27,r23,qft,24,0,11,723,90,8.033333333333333
cairo_heavy_hex_27,r23,qft,24,0,22,577,90,6.411111111111111
cairo_heavy_hex_27,r23,qft,24,0,33,617,90,6.855555555555555
cairo_heavy_hex_27,r23,qft,24,0,44,587,90,6.522222222222222
cairo_heavy_hex_27,r23,qft,24,0,55,695,90,7.722222222222222
cairo_heavy_hex_27,r23,qft,24,1,11,451,90,5.011111111111111
cairo_heavy_hex_27,r23,qft,24,1,22,462,90,5.133333333333334
cairo_heavy_hex_27,r23,qft,24,1,33,359,90,3.988888888888889
cairo_heavy_hex_27,r23,qft,24,1,44,355,90,3.9444444444444446
cairo_heavy_hex_27,r23,qft,24,1,55,366,90,4.066666666666666
cairo_heavy_hex_27,r23,qft,24,3,11,303,90,3.3666666666666667
cairo_heavy_hex_27,r23,qft,24,3,22,235,90,2.611111111111111
cairo_heavy_hex_27,r23,qft,24,3,33,293,90,3.2555555555555555
cairo_heavy_hex_27,r23,qft,24,3,44,262,90,2.911111111111111
cairo_heavy_hex_27,r23,qft,24,3,55,209,90,2.3222222222222224
cairo_heavy_hex_27,r23,ghz_chain,4,0,11,19,3,6.333333333333333
cairo_heavy_hex_27,r23,ghz_chain,4,0,22,29,3,9.666666666666666
cairo_heavy_hex_27,r23,ghz_chain,4,0,33,32,3,10.666666666666666
cairo_heavy_hex_27,r23,ghz_chain,4,0,44,24,3,8.0
cairo_heavy_hex_27,r23,ghz_chain,4,0,55,23,3,7.666666666666667
cairo_heavy_hex_27,r23,ghz_chain,4,1,11,3,3,1.0
cairo_heavy_hex_27,r23,ghz_chain,4,1,22,3,3,1.0
cairo_heavy_hex_27,r23,ghz_chain,4,1,33,3,3,1.0
cairo_heavy_hex_27,r23,ghz_chain,4,1,44,3,3,1.0
cairo_heavy_hex_27,r23,ghz_chain,4,1,55,3,3,1.0
cairo_heavy_hex_27,r23,ghz_chain,4,3,11,3,3,1.0
cairo_heavy_hex_27,r23,ghz_chain,4,3,22,3,3,1.0
cairo_heavy_hex_27,r23,ghz_chain,4,3,33,3,3,1.0
cairo_heavy_hex_27,r23,ghz_chain,4,3,44,3,3,1.0
cairo_heavy_hex_27,r23,ghz_chain,4,3,55,3,3,1.0
cairo_heavy_hex_27,r23,ghz_chain,8,0,11,44,7,6.285714285714286
cairo_heavy_hex_27,r23,ghz_chain,8,0,22,51,7,7.285714285714286
cairo_heavy_hex_27,r23,ghz_chain,8,0,33,45,7,6.428571428571429
cairo_heavy_hex_27,r23,ghz_chain,8,0,44,38,7,5.428571428571429
cairo_heavy_hex_27,r23,ghz_chain,8,0,55,39,7,5.571428571428571
cairo_heavy_hex_27,r23,ghz_chain,8,1,11,7,7,1.0
cairo_heavy_hex_27,r23,ghz_chain,8,1,22,7,7,1.0
cairo_heavy_hex_27,r23,ghz_chain,8,1,33,7,7,1.0
cairo_heavy_hex_27,r23,ghz_chain,8,1,44,7,7,1.0
cairo_heavy_hex_27,r23,ghz_chain,8,1,55,7,7,1.0
cairo_heavy_hex_27,r23,ghz_chain,8,3,11,7,7,1.0
cairo_heavy_hex_27,r23,ghz_chain,8,3,22,7,7,1.0
cairo_heavy_hex_27,r23,ghz_chain,8,3,33,7,7,1.0
cairo_heavy_hex_27,r23,ghz_chain,8,3,44,7,7,1.0
cairo_heavy_hex_27,r23,ghz_chain,8,3,55,7,7,1.0
cairo_heavy_hex_27,r23,ghz_chain,12,0,11,63,11,5.7272727272727275
cairo_heavy_hex_27,r23,ghz_chain,12,0,22,80,11,7.2727272727272725
cairo_heavy_hex_27,r23,ghz_chain,12,0,33,82,11,7.454545454545454
cairo_heavy_hex_27,r23,ghz_chain,12,0,44,72,11,6.545454545454546
cairo_heavy_hex_27,r23,ghz_chain,12,0,55,92,11,8.363636363636363
cairo_heavy_hex_27,r23,ghz_chain,12,1,11,11,11,1.0
cairo_heavy_hex_27,r23,ghz_chain,12,1,22,11,11,1.0
cairo_heavy_hex_27,r23,ghz_chain,12,1,33,11,11,1.0
cairo_heavy_hex_27,r23,ghz_chain,12,1,44,11,11,1.0
cairo_heavy_hex_27,r23,ghz_chain,12,1,55,11,11,1.0
cairo_heavy_hex_27,r23,ghz_chain,12,3,11,11,11,1.0
cairo_heavy_hex_27,r23,ghz_chain,12,3,22,11,11,1.0
cairo_heavy_hex_27,r23,ghz_chain,12,3,33,11,11,1.0
cairo_heavy_hex_27,r23,ghz_chain,12,3,44,11,11,1.0
cairo_heavy_hex_27,r23,ghz_chain,12,3,55,11,11,1.0
cairo_heavy_hex_27,r23,ghz_chain,16,0,11,82,15,5.466666666666667
cairo_heavy_hex_27,r23,ghz_chain,16,0,22,102,15,6.8
cairo_heavy_hex_27,r23,ghz_chain,16,0,33,104,15,6.933333333333334
cairo_heavy_hex_27,r23,ghz_chain,16,0,44,97,15,6.466666666666667
cairo_heavy_hex_27,r23,ghz_chain,16,0,55,83,15,5.533333333333333
cairo_heavy_hex_27,r23,ghz_chain,16,1,11,15,15,1.0
cairo_heavy_hex_27,r23,ghz_chain,16,1,22,15,15,1.0
cairo_heavy_hex_27,r23,ghz_chain,16,1,33,15,15,1.0
cairo_heavy_hex_27,r23,ghz_chain,16,1,44,15,15,1.0
cairo_heavy_hex_27,r23,ghz_chain,16,1,55,15,15,1.0
cairo_heavy_hex_27,r23,ghz_chain,16,3,11,15,15,1.0
cairo_heavy_hex_27,r23,ghz_chain,16,3,22,15,15,1.0
cairo_heavy_hex_27,r23,ghz_chain,16,3,33,15,15,1.0
cairo_heavy_hex_27,r23,ghz_chain,16,3,44,15,15,1.0
cairo_heavy_hex_27,r23,ghz_chain,16,3,55,15,15,1.0
cairo_heavy_hex_27,r23,ghz_chain,20,0,11,99,19,5.2105263157894735
cairo_heavy_hex_27,r23,ghz_chain,20,0,22,136,19,7.157894736842105
cairo_heavy_hex_27,r23,ghz_chain,20,0,33,139,19,7.315789473684211
cairo_heavy_hex_27,r23,ghz_chain,20,0,44,119,19,6.2631578947368425
cairo_heavy_hex_27,r23,ghz_chain,20,0,55,151,19,7.947368421052632
cairo_heavy_hex_27,r23,ghz_chain,20,1,11,19,19,1.0
cairo_heavy_hex_27,r23,ghz_chain,20,1,22,19,19,1.0
cairo_heavy_hex_27,r23,ghz_chain,20,1,33,19,19,1.0
cairo_heavy_hex_27,r23,ghz_chain,20,1,44,19,19,1.0
cairo_heavy_hex_27,r23,ghz_chain,20,1,55,19,19,1.0
cairo_heavy_hex_27,r23,ghz_chain,20,3,11,19,19,1.0
cairo_heavy_hex_27,r23,ghz_chain,20,3,22,19,19,1.0
cairo_heavy_hex_27,r23,ghz_chain,20,3,33,19,19,1.0
cairo_heavy_hex_27,r23,ghz_chain,20,3,44,19,19,1.0
cairo_heavy_hex_27,r23,ghz_chain,20,3,55,19,19,1.0
cairo_heavy_hex_27,r23,ghz_chain,24,0,11,133,23,5.782608695652174
cairo_heavy_hex_27,r23,ghz_chain,24,0,22,173,23,7.521739130434782
cairo_heavy_hex_27,r23,ghz_chain,24,0,33,164,23,7.130434782608695
cairo_heavy_hex_27,r23,ghz_chain,24,0,44,152,23,6.608695652173913
cairo_heavy_hex_27,r23,ghz_chain,24,0,55,154,23,6.695652173913044
cairo_heavy_hex_27,r23,ghz_chain,24,1,11,48,23,2.0869565217391304
cairo_heavy_hex_27,r23,ghz_chain,24,1,22,44,23,1.9130434782608696
cairo_heavy_hex_27,r23,ghz_chain,24,1,33,46,23,2.0
cairo_heavy_hex_27,r23,ghz_chain,24,1,44,46,23,2.0
cairo_heavy_hex_27,r23,ghz_chain,24,1,55,58,23,2.5217391304347827
cairo_heavy_hex_27,r23,ghz_chain,24,3,11,46,23,2.0
cairo_heavy_hex_27,r23,ghz_chain,24,3,22,44,23,1.9130434782608696
cairo_heavy_hex_27,r23,ghz_chain,24,3,33,48,23,2.0869565217391304
cairo_heavy_hex_27,r23,ghz_chain,24,3,44,46,23,2.0
cairo_heavy_hex_27,r23,ghz_chain,24,3,55,46,23,2.0
cairo_heavy_hex_27,r23,ghz_star,4,0,11,17,3,5.666666666666667
cairo_heavy_hex_27,r23,ghz_star,4,0,22,26,3,8.666666666666666
cairo_heavy_hex_27,r23,ghz_star,4,0,33,23,3,7.666666666666667
cairo_heavy_hex_27,r23,ghz_star,4,0,44,24,3,8.0
cairo_heavy_hex_27,r23,ghz_star,4,0,55,26,3,8.666666666666666
cairo_heavy_hex_27,r23,ghz_star,4,1,11,3,3,1.0
cairo_heavy_hex_27,r23,ghz_star,4,1,22,3,3,1.0
cairo_heavy_hex_27,r23,ghz_star,4,1,33,3,3,1.0
cairo_heavy_hex_27,r23,ghz_star,4,1,44,3,3,1.0
cairo_heavy_hex_27,r23,ghz_star,4,1,55,3,3,1.0
cairo_heavy_hex_27,r23,ghz_star,4,3,11,3,3,1.0
cairo_heavy_hex_27,r23,ghz_star,4,3,22,3,3,1.0
cairo_heavy_hex_27,r23,ghz_star,4,3,33,3,3,1.0
cairo_heavy_hex_27,r23,ghz_star,4,3,44,3,3,1.0
cairo_heavy_hex_27,r23,ghz_star,4,3,55,3,3,1.0
cairo_heavy_hex_27,r23,ghz_star,8,0,11,45,7,6.428571428571429
cairo_heavy_hex_27,r23,ghz_star,8,0,22,53,7,7.571428571428571
cairo_heavy_hex_27,r23,ghz_star,8,0,33,48,7,6.857142857142857
cairo_heavy_hex_27,r23,ghz_star,8,0,44,46,7,6.571428571428571
cairo_heavy_hex_27,r23,ghz_star,8,0,55,45,7,6.428571428571429
cairo_heavy_hex_27,r23,ghz_star,8,1,11,16,7,2.2857142857142856
cairo_heavy_hex_27,r23,ghz_star,8,1,22,18,7,2.5714285714285716
cairo_heavy_hex_27,r23,ghz_star,8,1,33,21,7,3.0
cairo_heavy_hex_27,r23,ghz_star,8,1,44,19,7,2.7142857142857144
cairo_heavy_hex_27,r23,ghz_star,8,1,55,16,7,2.2857142857142856
cairo_heavy_hex_27,r23,ghz_star,8,3,11,13,7,1.8571428571428572
cairo_heavy_hex_27,r23,ghz_star,8,3,22,15,7,2.142857142857143
cairo_heavy_hex_27,r23,ghz_star,8,3,33,19,7,2.7142857142857144
cairo_heavy_hex_27,r23,ghz_star,8,3,44,12,7,1.7142857142857142
cairo_heavy_hex_27,r23,ghz_star,8,3,55,14,7,2.0
cairo_heavy_hex_27,r23,ghz_star,12,0,11,59,11,5.363636363636363
cairo_heavy_hex_27,r23,ghz_star,12,0,22,83,11,7.545454545454546
cairo_heavy_hex_27,r23,ghz_star,12,0,33,82,11,7.454545454545454
cairo_heavy_hex_27,r23,ghz_star,12,0,44,76,11,6.909090909090909
cairo_heavy_hex_27,r23,ghz_star,12,0,55,66,11,6.0
cairo_heavy_hex_27,r23,ghz_star,12,1,11,35,11,3.1818181818181817
cairo_heavy_hex_27,r23,ghz_star,12,1,22,32,11,2.909090909090909
cairo_heavy_hex_27,r23,ghz_star,12,1,33,32,11,2.909090909090909
cairo_heavy_hex_27,r23,ghz_star,12,1,44,29,11,2.6363636363636362
cairo_heavy_hex_27,r23,ghz_star,12,1,55,32,11,2.909090909090909
cairo_heavy_hex_27,r23,ghz_star,12,3,11,26,11,2.3636363636363638
cairo_heavy_hex_27,r23,ghz_star,12,3,22,27,11,2.4545454545454546
cairo_heavy_hex_27,r23,ghz_star,12,3,33,25,11,2.272727272727273
cairo_heavy_hex_27,r23,ghz_star,12,3,44,29,11,2.6363636363636362
cairo_heavy_hex_27,r23,ghz_star,12,3,55,26,11,2.3636363636363638
cairo_heavy_hex_27,r23,ghz_star,16,0,11,81,15,5.4
cairo_heavy_hex_27,r23,ghz_star,16,0,22,116,15,7.733333333333333
cairo_heavy_hex_27,r23,ghz_star,16,0,33,113,15,7.533333333333333
cairo_heavy_hex_27,r23,ghz_star,16,0,44,88,15,5.866666666666666
cairo_heavy_hex_27,r23,ghz_star,16,0,55,85,15,5.666666666666667
cairo_heavy_hex_27,r23,ghz_star,16,1,11,46,15,3.066666666666667
cairo_heavy_hex_27,r23,ghz_star,16,1,22,57,15,3.8
cairo_heavy_hex_27,r23,ghz_star,16,1,33,53,15,3.533333333333333
cairo_heavy_hex_27,r23,ghz_star,16,1,44,53,15,3.533333333333333
cairo_heavy_hex_27,r23,ghz_star,16,1,55,54,15,3.6
cairo_heavy_hex_27,r23,ghz_star,16,3,11,41,15,2.7333333333333334
cairo_heavy_hex_27,r23,ghz_star,16,3,22,47,15,3.1333333333333333
cairo_heavy_hex_27,r23,ghz_star,16,3,33,44,15,2.933333333333333
cairo_heavy_hex_27,r23,ghz_star,16,3,44,35,15,2.3333333333333335
cairo_heavy_hex_27,r23,ghz_star,16,3,55,42,15,2.8
cairo_heavy_hex_27,r23,ghz_star,20,0,11,117,19,6.157894736842105
cairo_heavy_hex_27,r23,ghz_star,20,0,22,156,19,8.210526315789474
cairo_heavy_hex_27,r23,ghz_star,20,0,33,145,19,7.631578947368421
cairo_heavy_hex_27,r23,ghz_star,20,0,44,133,19,7.0
cairo_heavy_hex_27,r23,ghz_star,20,0,55,130,19,6.842105263157895
cairo_heavy_hex_27,r23,ghz_star,20,1,11,65,19,3.4210526315789473
cairo_heavy_hex_27,r23,ghz_star,20,1,22,65,19,3.4210526315789473
cairo_heavy_hex_27,r23,ghz_star,20,1,33,68,19,3.5789473684210527
cairo_heavy_hex_27,r23,ghz_star,20,1,44,65,19,3.4210526315789473
cairo_heavy_hex_27,r23,ghz_star,20,1,55,74,19,3.8947368421052633
cairo_heavy_hex_27,r23,ghz_star,20,3,11,62,19,3.263157894736842
cairo_heavy_hex_27,r23,ghz_star,20,3,22,58,19,3.0526315789473686
cairo_heavy_hex_27,r23,ghz_star,20,3,33,58,19,3.0526315789473686
cairo_heavy_hex_27,r23,ghz_star,20,3,44,52,19,2.736842105263158
cairo_heavy_hex_27,r23,ghz_star,20,3,55,61,19,3.210526315789474
cairo_heavy_hex_27,r23,ghz_star,24,0,11,142,23,6.173913043478261
cairo_heavy_hex_27,r23,ghz_star,24,0,22,187,23,8.130434782608695
cairo_heavy_hex_27,r23,ghz_star,24,0,33,173,23,7.521739130434782
cairo_heavy_hex_27,r23,ghz_star,24,0,44,170,23,7.391304347826087
cairo_heavy_hex_27,r23,ghz_star,24,0,55,155,23,6.739130434782608
cairo_heavy_hex_27,r23,ghz_star,24,1,11,79,23,3.4347826086956523
cairo_heavy_hex_27,r23,ghz_star,24,1,22,94,23,4.086956521739131
cairo_heavy_hex_27,r23,ghz_star,24,1,33,87,23,3.782608695652174
cairo_heavy_hex_27,r23,ghz_star,24,1,44,87,23,3.782608695652174
cairo_heavy_hex_27,r23,ghz_star,24,1,55,98,23,4.260869565217392
cairo_heavy_hex_27,r23,ghz_star,24,3,11,78,23,3.391304347826087
cairo_heavy_hex_27,r23,ghz_star,24,3,22,72,23,3.130434782608696
cairo_heavy_hex_27,r23,ghz_star,24,3,33,62,23,2.6956521739130435
cairo_heavy_hex_27,r23,ghz_star,24,3,44,72,23,3.130434782608696
cairo_heavy_hex_27,r23,ghz_star,24,3,55,72,23,3.130434782608696
cairo_heavy_hex_27,r23,efficient_su2,4,0,11,38,8,4.75
cairo_heavy_hex_27,r23,efficient_su2,4,0,22,42,8,5.25
cairo_heavy_hex_27,r23,efficient_su2,4,0,33,47,8,5.875
cairo_heavy_hex_27,r23,efficient_su2,4,0,44,37,8,4.625
cairo_heavy_hex_27,r23,efficient_su2,4,0,55,42,8,5.25
cairo_heavy_hex_27,r23,efficient_su2,4,1,11,17,8,2.125
cairo_heavy_hex_27,r23,efficient_su2,4,1,22,17,8,2.125
cairo_heavy_hex_27,r23,efficient_su2,4,1,33,16,8,2.0
cairo_heavy_hex_27,r23,efficient_su2,4,1,44,17,8,2.125
cairo_heavy_hex_27,r23,efficient_su2,4,1,55,17,8,2.125
cairo_heavy_hex_27,r23,efficient_su2,4,3,11,17,8,2.125
cairo_heavy_hex_27,r23,efficient_su2,4,3,22,17,8,2.125
cairo_heavy_hex_27,r23,efficient_su2,4,3,33,17,8,2.125
cairo_heavy_hex_27,r23,efficient_su2,4,3,44,14,8,1.75
cairo_heavy_hex_27,r23,efficient_su2,4,3,55,17,8,2.125
cairo_heavy_hex_27,r23,efficient_su2,8,0,11,72,16,4.5
cairo_heavy_hex_27,r23,efficient_su2,8,0,22,80,16,5.0
cairo_heavy_hex_27,r23,efficient_su2,8,0,33,83,16,5.1875
cairo_heavy_hex_27,r23,efficient_su2,8,0,44,78,16,4.875
cairo_heavy_hex_27,r23,efficient_su2,8,0,55,59,16,3.6875
cairo_heavy_hex_27,r23,efficient_su2,8,1,11,40,16,2.5
cairo_heavy_hex_27,r23,efficient_su2,8,1,22,40,16,2.5
cairo_heavy_hex_27,r23,efficient_su2,8,1,33,40,16,2.5
cairo_heavy_hex_27,r23,efficient_su2,8,1,44,40,16,2.5
cairo_heavy_hex_27,r23,efficient_su2,8,1,55,40,16,2.5
cairo_heavy_hex_27,r23,efficient_su2,8,3,11,40,16,2.5
cairo_heavy_hex_27,r23,efficient_su2,8,3,22,40,16,2.5
cairo_heavy_hex_27,r23,efficient_su2,8,3,33,40,16,2.5
cairo_heavy_hex_27,r23,efficient_su2,8,3,44,40,16,2.5
cairo_heavy_hex_27,r23,efficient_su2,8,3,55,40,16,2.5
cairo_heavy_hex_27,r23,efficient_su2,12,0,11,126,24,5.25
cairo_heavy_hex_27,r23,efficient_su2,12,0,22,154,24,6.416666666666667
cairo_heavy_hex_27,r23,efficient_su2,12,0,33,164,24,6.833333333333333
cairo_heavy_hex_27,r23,efficient_su2,12,0,44,139,24,5.791666666666667
cairo_heavy_hex_27,r23,efficient_su2,12,0,55,174,24,7.25
cairo_heavy_hex_27,r23,efficient_su2,12,1,11,24,24,1.0
cairo_heavy_hex_27,r23,efficient_su2,12,1,22,24,24,1.0
cairo_heavy_hex_27,r23,efficient_su2,12,1,33,24,24,1.0
cairo_heavy_hex_27,r23,efficient_su2,12,1,44,24,24,1.0
cairo_heavy_hex_27,r23,efficient_su2,12,1,55,24,24,1.0
cairo_heavy_hex_27,r23,efficient_su2,12,3,11,24,24,1.0
cairo_heavy_hex_27,r23,efficient_su2,12,3,22,24,24,1.0
cairo_heavy_hex_27,r23,efficient_su2,12,3,33,24,24,1.0
cairo_heavy_hex_27,r23,efficient_su2,12,3,44,24,24,1.0
cairo_heavy_hex_27,r23,efficient_su2,12,3,55,24,24,1.0
cairo_heavy_hex_27,r23,efficient_su2,16,0,11,213,32,6.65625
cairo_heavy_hex_27,r23,efficient_su2,16,0,22,203,32,6.34375
cairo_heavy_hex_27,r23,efficient_su2,16,0,33,224,32,7.0
cairo_heavy_hex_27,r23,efficient_su2,16,0,44,196,32,6.125
cairo_heavy_hex_27,r23,efficient_su2,16,0,55,212,32,6.625
cairo_heavy_hex_27,r23,efficient_su2,16,1,11,89,32,2.78125
cairo_heavy_hex_27,r23,efficient_su2,16,1,22,114,32,3.5625
cairo_heavy_hex_27,r23,efficient_su2,16,1,33,104,32,3.25
cairo_heavy_hex_27,r23,efficient_su2,16,1,44,80,32,2.5
cairo_heavy_hex_27,r23,efficient_su2,16,1,55,116,32,3.625
cairo_heavy_hex_27,r23,efficient_su2,16,3,11,72,32,2.25
cairo_heavy_hex_27,r23,efficient_su2,16,3,22,71,32,2.21875
cairo_heavy_hex_27,r23,efficient_su2,16,3,33,80,32,2.5
cairo_heavy_hex_27,r23,efficient_su2,16,3,44,64,32,2.0
cairo_heavy_hex_27,r23,efficient_su2,16,3,55,63,32,1.96875
cairo_heavy_hex_27,r23,efficient_su2,20,0,11,279,40,6.975
cairo_heavy_hex_27,r23,efficient_su2,20,0,22,258,40,6.45
cairo_heavy_hex_27,r23,efficient_su2,20,0,33,276,40,6.9
cairo_heavy_hex_27,r23,efficient_su2,20,0,44,262,40,6.55
cairo_heavy_hex_27,r23,efficient_su2,20,0,55,248,40,6.2
cairo_heavy_hex_27,r23,efficient_su2,20,1,11,40,40,1.0
cairo_heavy_hex_27,r23,efficient_su2,20,1,22,40,40,1.0
cairo_heavy_hex_27,r23,efficient_su2,20,1,33,40,40,1.0
cairo_heavy_hex_27,r23,efficient_su2,20,1,44,40,40,1.0
cairo_heavy_hex_27,r23,efficient_su2,20,1,55,40,40,1.0
cairo_heavy_hex_27,r23,efficient_su2,20,3,11,40,40,1.0
cairo_heavy_hex_27,r23,efficient_su2,20,3,22,40,40,1.0
cairo_heavy_hex_27,r23,efficient_su2,20,3,33,40,40,1.0
cairo_heavy_hex_27,r23,efficient_su2,20,3,44,40,40,1.0
cairo_heavy_hex_27,r23,efficient_su2,20,3,55,40,40,1.0
cairo_heavy_hex_27,r23,efficient_su2,24,0,11,291,48,6.0625
cairo_heavy_hex_27,r23,efficient_su2,24,0,22,359,48,7.479166666666667
cairo_heavy_hex_27,r23,efficient_su2,24,0,33,308,48,6.416666666666667
cairo_heavy_hex_27,r23,efficient_su2,24,0,44,287,48,5.979166666666667
cairo_heavy_hex_27,r23,efficient_su2,24,0,55,354,48,7.375
cairo_heavy_hex_27,r23,efficient_su2,24,1,11,159,48,3.3125
cairo_heavy_hex_27,r23,efficient_su2,24,1,22,169,48,3.5208333333333335
cairo_heavy_hex_27,r23,efficient_su2,24,1,33,120,48,2.5
cairo_heavy_hex_27,r23,efficient_su2,24,1,44,156,48,3.25
cairo_heavy_hex_27,r23,efficient_su2,24,1,55,174,48,3.625
cairo_heavy_hex_27,r23,efficient_su2,24,3,11,136,48,2.8333333333333335
cairo_heavy_hex_27,r23,efficient_su2,24,3,22,115,48,2.3958333333333335
cairo_heavy_hex_27,r23,efficient_su2,24,3,33,64,48,1.3333333333333333
cairo_heavy_hex_27,r23,efficient_su2,24,3,44,94,48,1.9583333333333333
cairo_heavy_hex_27,r23,efficient_su2,24,3,55,130,48,2.7083333333333335
